<?xml version="1.0" encoding="UTF-8"?><vehicle data_version="2" is_advanced="true" is_static="false" bodies_id="60"><editor_placement_offset x="0" y="0" z="0"/><authors/><bodies><body unique_id="58"><initial_local_transform 00="1" 01="0" 02="0" 03="0" 10="0" 11="1" 12="0" 13="0" 20="0" 21="0" 22="1" 23="0" 30="0" 31="0" 32="0" 33="1"/><local_transform 00="1" 01="0" 02="0" 03="0" 10="0" 11="1" 12="0" 13="0" 20="0" 21="0" 22="1" 23="0" 30="0" 31="0" 32="0" 33="1"/><components><c d="multibody_pivot_b" t="0"><o r="0,-1,0,0,0,1,-1,0,0" bc="454545FF" ac="454545FF" sc="5" custom_name="" max_force_scalar="1" gear_ratio="2" input_velocity="1"><vp x="0" y="15" z="7"/><logic_slots><slot value="0"/><slot value="false"/><slot value="false"/><slot value="0"/></logic_slots></o></c><c d="01_block" t="0"><o r="-1,0,0,0,-1,0,0,0,1" bc="454545FF" ac="454545FF" sc="6"><vp x="0" y="14" z="7"/></o></c><c d="01_block" t="0"><o r="-1,0,0,0,-1,0,0,0,1" bc="454545FF" ac="454545FF" sc="6"><vp x="0" y="13" z="7"/></o></c><c d="01_block" t="0"><o r="-1,0,0,0,-1,0,0,0,1" bc="454545FF" ac="454545FF" sc="6"><vp x="0" y="12" z="7"/></o></c><c d="connector_electric" t="0"><o r="-1,0,0,0,0,-1,0,-1,0" bc="454545FF" ac="454545FF" sc="5" custom_name=""><vp x="0" y="11" z="7"/><logic_slots><slot value="false"/><slot value="false"/><slot value="false"/><slot value="false"/><slot value="0"/><slot value="0"/><slot><value bools="0" 01="0" 02="0" 03="0" 04="0" 05="0" 06="0" 07="0" 08="0" 09="0" 10="0" 11="0" 12="0" 13="0" 14="0" 15="0" 16="0" 17="0" 18="0" 19="0" 20="0" 21="0" 22="0" 23="0" 24="0" 25="0" 26="0" 27="0" 28="0" 29="0" 30="0" 31="0" 32="0"/></slot><slot><value bools="0" 01="0" 02="0" 03="0" 04="0" 05="0" 06="0" 07="0" 08="0" 09="0" 10="0" 11="0" 12="0" 13="0" 14="0" 15="0" 16="0" 17="0" 18="0" 19="0" 20="0" 21="0" 22="0" 23="0" 24="0" 25="0" 26="0" 27="0" 28="0" 29="0" 30="0" 31="0" 32="0"/></slot><slot><value/></slot><slot><value/></slot></logic_slots></o></c></components></body><body unique_id="57"><initial_local_transform 00="1" 01="0" 02="0" 03="0" 10="0" 11="1" 12="0" 13="0" 20="0" 21="0" 22="1" 23="0" 30="0" 31="0" 32="0" 33="1"/><local_transform 00="1" 01="0" 02="0" 03="0" 10="0" 11="1" 12="0" 13="0" 20="0" 21="0" 22="1" 23="0" 30="0" 31="0" 32="0" 33="1"/><components><c d="01_block" t="0"><o r="1,0,0,0,0,1,0,-1,0" bc="454545FF" ac="454545FF" sc="6"><vp x="0" y="18" z="4"/></o></c><c d="01_block" t="0"><o r="1,0,0,0,0,1,0,-1,0" bc="454545FF" ac="454545FF" sc="6"><vp x="0" y="17" z="4"/></o></c><c d="01_block" t="0"><o r="1,0,0,0,0,1,0,-1,0" bc="454545FF" ac="454545FF" sc="6"><vp x="0" y="16" z="4"/></o></c><c d="01_block" t="2"><o r="1,0,0,0,0,1,0,-1,0" bc="454545FF" ac="454545FF" sc="6"><vp x="0" y="18" z="-4"/></o></c><c d="01_block" t="2"><o r="1,0,0,0,0,1,0,-1,0" bc="454545FF" ac="454545FF" sc="6"><vp x="0" y="17" z="-4"/></o></c><c d="01_block" t="2"><o r="1,0,0,0,0,1,0,-1,0" bc="454545FF" ac="454545FF" sc="6"><vp x="0" y="16" z="-4"/></o></c><c d="connector_small" t="0"><o r="-1,0,0,0,-1,0,0,0,1" bc="454545FF" ac="454545FF" sc="5" custom_name=""><vp x="0" y="15" z="4"/><logic_slots><slot value="false"/><slot value="false"/><slot value="false"/><slot value="false"/><slot value="0"/><slot value="0"/><slot><value bools="0" 01="0" 02="0" 03="0" 04="0" 05="0" 06="0" 07="0" 08="0" 09="0" 10="0" 11="0" 12="0" 13="0" 14="0" 15="0" 16="0" 17="0" 18="0" 19="0" 20="0" 21="0" 22="0" 23="0" 24="0" 25="0" 26="0" 27="0" 28="0" 29="0" 30="0" 31="0" 32="0"/></slot><slot><value bools="0" 01="0" 02="0" 03="0" 04="0" 05="0" 06="0" 07="0" 08="0" 09="0" 10="0" 11="0" 12="0" 13="0" 14="0" 15="0" 16="0" 17="0" 18="0" 19="0" 20="0" 21="0" 22="0" 23="0" 24="0" 25="0" 26="0" 27="0" 28="0" 29="0" 30="0" 31="0" 32="0"/></slot><slot><value/></slot><slot><value/></slot></logic_slots></o></c><c d="connector_small" t="4"><o r="-1,0,0,0,-1,0,0,0,1" bc="454545FF" ac="454545FF" sc="5" custom_name=""><vp x="0" y="15" z="-4"/><logic_slots><slot value="false"/><slot value="false"/><slot value="false"/><slot value="false"/><slot value="0"/><slot value="0"/><slot><value bools="0" 01="0" 02="0" 03="0" 04="0" 05="0" 06="0" 07="0" 08="0" 09="0" 10="0" 11="0" 12="0" 13="0" 14="0" 15="0" 16="0" 17="0" 18="0" 19="0" 20="0" 21="0" 22="0" 23="0" 24="0" 25="0" 26="0" 27="0" 28="0" 29="0" 30="0" 31="0" 32="0"/></slot><slot><value bools="0" 01="0" 02="0" 03="0" 04="0" 05="0" 06="0" 07="0" 08="0" 09="0" 10="0" 11="0" 12="0" 13="0" 14="0" 15="0" 16="0" 17="0" 18="0" 19="0" 20="0" 21="0" 22="0" 23="0" 24="0" 25="0" 26="0" 27="0" 28="0" 29="0" 30="0" 31="0" 32="0"/></slot><slot><value/></slot><slot><value/></slot></logic_slots></o></c><c d="05_wedge_2" t="0"><o r="-1,0,0,0,0,-1,0,-1,0" bc="454545FF" ac="454545FF" sc="9"><vp x="0" y="19" z="4"/></o></c><c d="05_wedge_2" t="7"><o r="-1,0,0,0,0,-1,0,-1,0" bc="454545FF" ac="454545FF" sc="9"><vp x="0" y="20" z="5"/></o></c><c d="05_wedge_2" t="0"><o r="-1,0,0,0,0,-1,0,-1,0" bc="454545FF" ac="454545FF" sc="9"><vp x="0" y="21" z="5"/></o></c><c d="05_wedge_2" t="2"><o r="-1,0,0,0,0,-1,0,-1,0" bc="454545FF" ac="454545FF" sc="9"><vp x="0" y="19" z="-4"/></o></c><c d="05_wedge_2" t="5"><o r="-1,0,0,0,0,-1,0,-1,0" bc="454545FF" ac="454545FF" sc="9"><vp x="0" y="20" z="-5"/></o></c><c d="05_wedge_2" t="2"><o r="-1,0,0,0,0,-1,0,-1,0" bc="454545FF" ac="454545FF" sc="9"><vp x="0" y="21" z="-5"/></o></c><c d="05_wedge_2" t="0"><o r="-1,0,0,0,0,1,0,1,0" bc="454545FF" ac="454545FF" sc="9"><vp x="0" y="22" z="6"/></o></c><c d="05_wedge_2" t="2"><o r="-1,0,0,0,0,1,0,1,0" bc="454545FF" ac="454545FF" sc="9"><vp x="0" y="22" z="-6"/></o></c><c d="01_block" t="0"><o r="1,0,0,0,1,0,0,0,1" bc="454545FF" ac="454545FF" sc="6"><vp x="0" y="23" z="6"/></o></c><c d="01_block" t="4"><o r="1,0,0,0,1,0,0,0,1" bc="454545FF" ac="454545FF" sc="6"><vp x="0" y="23" z="-6"/></o></c><c d="01_block" t="4"><o r="1,0,0,0,1,0,0,0,1" bc="454545FF" ac="454545FF" sc="6"><vp x="0" y="24" z="-6"/></o></c><c d="multibody_pivot_a" t="0"><o r="0,-1,0,0,0,1,-1,0,0" bc="454545FF" ac="454545FF" sc="5" custom_name="" max_force_scalar="1" gear_ratio="2" input_velocity="1"><vp x="0" y="15" z="5"/><logic_slots><slot value="0"/><slot value="false"/><slot value="false"/><slot value="0"/></logic_slots></o></c><c d="05_wedge_2" t="0"><o r="1,0,0,0,0,1,0,-1,0" bc="454545FF" ac="454545FF" sc="9"><vp x="0" y="25" z="6"/></o></c><c d="05_wedge_2" t="7"><o r="1,0,0,0,0,1,0,-1,0" bc="454545FF" ac="454545FF" sc="9"><vp x="0" y="26" z="5"/></o></c><c d="05_wedge_2" t="2"><o r="1,0,0,0,0,1,0,-1,0" bc="454545FF" ac="454545FF" sc="9"><vp x="0" y="25" z="-6"/></o></c><c d="05_wedge_2" t="5"><o r="1,0,0,0,0,1,0,-1,0" bc="454545FF" ac="454545FF" sc="9"><vp x="0" y="26" z="-5"/></o></c><c d="02_wedge" t="0"><o r="-1,0,0,0,1,0,0,0,-1" bc="454545FF" ac="454545FF" sc="5"><vp x="0" y="27" z="5"/></o></c><c d="02_wedge" t="7"><o r="-1,0,0,0,1,0,0,0,-1" bc="454545FF" ac="454545FF" sc="5"><vp x="0" y="27" z="4"/></o></c><c d="02_wedge" t="0"><o r="-1,0,0,0,1,0,0,0,-1" bc="454545FF" ac="454545FF" sc="5"><vp x="0" y="28" z="4"/></o></c><c d="02_wedge" t="7"><o r="-1,0,0,0,1,0,0,0,-1" bc="454545FF" ac="454545FF" sc="5"><vp x="0" y="28" z="3"/></o></c><c d="02_wedge" t="0"><o r="-1,0,0,0,1,0,0,0,-1" bc="454545FF" ac="454545FF" sc="5"><vp x="0" y="29" z="3"/></o></c><c d="02_wedge" t="4"><o r="-1,0,0,0,1,0,0,0,-1" bc="454545FF" ac="454545FF" sc="5"><vp x="0" y="27" z="-5"/></o></c><c d="02_wedge" t="3"><o r="-1,0,0,0,1,0,0,0,-1" bc="454545FF" ac="454545FF" sc="5"><vp x="0" y="27" z="-4"/></o></c><c d="02_wedge" t="4"><o r="-1,0,0,0,1,0,0,0,-1" bc="454545FF" ac="454545FF" sc="5"><vp x="0" y="28" z="-4"/></o></c><c d="02_wedge" t="3"><o r="-1,0,0,0,1,0,0,0,-1" bc="454545FF" ac="454545FF" sc="5"><vp x="0" y="28" z="-3"/></o></c><c d="02_wedge" t="4"><o r="-1,0,0,0,1,0,0,0,-1" bc="454545FF" ac="454545FF" sc="5"><vp x="0" y="29" z="-3"/></o></c><c d="01_block" t="0"><o r="1,0,0,0,0,1,0,-1,0" bc="454545FF" ac="454545FF" sc="6"><vp x="0" y="29" z="-2"/></o></c><c d="01_block" t="0"><o r="1,0,0,0,0,1,0,-1,0" bc="454545FF" ac="454545FF" sc="6"><vp x="0" y="29" z="-1"/></o></c><c d="01_block" t="0"><o r="1,0,0,0,0,1,0,-1,0" bc="454545FF" ac="454545FF" sc="6"><vp x="0" y="29" z="0"/></o></c><c d="01_block" t="0"><o r="1,0,0,0,0,1,0,-1,0" bc="454545FF" ac="454545FF" sc="6"><vp x="0" y="29" z="1"/></o></c><c d="01_block" t="0"><o r="1,0,0,0,0,1,0,-1,0" bc="454545FF" ac="454545FF" sc="6"><vp x="0" y="29" z="2"/></o></c><c d="connector_small" t="0"><o r="1,0,0,0,1,0,0,0,1" bc="454545FF" ac="454545FF" sc="5" custom_name=""><vp x="0" y="30" z="0"/><logic_slots><slot value="false"/><slot value="false"/><slot value="false"/><slot value="false"/><slot value="0"/><slot value="0"/><slot><value bools="0" 01="0" 02="0" 03="0" 04="0" 05="0" 06="0" 07="0" 08="0" 09="0" 10="0" 11="0" 12="0" 13="0" 14="0" 15="0" 16="0" 17="0" 18="0" 19="0" 20="0" 21="0" 22="0" 23="0" 24="0" 25="0" 26="0" 27="0" 28="0" 29="0" 30="0" 31="0" 32="0"/></slot><slot><value bools="0" 01="0" 02="0" 03="0" 04="0" 05="0" 06="0" 07="0" 08="0" 09="0" 10="0" 11="0" 12="0" 13="0" 14="0" 15="0" 16="0" 17="0" 18="0" 19="0" 20="0" 21="0" 22="0" 23="0" 24="0" 25="0" 26="0" 27="0" 28="0" 29="0" 30="0" 31="0" 32="0"/></slot><slot><value/></slot><slot><value/></slot></logic_slots></o></c><c d="connector_electric" t="0"><o r="1,0,0,0,1,0,0,0,1" bc="454545FF" ac="454545FF" sc="5" custom_name=""><vp x="0" y="30" z="1"/><logic_slots><slot value="false"/><slot value="false"/><slot value="false"/><slot value="false"/><slot value="0"/><slot value="0"/><slot><value bools="0" 01="0" 02="0" 03="0" 04="0" 05="0" 06="0" 07="0" 08="0" 09="0" 10="0" 11="0" 12="0" 13="0" 14="0" 15="0" 16="0" 17="0" 18="0" 19="0" 20="0" 21="0" 22="0" 23="0" 24="0" 25="0" 26="0" 27="0" 28="0" 29="0" 30="0" 31="0" 32="0"/></slot><slot><value bools="0" 01="0" 02="0" 03="0" 04="0" 05="0" 06="0" 07="0" 08="0" 09="0" 10="0" 11="0" 12="0" 13="0" 14="0" 15="0" 16="0" 17="0" 18="0" 19="0" 20="0" 21="0" 22="0" 23="0" 24="0" 25="0" 26="0" 27="0" 28="0" 29="0" 30="0" 31="0" 32="0"/></slot><slot><value/></slot><slot><value/></slot></logic_slots></o></c><c d="connector_small" t="0"><o r="1,0,0,0,0,1,0,-1,0" bc="454545FF" ac="454545FF" sc="5" custom_name=""><vp x="0" y="24" z="6"/><logic_slots><slot value="false"/><slot value="false"/><slot value="false"/><slot value="false"/><slot value="0"/><slot value="0"/><slot><value bools="0" 01="0" 02="0" 03="0" 04="0" 05="0" 06="0" 07="0" 08="0" 09="0" 10="0" 11="0" 12="0" 13="0" 14="0" 15="0" 16="0" 17="0" 18="0" 19="0" 20="0" 21="0" 22="0" 23="0" 24="0" 25="0" 26="0" 27="0" 28="0" 29="0" 30="0" 31="0" 32="0"/></slot><slot><value bools="0" 01="0" 02="0" 03="0" 04="0" 05="0" 06="0" 07="0" 08="0" 09="0" 10="0" 11="0" 12="0" 13="0" 14="0" 15="0" 16="0" 17="0" 18="0" 19="0" 20="0" 21="0" 22="0" 23="0" 24="0" 25="0" 26="0" 27="0" 28="0" 29="0" 30="0" 31="0" 32="0"/></slot><slot><value/></slot><slot><value/></slot></logic_slots></o></c></components></body></bodies><logic_node_links><logic_node_link type="4"><voxel_pos_0 x="0" y="30" z="1"/><voxel_pos_1 x="0" y="30" z="0"/></logic_node_link><logic_node_link type="4"><voxel_pos_0 x="0" y="30" z="1"/><voxel_pos_1 x="0" y="24" z="6"/></logic_node_link><logic_node_link type="4"><voxel_pos_0 x="0" y="24" z="6"/><voxel_pos_1 x="0" y="15" z="4"/></logic_node_link><logic_node_link type="4"><voxel_pos_0 x="0" y="15" z="4"/><voxel_pos_1 x="0" y="11" z="7"/></logic_node_link></logic_node_links></vehicle>