<?xml version="1.0" encoding="UTF-8"?><vehicle data_version="2" is_advanced="true" is_static="false" bodies_id="2"><editor_placement_offset x="0" y="0" z="0"/><authors/><bodies><body unique_id="2"><initial_local_transform 00="1" 01="0" 02="0" 03="0" 10="0" 11="1" 12="0" 13="0" 20="0" 21="0" 22="1" 23="0" 30="0" 31="0" 32="0" 33="1"/><local_transform 00="1" 01="0" 02="0" 03="0" 10="0" 11="1" 12="0" 13="0" 20="0" 21="0" 22="1" 23="0" 30="0" 31="0" 32="0" 33="1"/><components><c d="01_block" t="0"><o r="0,0,1,-1,0,0,0,-1,0" bc="FFFFFFFF" ac="FFFFFFFF" sc="6"><vp x="-2" y="-1" z="-1"/></o></c><c d="01_block" t="2"><o r="0,0,1,-1,0,0,0,-1,0" bc="FFFFFFFF" ac="FFFFFFFF" sc="6"><vp x="2" y="-1" z="-3"/></o></c><c d="01_block" t="2"><o r="0,0,1,-1,0,0,0,-1,0" bc="FFFFFFFF" ac="FFFFFFFF" sc="6"><vp x="2" y="-1" z="-2"/></o></c><c d="wheel_advanced_3_sus" t="2"><o r="0,0,1,-1,0,0,0,-1,0" bc="FFFFFFFF" ac="FFFFFFFF" sc="1" custom_name="" grip_factor="1" stiffness_factor="1" damping_factor="0.3" tire_type="2" wheel_size="1" tyre_pressure="1"><vp x="1" y="-1" z="2"/><logic_slots><slot value="false"/><slot value="0"/><slot value="0"/></logic_slots></o></c><c d="01_block" t="0"><o r="1,0,0,0,0,1,0,-1,0" bc="FFFFFFFF" ac="FFFFFFFF" sc="6"><vp x="-2" y="-1" z="0"/></o></c><c d="01_block" t="1"><o r="1,0,0,0,0,1,0,-1,0" bc="FFFFFFFF" ac="FFFFFFFF" sc="6"><vp x="2" y="-1" z="0"/></o></c><c d="01_block" t="0"><o r="1,0,0,0,0,1,0,-1,0" bc="FFFFFFFF" ac="FFFFFFFF" sc="6"><vp x="-2" y="-1" z="1"/></o></c><c d="01_block" t="1"><o r="1,0,0,0,0,1,0,-1,0" bc="FFFFFFFF" ac="FFFFFFFF" sc="6"><vp x="2" y="-1" z="1"/></o></c><c d="seat_racing" t="0"><o r="1,0,0,0,1,0,0,0,1" bc="FFFFFFFF" ac="FFFFFFFF" sc="14" custom_name="" hotkey_0="1" hotkey_0_label="" hotkey_1="0" hotkey_1_label="" hotkey_2="0" hotkey_2_label="" hotkey_3="0" hotkey_3_label="" hotkey_4="0" hotkey_4_label="" hotkey_5="0" hotkey_5_label="" hotkey_6="0" hotkey_6_label="" hotkey_7="0" hotkey_7_label="" hotkey_8="0" hotkey_8_label="" hotkey_9="0" hotkey_9_label="" hotkey_10="0" hotkey_10_label="" hotkey_11="0" hotkey_11_label="" hotkey_12="0" hotkey_12_label="" hotkey_13="0" hotkey_13_label="" hotkey_14="0" hotkey_14_label="" hotkey_15="0" hotkey_15_label="" hotkey_16="0" hotkey_16_label="" hotkey_17="0" hotkey_17_label="" hotkey_18="0" hotkey_18_label="" hotkey_19="0" hotkey_19_label="" hotkey_20="0" hotkey_20_label="" hotkey_21="0" hotkey_21_label="" hotkey_22="0" hotkey_22_label="" hotkey_23="0" hotkey_23_label="" hotkey_24="0" hotkey_24_label="" hotkey_25="0" hotkey_25_label="" hotkey_26="0" hotkey_26_label="" hotkey_27="0" hotkey_27_label="" hotkey_28="0" hotkey_28_label="" hotkey_29="0" hotkey_29_label="" hotkey_30="0" hotkey_30_label="" hotkey_31="0" hotkey_31_label="" hotkey_32="0" hotkey_32_label="" hotkey_33="0" hotkey_33_label="" hotkey_34="0" hotkey_34_label="" hotkey_35="0" hotkey_35_label="" hotkey_36="0" hotkey_36_label="" hotkey_37="0" hotkey_37_label="" hotkey_38="0" hotkey_38_label="" hotkey_39="0" hotkey_39_label="" hotkey_40="0" hotkey_40_label="" hotkey_41="0" hotkey_41_label="" hotkey_42="0" hotkey_42_label="" hotkey_43="0" hotkey_43_label="" hotkey_44="0" hotkey_44_label="" hotkey_45="0" hotkey_45_label="" hotkey_46="0" hotkey_46_label="" hotkey_47="0" hotkey_47_label="" control_mode_0="0" control_mode_0_label="" control_mode_1="1" control_mode_1_label="" control_mode_2="0" control_mode_2_label="" control_mode_3="0" control_mode_3_label="" control_mode_4="0" control_mode_4_label="" control_mode_5="0" control_mode_5_label="" control_mode_6="0" control_mode_6_label="" control_mode_7="0" control_mode_7_label=""><vp x="0" y="-1" z="0"/><logic_slots><slot value="0"/><slot value="0"/><slot value="0"/><slot value="0"/><slot value="0"/><slot value="0"/><slot value="0"/><slot value="0"/><slot value="false"/><slot value="false"/><slot value="false"/><slot value="false"/><slot value="false"/><slot value="false"/><slot value="false"/><slot value="false"/><slot value="false"/><slot value="false"/><slot value="false"/><slot value="false"/><slot value="false"/><slot value="false"/><slot value="false"/><slot value="false"/><slot value="false"/><slot value="false"/><slot value="false"/><slot value="false"/><slot value="false"/><slot value="false"/><slot value="false"/><slot value="false"/><slot value="false"/><slot value="false"/><slot value="false"/><slot value="false"/><slot value="false"/><slot value="false"/><slot value="false"/><slot value="false"/><slot value="false"/><slot value="false"/><slot value="false"/><slot value="false"/><slot value="false"/><slot value="false"/><slot value="false"/><slot value="false"/><slot value="false"/><slot value="false"/><slot value="false"/><slot value="false"/><slot value="false"/><slot value="false"/><slot value="false"/><slot value="false"/><slot value="false"/><slot><value bools="0" 01="0" 02="0" 03="0" 04="0" 05="0" 06="0" 07="0" 08="0" 09="0" 10="0" 11="0" 12="0" 13="0" 14="0" 15="0" 16="0" 17="0" 18="0" 19="0" 20="0" 21="0" 22="0" 23="0" 24="0" 25="0" 26="0" 27="0" 28="0" 29="0" 30="0" 31="0" 32="0"/></slot></logic_slots><trim_x_display text="0" value="0"/><trim_y_display text="0" value="0"/><trim_z_display text="0" value="0"/><trim_w_display text="0" value="0"/><axis_sensitivity x="0.1" y="0.1" z="0.1" w="0.1"/></o></c><c d="engine" t="0"><o r="1,0,0,0,0,-1,0,1,0" bc="FFFFFFFF" ac="FFFFFFFF" sc="15" custom_name="" max_force_scale="0.25" rps_limit="15"><vp x="0" y="0" z="-3"/><logic_slots><slot value="0"/><slot value="false"/><slot value="0"/><slot value="0"/></logic_slots></o></c><c d="fluid_tank_small" t="0"><o r="-1,0,0,0,1,0,0,0,-1" bc="FFFFFFFF" ac="FFFFFFFF" sc="10" custom_name="" fluid_type="1" fluid_filter="4294967295"><vp x="-2" y="0" z="-5"/><logic_slots><slot value="0"/><slot value="0"/><slot value="false"/><slot value="0"/><slot value="0"/><slot value="0"/></logic_slots></o></c><c d="fluid_tank_small" t="1"><o r="-1,0,0,0,1,0,0,0,-1" bc="FFFFFFFF" ac="FFFFFFFF" sc="10" custom_name="" fluid_type="1" fluid_filter="4294967295"><vp x="2" y="0" z="-5"/><logic_slots><slot value="0"/><slot value="0"/><slot value="false"/><slot value="0"/><slot value="0"/><slot value="0"/></logic_slots></o></c><c d="fluid_tank_small" t="0"><o r="-1,0,0,0,1,0,0,0,-1" bc="FFFFFFFF" ac="FFFFFFFF" sc="10" custom_name="" fluid_type="1" fluid_filter="4294967295"><vp x="-2" y="0" z="-3"/><logic_slots><slot value="0"/><slot value="0"/><slot value="false"/><slot value="0"/><slot value="0"/><slot value="0"/></logic_slots></o></c><c d="fluid_tank_small" t="1"><o r="-1,0,0,0,1,0,0,0,-1" bc="FFFFFFFF" ac="FFFFFFFF" sc="10" custom_name="" fluid_type="1" fluid_filter="4294967295"><vp x="2" y="0" z="-3"/><logic_slots><slot value="0"/><slot value="0"/><slot value="false"/><slot value="0"/><slot value="0"/><slot value="0"/></logic_slots></o></c><c d="trans_angle" t="0"><o r="0,1,0,0,0,-1,-1,0,0" bc="FFFFFFFF" ac="FFFFFFFF" sc="2" custom_name=""><vp x="-1" y="2" z="-4"/></o></c><c d="trans_straight" t="0"><o r="0,0,1,-1,0,0,0,-1,0" bc="FFFFFFFF" ac="FFFFFFFF" sc="2" custom_name=""><vp x="2" y="1" z="-4"/></o></c><c d="trans_straight" t="2"><o r="0,0,1,-1,0,0,0,-1,0" bc="FFFFFFFF" ac="FFFFFFFF" sc="2" custom_name=""><vp x="-2" y="1" z="-4"/></o></c><c d="trans_angle" t="0"><o r="1,0,0,0,0,1,0,-1,0" bc="FFFFFFFF" ac="FFFFFFFF" sc="2" custom_name=""><vp x="-1" y="2" z="-5"/></o></c><c d="trans_angle" t="0"><o r="-1,0,0,0,-1,0,0,0,1" bc="FFFFFFFF" ac="FFFFFFFF" sc="2" custom_name=""><vp x="-2" y="2" z="-5"/></o></c><c d="water_inlet" t="0"><o r="1,0,0,0,1,0,0,0,1" bc="FFFFFFFF" ac="FFFFFFFF" sc="5" custom_name="" fluid_type="1" fluid_filter="4294967295"><vp x="0" y="2" z="-5"/><logic_slots><slot value="0"/><slot value="0"/><slot value="false"/><slot value="0"/><slot value="0"/><slot value="0"/></logic_slots></o></c><c d="fluid_radiator" t="0"><o r="-1,0,0,0,1,0,0,0,-1" bc="FFFFFFFF" ac="FFFFFFFF" sc="23" custom_name="" fluid_type="1" fluid_filter="4294967295"><vp x="0" y="1" z="-2"/><logic_slots><slot value="0"/><slot value="0"/><slot value="false"/><slot value="0"/><slot value="0"/><slot value="0"/></logic_slots></o></c><c d="trans_angle" t="0"><o r="0,1,0,0,0,1,1,0,0" bc="FFFFFFFF" ac="FFFFFFFF" sc="2" custom_name=""><vp x="1" y="2" z="-3"/></o></c><c d="trans_angle" t="4"><o r="0,1,0,0,0,1,1,0,0" bc="FFFFFFFF" ac="FFFFFFFF" sc="2" custom_name=""><vp x="-1" y="2" z="-3"/></o></c><c d="battery_small" t="0"><o r="0,0,1,0,1,0,-1,0,0" bc="FFFFFFFF" ac="FFFFFFFF" sc="2" custom_name="" default_state="false"><vp x="2" y="0" z="0"/><logic_slots><slot value="0"/><slot value="false"/><slot value="0"/></logic_slots></o></c><c d="dial" t="0"><o r="-1,0,0,0,0,-1,0,-1,0" bc="FFFFFFFF" ac="FFFFFFFF" sc="5" custom_name="" decimal_point_pos="3" audio="audio/fx3/stormworks_warningalarm.ogg" volume="1" pitch="1" is_infrared="false"><vp x="1" y="0" z="2"/><logic_slots><slot value="0"/><slot value="0"/><slot value="false"/></logic_slots><min_value text="0" value="0"/><max_value text="20" value="20"/></o></c><c d="dial" t="0"><o r="-1,0,0,0,0,-1,0,-1,0" bc="FFFFFFFF" ac="FFFFFFFF" sc="5" custom_name="" decimal_point_pos="3" audio="audio/fx3/stormworks_warningalarm.ogg" volume="1" pitch="1" is_infrared="false"><vp x="-1" y="0" z="2"/><logic_slots><slot value="0"/><slot value="0"/><slot value="false"/></logic_slots><min_value text="0" value="0"/><max_value text="20" value="20"/></o></c><c d="linear_speed_sensor" t="0"><o r="1,0,0,0,0,1,0,-1,0" bc="FFFFFFFF" ac="FFFFFFFF" sc="5" custom_name="" sensitivity="0.2" timer_scalar_1="0.183" timer_scalar_2="0.183" lss_mode="0" func_type="0" property_text=""><vp x="2" y="-1" z="-1"/><logic_slots><slot value="false"/><slot value="false"/><slot value="0"/><slot value="0"/><slot value="0"/><slot value="false"/><slot value="false"/><slot value="0"/><slot value="0"/><slot value="0"/><slot value="0"/><slot><value bools="0" 01="0" 02="0" 03="0" 04="0" 05="0" 06="0" 07="0" 08="0" 09="0" 10="0" 11="0" 12="0" 13="0" 14="0" 15="0" 16="0" 17="0" 18="0" 19="0" 20="0" 21="0" 22="0" 23="0" 24="0" 25="0" 26="0" 27="0" 28="0" 29="0" 30="0" 31="0" 32="0"/></slot><slot><value/></slot><slot><value/></slot></logic_slots><property_output_float_val text="0" value="0"/><min_threshold text="0" value="0"/><max_threshold text="0" value="0"/><pid_controller_ki text="1" value="1"/><pid_controller_kp text="1" value="1"/><pid_controller_kd text="1" value="1"/><exp text="2" value="2"/><min_lever_value text="-1" value="-1"/><max_lever_value text="1" value="1"/><starting_lever_value text="0" value="0"/></o></c><c d="wheel_advanced_3_sus" t="1"><o r="0,0,1,-1,0,0,0,-1,0" bc="FFFFFFFF" ac="FFFFFFFF" sc="1" custom_name="" grip_factor="1" stiffness_factor="1" damping_factor="0.29" tire_type="2" wheel_size="1" tyre_pressure="1"><vp x="-1" y="-1" z="2"/><logic_slots><slot value="false"/><slot value="0"/><slot value="0"/></logic_slots></o></c><c d="battery_small" t="0"><o r="0,0,1,0,1,0,-1,0,0" bc="FFFFFFFF" ac="FFFFFFFF" sc="2" custom_name="" default_state="false"><vp x="-2" y="0" z="0"/><logic_slots><slot value="0"/><slot value="false"/><slot value="0"/></logic_slots></o></c><c d="trans_angle" t="0"><o r="0,1,0,1,0,0,0,0,-1" bc="FFFFFFFF" ac="FFFFFFFF" sc="2" custom_name=""><vp x="1" y="2" z="-4"/></o></c><c d="trans_angle" t="0"><o r="1,0,0,0,0,-1,0,1,0" bc="FFFFFFFF" ac="FFFFFFFF" sc="2" custom_name=""><vp x="2" y="2" z="-4"/></o></c><c d="fluid_exhaust" t="0"><o r="0,-1,0,0,0,-1,1,0,0" bc="FFFFFFFF" ac="FFFFFFFF" sc="1" custom_name="" fluid_type="1" fluid_filter="4294967295"><vp x="2" y="2" z="-5"/><logic_slots><slot value="0"/><slot value="0"/><slot value="false"/><slot value="0"/><slot value="0"/><slot value="0"/></logic_slots></o></c><c d="trans_t" t="0"><o r="0,0,1,0,1,0,-1,0,0" bc="FFFFFFFF" ac="FFFFFFFF" sc="3" custom_name=""><vp x="-2" y="1" z="-3"/></o></c><c d="trans_t" t="4"><o r="0,0,1,0,1,0,-1,0,0" bc="FFFFFFFF" ac="FFFFFFFF" sc="3" custom_name=""><vp x="2" y="1" z="-3"/></o></c><c d="trans_straight" t="0"><o r="0,1,0,-1,0,0,0,0,1" bc="FFFFFFFF" ac="FFFFFFFF" sc="2" custom_name=""><vp x="-2" y="2" z="-3"/></o></c><c d="trans_straight" t="2"><o r="0,1,0,-1,0,0,0,0,1" bc="FFFFFFFF" ac="FFFFFFFF" sc="2" custom_name=""><vp x="2" y="2" z="-3"/></o></c><c d="trans_straight" t="0"><o r="0,1,0,-1,0,0,0,0,1" bc="FFFFFFFF" ac="FFFFFFFF" sc="2" custom_name=""><vp x="-2" y="3" z="-3"/></o></c><c d="trans_straight" t="2"><o r="0,1,0,-1,0,0,0,0,1" bc="FFFFFFFF" ac="FFFFFFFF" sc="2" custom_name=""><vp x="2" y="3" z="-3"/></o></c><c d="trans_angle" t="0"><o r="0,1,0,1,0,0,0,0,-1" bc="FFFFFFFF" ac="FFFFFFFF" sc="2" custom_name=""><vp x="-2" y="4" z="-3"/></o></c><c d="trans_angle" t="2"><o r="0,1,0,1,0,0,0,0,-1" bc="FFFFFFFF" ac="FFFFFFFF" sc="2" custom_name=""><vp x="2" y="4" z="-3"/></o></c><c d="trans_straight" t="0"><o r="1,0,0,0,1,0,0,0,1" bc="FFFFFFFF" ac="FFFFFFFF" sc="2" custom_name=""><vp x="1" y="4" z="-3"/></o></c><c d="trans_straight" t="1"><o r="1,0,0,0,1,0,0,0,1" bc="FFFFFFFF" ac="FFFFFFFF" sc="2" custom_name=""><vp x="-1" y="4" z="-3"/></o></c><c d="trans_straight" t="0"><o r="1,0,0,0,1,0,0,0,1" bc="FFFFFFFF" ac="FFFFFFFF" sc="2" custom_name=""><vp x="0" y="4" z="-3"/></o></c><c d="trans_t" t="0"><o r="0,0,-1,0,-1,0,-1,0,0" bc="FFFFFFFF" ac="FFFFFFFF" sc="3" custom_name=""><vp x="-2" y="1" z="-5"/></o></c><c d="trans_angle" t="0"><o r="0,1,0,0,0,1,1,0,0" bc="FFFFFFFF" ac="FFFFFFFF" sc="2" custom_name=""><vp x="2" y="1" z="-5"/></o></c><c d="trans_angle" t="0"><o r="0,0,-1,-1,0,0,0,1,0" bc="FFFFFFFF" ac="FFFFFFFF" sc="2" custom_name=""><vp x="0" y="0" z="-6"/></o></c><c d="trans_angle" t="0"><o r="-1,0,0,0,1,0,0,0,-1" bc="FFFFFFFF" ac="FFFFFFFF" sc="2" custom_name=""><vp x="-1" y="0" z="-6"/></o></c><c d="torque_clutch" t="0"><o r="1,0,0,0,1,0,0,0,1" bc="FFFFFFFF" ac="FFFFFFFF" sc="10" custom_name="" gear_ratio_1="1" gear_ratio_2="1"><vp x="-1" y="1" z="-6"/><logic_slots><slot value="0"/><slot value="false"/><slot value="0"/><slot value="0"/></logic_slots></o></c><c d="torque_gearbox_2" t="0"><o r="0,0,1,0,-1,0,1,0,0" bc="FFFFFFFF" ac="FFFFFFFF" sc="16" custom_name="" gear_ratio_1="5" gear_ratio_2="1"><vp x="0" y="2" z="-6"/><logic_slots><slot value="0"/><slot value="false"/><slot value="0"/><slot value="0"/></logic_slots></o></c><c d="trans_straight" t="0"><o r="0,1,0,0,0,-1,-1,0,0" bc="FFFFFFFF" ac="FFFFFFFF" sc="2" custom_name=""><vp x="1" y="0" z="-6"/></o></c><c d="trans_angle" t="0"><o r="0,-1,0,-1,0,0,0,0,-1" bc="FFFFFFFF" ac="FFFFFFFF" sc="2" custom_name=""><vp x="1" y="-1" z="-6"/></o></c><c d="trans_angle" t="0"><o r="0,0,1,1,0,0,0,1,0" bc="FFFFFFFF" ac="FFFFFFFF" sc="2" custom_name=""><vp x="0" y="-1" z="-6"/></o></c><c d="trans_t" t="0"><o r="0,0,-1,-1,0,0,0,1,0" bc="FFFFFFFF" ac="FFFFFFFF" sc="3" custom_name=""><vp x="0" y="-1" z="-7"/></o></c><c d="microprocessor" t="0"><o r="0,0,1,0,1,0,-1,0,0" bc="FFFFFFFF" ac="FFFFFFFF" sc="10" custom_name=""><microprocessor_definition name="Clutch Controller" description="No description set." hide_in_inventory="false" width="2" length="1" id_counter="64" id_counter_node="8" transform_index="0" sym0="0" sym1="16264" sym2="5384" sym3="5396" sym4="5396" sym5="5410" sym6="16290" sym7="0" sym8="4030" sym9="130" sym10="130" sym11="130" sym12="130" sym13="130" sym14="190" sym15="0"><nodes><n id="1" component_id="4" built_slot_index="0"><node label="Clutch Signal" mode="1" type="0" description="Innput of Clutch Active" flags="0"><position x="0" y="0" z="0"/></node></n><n id="7" component_id="15" built_slot_index="0"><node label="Cluch Output" mode="0" type="1" description="The input signal to be processed." flags="0"><position x="1" y="0" z="0"/></node></n></nodes><group id="0"><pos x="0" y="0"/><data type="0" name="" desc=""><inputs/><outputs/></data><components><c type="48"><object id="63" m="0"><pos x="3" y="-3.25"/><in1 component_id="4" node_index="0"/><out1/></object></c><c type="37"><object id="64" m="1"><pos x="4.25" y="-3.25"/><in1 component_id="4" node_index="0"/><in2 component_id="0" node_index="0"/><in3 component_id="63" node_index="0"/><out1/><r text="0" value="0"/><i text=".05" value="0.05"/><min text="0" value="0"/><max text="1" value="1"/></object></c></components><components_bridge><c type="0"><object id="4"><pos x="2" y="-2.75"/><in1 component_id="0" node_index="0"/><out1/></object></c><c type="3"><object id="15"><pos x="5.75" y="-2.75"/><in1 component_id="64" node_index="0"/><out1/></object></c></components_bridge><groups/></group></microprocessor_definition><vp x="0" y="2" z="-4"/><logic_slots><slot value="false"/><slot value="0"/></logic_slots></o></c><c d="trans_angle" t="0"><o r="0,1,0,1,0,0,0,0,-1" bc="FFFFFFFF" ac="FFFFFFFF" sc="2" custom_name=""><vp x="-1" y="3" z="-6"/></o></c><c d="wheel_advanced_3_sus" t="0"><o r="0,0,1,-1,0,0,0,-1,0" bc="FFFFFFFF" ac="FFFFFFFF" sc="1" custom_name="" grip_factor="1" stiffness_factor="1" damping_factor="0.3" tire_type="2" wheel_size="1" tyre_pressure="1"><vp x="-1" y="-1" z="-7"/><logic_slots><slot value="false"/><slot value="0"/><slot value="0"/></logic_slots></o></c><c d="wheel_advanced_3_sus" t="2"><o r="0,0,1,-1,0,0,0,-1,0" bc="FFFFFFFF" ac="FFFFFFFF" sc="1" custom_name="" grip_factor="1" stiffness_factor="1" damping_factor="0.3" tire_type="2" wheel_size="1" tyre_pressure="1"><vp x="1" y="-1" z="-7"/><logic_slots><slot value="false"/><slot value="0"/><slot value="0"/></logic_slots></o></c><c d="gate_float_clamp" t="1"><o r="1,0,0,0,-1,0,0,0,-1" bc="FFFFFFFF" ac="FFFFFFFF" sc="2" custom_name="" sensitivity="0.2" timer_scalar_1="0.183" timer_scalar_2="0.183" lss_mode="0" func_type="0" property_text=""><vp x="2" y="-1" z="-4"/><logic_slots><slot value="false"/><slot value="false"/><slot value="0"/><slot value="0"/><slot value="0"/><slot value="false"/><slot value="false"/><slot value="0"/><slot value="0"/><slot value="0"/><slot value="0"/><slot><value bools="0" 01="0" 02="0" 03="0" 04="0" 05="0" 06="0" 07="0" 08="0" 09="0" 10="0" 11="0" 12="0" 13="0" 14="0" 15="0" 16="0" 17="0" 18="0" 19="0" 20="0" 21="0" 22="0" 23="0" 24="0" 25="0" 26="0" 27="0" 28="0" 29="0" 30="0" 31="0" 32="0"/></slot><slot><value/></slot><slot><value/></slot></logic_slots><property_output_float_val text="0" value="0"/><min_threshold text="0.05" value="0.05"/><max_threshold text="1" value="1"/><pid_controller_ki text="1" value="1"/><pid_controller_kp text="1" value="1"/><pid_controller_kd text="1" value="1"/><exp text="2" value="2"/><min_lever_value text="-1" value="-1"/><max_lever_value text="1" value="1"/><starting_lever_value text="0" value="0"/></o></c><c d="gate_function_small" t="0"><o r="1,0,0,0,-1,0,0,0,-1" bc="FFFFFFFF" ac="FFFFFFFF" sc="2" custom_name="" sensitivity="0.2" timer_scalar_1="0.183" timer_scalar_2="0.183" lss_mode="0" func_type="0" property_text="-x"><vp x="-2" y="-1" z="-4"/><logic_slots><slot value="false"/><slot value="false"/><slot value="0"/><slot value="0"/><slot value="0"/><slot value="false"/><slot value="false"/><slot value="0"/><slot value="0"/><slot value="0"/><slot value="0"/><slot><value bools="0" 01="0" 02="0" 03="0" 04="0" 05="0" 06="0" 07="0" 08="0" 09="0" 10="0" 11="0" 12="0" 13="0" 14="0" 15="0" 16="0" 17="0" 18="0" 19="0" 20="0" 21="0" 22="0" 23="0" 24="0" 25="0" 26="0" 27="0" 28="0" 29="0" 30="0" 31="0" 32="0"/></slot><slot><value/></slot><slot><value/></slot></logic_slots><property_output_float_val text="0" value="0"/><min_threshold text="0" value="0"/><max_threshold text="0" value="0"/><pid_controller_ki text="1" value="1"/><pid_controller_kp text="1" value="1"/><pid_controller_kd text="1" value="1"/><exp text="2" value="2"/><min_lever_value text="-1" value="-1"/><max_lever_value text="1" value="1"/><starting_lever_value text="0" value="0"/></o></c><c d="01_block" t="0"><o r="-1,0,0,0,-1,0,0,0,1" bc="FFFFFFFF" ac="FFFFFFFF" sc="6"><vp x="-2" y="-1" z="-3"/></o></c><c d="01_block" t="0"><o r="-1,0,0,0,-1,0,0,0,1" bc="FFFFFFFF" ac="FFFFFFFF" sc="6"><vp x="-2" y="-1" z="-2"/></o></c><c d="trans_t" t="0"><o r="0,1,0,1,0,0,0,0,-1" bc="FFFFFFFF" ac="FFFFFFFF" sc="3" custom_name=""><vp x="0" y="3" z="-6"/></o></c><c d="generator_small" t="0"><o r="0,0,-1,1,0,0,0,-1,0" bc="FFFFFFFF" ac="FFFFFFFF" sc="6" custom_name="" default_state="false"><vp x="1" y="3" z="-6"/><logic_slots><slot value="0"/><slot value="false"/><slot value="0"/></logic_slots></o></c><c d="seat_padded" t="0"><o r="0,0,-1,0,1,0,1,0,0" bc="FFFFFFFF" ac="FFFFFFFF" sc="2" custom_name="" hotkey_0="0" hotkey_0_label="" hotkey_1="0" hotkey_1_label="" hotkey_2="0" hotkey_2_label="" hotkey_3="0" hotkey_3_label="" hotkey_4="0" hotkey_4_label="" hotkey_5="0" hotkey_5_label="" hotkey_6="0" hotkey_6_label="" hotkey_7="0" hotkey_7_label="" hotkey_8="0" hotkey_8_label="" hotkey_9="0" hotkey_9_label="" hotkey_10="0" hotkey_10_label="" hotkey_11="0" hotkey_11_label="" hotkey_12="0" hotkey_12_label="" hotkey_13="0" hotkey_13_label="" hotkey_14="0" hotkey_14_label="" hotkey_15="0" hotkey_15_label="" hotkey_16="0" hotkey_16_label="" hotkey_17="0" hotkey_17_label="" hotkey_18="0" hotkey_18_label="" hotkey_19="0" hotkey_19_label="" hotkey_20="0" hotkey_20_label="" hotkey_21="0" hotkey_21_label="" hotkey_22="0" hotkey_22_label="" hotkey_23="0" hotkey_23_label="" hotkey_24="0" hotkey_24_label="" hotkey_25="0" hotkey_25_label="" hotkey_26="0" hotkey_26_label="" hotkey_27="0" hotkey_27_label="" hotkey_28="0" hotkey_28_label="" hotkey_29="0" hotkey_29_label="" hotkey_30="0" hotkey_30_label="" hotkey_31="0" hotkey_31_label="" hotkey_32="0" hotkey_32_label="" hotkey_33="0" hotkey_33_label="" hotkey_34="0" hotkey_34_label="" hotkey_35="0" hotkey_35_label="" hotkey_36="0" hotkey_36_label="" hotkey_37="0" hotkey_37_label="" hotkey_38="0" hotkey_38_label="" hotkey_39="0" hotkey_39_label="" hotkey_40="0" hotkey_40_label="" hotkey_41="0" hotkey_41_label="" hotkey_42="0" hotkey_42_label="" hotkey_43="0" hotkey_43_label="" hotkey_44="0" hotkey_44_label="" hotkey_45="0" hotkey_45_label="" hotkey_46="0" hotkey_46_label="" hotkey_47="0" hotkey_47_label="" control_mode_0="0" control_mode_0_label="" control_mode_1="0" control_mode_1_label="" control_mode_2="0" control_mode_2_label="" control_mode_3="0" control_mode_3_label="" control_mode_4="0" control_mode_4_label="" control_mode_5="0" control_mode_5_label="" control_mode_6="0" control_mode_6_label="" control_mode_7="0" control_mode_7_label=""><vp x="2" y="1" z="-1"/><logic_slots><slot value="0"/><slot value="0"/><slot value="0"/><slot value="0"/><slot value="0"/><slot value="0"/><slot value="0"/><slot value="0"/><slot value="false"/><slot value="false"/><slot value="false"/><slot value="false"/><slot value="false"/><slot value="false"/><slot value="false"/><slot value="false"/><slot value="false"/><slot value="false"/><slot value="false"/><slot value="false"/><slot value="false"/><slot value="false"/><slot value="false"/><slot value="false"/><slot value="false"/><slot value="false"/><slot value="false"/><slot value="false"/><slot value="false"/><slot value="false"/><slot value="false"/><slot value="false"/><slot value="false"/><slot value="false"/><slot value="false"/><slot value="false"/><slot value="false"/><slot value="false"/><slot value="false"/><slot value="false"/><slot value="false"/><slot value="false"/><slot value="false"/><slot value="false"/><slot value="false"/><slot value="false"/><slot value="false"/><slot value="false"/><slot value="false"/><slot value="false"/><slot value="false"/><slot value="false"/><slot value="false"/><slot value="false"/><slot value="false"/><slot value="false"/><slot value="false"/><slot><value bools="0" 01="0" 02="0" 03="0" 04="0" 05="0" 06="0" 07="0" 08="0" 09="0" 10="0" 11="0" 12="0" 13="0" 14="0" 15="0" 16="0" 17="0" 18="0" 19="0" 20="0" 21="0" 22="0" 23="0" 24="0" 25="0" 26="0" 27="0" 28="0" 29="0" 30="0" 31="0" 32="0"/></slot></logic_slots><trim_x_display text="0" value="0"/><trim_y_display text="0" value="0"/><trim_z_display text="0" value="0"/><trim_w_display text="0" value="0"/><axis_sensitivity x="0.1" y="0.1" z="0.1" w="0.1"/></o></c><c d="seat_padded" t="0"><o r="0,0,1,0,1,0,-1,0,0" bc="FFFFFFFF" ac="FFFFFFFF" sc="2" custom_name="" hotkey_0="0" hotkey_0_label="" hotkey_1="0" hotkey_1_label="" hotkey_2="0" hotkey_2_label="" hotkey_3="0" hotkey_3_label="" hotkey_4="0" hotkey_4_label="" hotkey_5="0" hotkey_5_label="" hotkey_6="0" hotkey_6_label="" hotkey_7="0" hotkey_7_label="" hotkey_8="0" hotkey_8_label="" hotkey_9="0" hotkey_9_label="" hotkey_10="0" hotkey_10_label="" hotkey_11="0" hotkey_11_label="" hotkey_12="0" hotkey_12_label="" hotkey_13="0" hotkey_13_label="" hotkey_14="0" hotkey_14_label="" hotkey_15="0" hotkey_15_label="" hotkey_16="0" hotkey_16_label="" hotkey_17="0" hotkey_17_label="" hotkey_18="0" hotkey_18_label="" hotkey_19="0" hotkey_19_label="" hotkey_20="0" hotkey_20_label="" hotkey_21="0" hotkey_21_label="" hotkey_22="0" hotkey_22_label="" hotkey_23="0" hotkey_23_label="" hotkey_24="0" hotkey_24_label="" hotkey_25="0" hotkey_25_label="" hotkey_26="0" hotkey_26_label="" hotkey_27="0" hotkey_27_label="" hotkey_28="0" hotkey_28_label="" hotkey_29="0" hotkey_29_label="" hotkey_30="0" hotkey_30_label="" hotkey_31="0" hotkey_31_label="" hotkey_32="0" hotkey_32_label="" hotkey_33="0" hotkey_33_label="" hotkey_34="0" hotkey_34_label="" hotkey_35="0" hotkey_35_label="" hotkey_36="0" hotkey_36_label="" hotkey_37="0" hotkey_37_label="" hotkey_38="0" hotkey_38_label="" hotkey_39="0" hotkey_39_label="" hotkey_40="0" hotkey_40_label="" hotkey_41="0" hotkey_41_label="" hotkey_42="0" hotkey_42_label="" hotkey_43="0" hotkey_43_label="" hotkey_44="0" hotkey_44_label="" hotkey_45="0" hotkey_45_label="" hotkey_46="0" hotkey_46_label="" hotkey_47="0" hotkey_47_label="" control_mode_0="0" control_mode_0_label="" control_mode_1="0" control_mode_1_label="" control_mode_2="0" control_mode_2_label="" control_mode_3="0" control_mode_3_label="" control_mode_4="0" control_mode_4_label="" control_mode_5="0" control_mode_5_label="" control_mode_6="0" control_mode_6_label="" control_mode_7="0" control_mode_7_label=""><vp x="-2" y="1" z="-2"/><logic_slots><slot value="0"/><slot value="0"/><slot value="0"/><slot value="0"/><slot value="0"/><slot value="0"/><slot value="0"/><slot value="0"/><slot value="false"/><slot value="false"/><slot value="false"/><slot value="false"/><slot value="false"/><slot value="false"/><slot value="false"/><slot value="false"/><slot value="false"/><slot value="false"/><slot value="false"/><slot value="false"/><slot value="false"/><slot value="false"/><slot value="false"/><slot value="false"/><slot value="false"/><slot value="false"/><slot value="false"/><slot value="false"/><slot value="false"/><slot value="false"/><slot value="false"/><slot value="false"/><slot value="false"/><slot value="false"/><slot value="false"/><slot value="false"/><slot value="false"/><slot value="false"/><slot value="false"/><slot value="false"/><slot value="false"/><slot value="false"/><slot value="false"/><slot value="false"/><slot value="false"/><slot value="false"/><slot value="false"/><slot value="false"/><slot value="false"/><slot value="false"/><slot value="false"/><slot value="false"/><slot value="false"/><slot value="false"/><slot value="false"/><slot value="false"/><slot value="false"/><slot><value bools="0" 01="0" 02="0" 03="0" 04="0" 05="0" 06="0" 07="0" 08="0" 09="0" 10="0" 11="0" 12="0" 13="0" 14="0" 15="0" 16="0" 17="0" 18="0" 19="0" 20="0" 21="0" 22="0" 23="0" 24="0" 25="0" 26="0" 27="0" 28="0" 29="0" 30="0" 31="0" 32="0"/></slot></logic_slots><trim_x_display text="0" value="0"/><trim_y_display text="0" value="0"/><trim_z_display text="0" value="0"/><trim_w_display text="0" value="0"/><axis_sensitivity x="0.1" y="0.1" z="0.1" w="0.1"/></o></c></components></body></bodies><logic_node_links><logic_node_link type="1"><voxel_pos_0 x="1" y="0" z="0"/><voxel_pos_1 x="2" y="-1" z="-5"/></logic_node_link><logic_node_link type="0"><voxel_pos_0 x="-1" y="1" z="-1"/><voxel_pos_1 x="0" y="0" z="-3"/></logic_node_link><logic_node_link type="1"><voxel_pos_0 x="-1" y="0" z="-3"/><voxel_pos_1 x="-1" y="0" z="2"/></logic_node_link><logic_node_link type="4"><voxel_pos_0 x="2" y="0" z="0"/><voxel_pos_1 x="0" y="0" z="-3"/></logic_node_link><logic_node_link type="4"><voxel_pos_0 x="2" y="0" z="0"/><voxel_pos_1 x="1" y="0" z="2"/></logic_node_link><logic_node_link type="4"><voxel_pos_0 x="1" y="0" z="2"/><voxel_pos_1 x="-1" y="0" z="2"/></logic_node_link><logic_node_link type="1"><voxel_pos_0 x="2" y="-1" z="-1"/><voxel_pos_1 x="1" y="0" z="2"/></logic_node_link><logic_node_link type="1"><voxel_pos_0 x="-1" y="0" z="0"/><voxel_pos_1 x="3" y="-2" z="2"/></logic_node_link><logic_node_link type="1"><voxel_pos_0 x="-1" y="0" z="0"/><voxel_pos_1 x="-3" y="-2" z="2"/></logic_node_link><logic_node_link type="0"><voxel_pos_0 x="-1" y="-1" z="-1"/><voxel_pos_1 x="1" y="-1" z="2"/></logic_node_link><logic_node_link type="0"><voxel_pos_0 x="-1" y="-1" z="-1"/><voxel_pos_1 x="-1" y="-1" z="2"/></logic_node_link><logic_node_link type="1"><voxel_pos_0 x="0" y="2" z="-3"/><voxel_pos_1 x="-1" y="1" z="-6"/></logic_node_link><logic_node_link type="0"><voxel_pos_0 x="-1" y="0" z="-1"/><voxel_pos_1 x="0" y="2" z="-4"/></logic_node_link><logic_node_link type="0"><voxel_pos_0 x="1" y="1" z="-1"/><voxel_pos_1 x="0" y="1" z="-6"/></logic_node_link><logic_node_link type="4"><voxel_pos_0 x="0" y="0" z="-3"/><voxel_pos_1 x="1" y="2" z="-6"/></logic_node_link><logic_node_link type="4"><voxel_pos_0 x="1" y="2" z="-6"/><voxel_pos_1 x="-1" y="1" z="-6"/></logic_node_link><logic_node_link type="1"><voxel_pos_0 x="-2" y="-1" z="-4"/><voxel_pos_1 x="-3" y="0" z="2"/></logic_node_link><logic_node_link type="1"><voxel_pos_0 x="-2" y="-1" z="-4"/><voxel_pos_1 x="3" y="0" z="2"/></logic_node_link><logic_node_link type="1"><voxel_pos_0 x="-2" y="-1" z="-4"/><voxel_pos_1 x="3" y="0" z="-7"/></logic_node_link><logic_node_link type="1"><voxel_pos_0 x="-2" y="-1" z="-4"/><voxel_pos_1 x="-3" y="0" z="-7"/></logic_node_link><logic_node_link type="1"><voxel_pos_0 x="1" y="0" z="0"/><voxel_pos_1 x="-2" y="-1" z="-5"/></logic_node_link><logic_node_link type="1"><voxel_pos_0 x="2" y="-1" z="-4"/><voxel_pos_1 x="0" y="0" z="-4"/></logic_node_link></logic_node_links></vehicle>