<?xml version="1.0" encoding="UTF-8"?><vehicle data_version="2" is_advanced="true" is_static="false" bodies_id="59"><editor_placement_offset x="-0.11586" y="-0.25" z="-2.500219"/><authors/><bodies><body unique_id="36"><initial_local_transform 00="1" 01="0" 02="0" 03="0" 10="0" 11="1" 12="0" 13="0" 20="0" 21="0" 22="1" 23="0" 30="0" 31="0" 32="0" 33="1"/><local_transform 00="1" 01="0" 02="0" 03="0" 10="0" 11="1" 12="0" 13="0" 20="0" 21="0" 22="1" 23="0" 30="0" 31="0" 32="0" 33="1"/><components><c d="01_block" t="0"><o r="1,0,0,0,0,1,0,-1,0" bc="FFFFFFFF" ac="FFFFFFFF" sc="6"><vp x="-4" y="0" z="0"/></o></c><c d="01_block" t="0"><o r="1,0,0,0,0,1,0,-1,0" bc="FFFFFFFF" ac="FFFFFFFF" sc="6"><vp x="-4" y="0" z="1"/></o></c><c d="01_block" t="0"><o r="1,0,0,0,0,1,0,-1,0" bc="FFFFFFFF" ac="FFFFFFFF" sc="6"><vp x="-4" y="0" z="2"/></o></c><c d="01_block" t="0"><o r="1,0,0,0,0,1,0,-1,0" bc="FFFFFFFF" ac="FFFFFFFF" sc="6"><vp x="-4" y="0" z="3"/></o></c><c d="01_block" t="0"><o r="1,0,0,0,0,1,0,-1,0" bc="FFFFFFFF" ac="FFFFFFFF" sc="6"><vp x="-4" y="0" z="4"/></o></c><c d="01_block" t="0"><o r="1,0,0,0,0,1,0,-1,0" bc="FFFFFFFF" ac="FFFFFFFF" sc="6"><vp x="-4" y="0" z="5"/></o></c><c d="01_block" t="0"><o r="1,0,0,0,0,1,0,-1,0" bc="FFFFFFFF" ac="FFFFFFFF" sc="6"><vp x="-4" y="0" z="6"/></o></c><c d="01_block" t="0"><o r="1,0,0,0,0,1,0,-1,0" bc="FFFFFFFF" ac="FFFFFFFF" sc="6"><vp x="-4" y="0" z="7"/></o></c><c d="01_block" t="0"><o r="1,0,0,0,0,1,0,-1,0" bc="FFFFFFFF" ac="FFFFFFFF" sc="6"><vp x="-4" y="0" z="8"/></o></c><c d="01_block" t="0"><o r="1,0,0,0,0,1,0,-1,0" bc="FFFFFFFF" ac="FFFFFFFF" sc="6"><vp x="-4" y="0" z="9"/></o></c><c d="01_block" t="0"><o r="1,0,0,0,0,1,0,-1,0" bc="FFFFFFFF" ac="FFFFFFFF" sc="6"><vp x="-4" y="0" z="10"/></o></c><c d="01_block" t="0"><o r="1,0,0,0,0,1,0,-1,0" bc="FFFFFFFF" ac="FFFFFFFF" sc="6"><vp x="-4" y="0" z="18"/></o></c><c d="01_block" t="0"><o r="1,0,0,0,0,1,0,-1,0" bc="FFFFFFFF" ac="FFFFFFFF" sc="6"><vp x="-4" y="0" z="19"/></o></c><c d="01_block" t="0"><o r="1,0,0,0,0,1,0,-1,0" bc="FFFFFFFF" ac="FFFFFFFF" sc="6"><vp x="-4" y="0" z="20"/></o></c><c d="01_block" t="0"><o r="1,0,0,0,0,1,0,-1,0" bc="FFFFFFFF" ac="FFFFFFFF" sc="6"><vp x="-4" y="0" z="21"/></o></c><c d="01_block" t="0"><o r="1,0,0,0,0,1,0,-1,0" bc="FFFFFFFF" ac="FFFFFFFF" sc="6"><vp x="-4" y="0" z="22"/></o></c><c d="01_block" t="0"><o r="1,0,0,0,0,1,0,-1,0" bc="FFFFFFFF" ac="FFFFFFFF" sc="6"><vp x="-3" y="0" z="23"/></o></c><c d="01_block" t="0"><o r="1,0,0,0,0,1,0,-1,0" bc="FFFFFFFF" ac="FFFFFFFF" sc="6"><vp x="-1" y="0" z="23"/></o></c><c d="01_block" t="0"><o r="1,0,0,0,0,1,0,-1,0" bc="FFFFFFFF" ac="FFFFFFFF" sc="6"><vp x="1" y="0" z="23"/></o></c><c d="01_block" t="0"><o r="1,0,0,0,0,1,0,-1,0" bc="FFFFFFFF" ac="FFFFFFFF" sc="6"><vp x="3" y="0" z="23"/></o></c><c d="01_block" t="0"><o r="1,0,0,0,0,1,0,-1,0" bc="FFFFFFFF" ac="FFFFFFFF" sc="6"><vp x="4" y="0" z="0"/></o></c><c d="01_block" t="0"><o r="1,0,0,0,0,1,0,-1,0" bc="FFFFFFFF" ac="FFFFFFFF" sc="6"><vp x="4" y="0" z="1"/></o></c><c d="01_block" t="0"><o r="1,0,0,0,0,1,0,-1,0" bc="FFFFFFFF" ac="FFFFFFFF" sc="6"><vp x="4" y="0" z="2"/></o></c><c d="01_block" t="0"><o r="1,0,0,0,0,1,0,-1,0" bc="FFFFFFFF" ac="FFFFFFFF" sc="6"><vp x="4" y="0" z="3"/></o></c><c d="01_block" t="0"><o r="1,0,0,0,0,1,0,-1,0" bc="FFFFFFFF" ac="FFFFFFFF" sc="6"><vp x="4" y="0" z="4"/></o></c><c d="01_block" t="0"><o r="1,0,0,0,0,1,0,-1,0" bc="FFFFFFFF" ac="FFFFFFFF" sc="6"><vp x="4" y="0" z="5"/></o></c><c d="01_block" t="0"><o r="1,0,0,0,0,1,0,-1,0" bc="FFFFFFFF" ac="FFFFFFFF" sc="6"><vp x="4" y="0" z="6"/></o></c><c d="01_block" t="0"><o r="1,0,0,0,0,1,0,-1,0" bc="FFFFFFFF" ac="FFFFFFFF" sc="6"><vp x="4" y="0" z="7"/></o></c><c d="01_block" t="0"><o r="1,0,0,0,0,1,0,-1,0" bc="FFFFFFFF" ac="FFFFFFFF" sc="6"><vp x="4" y="0" z="8"/></o></c><c d="01_block" t="0"><o r="1,0,0,0,0,1,0,-1,0" bc="FFFFFFFF" ac="FFFFFFFF" sc="6"><vp x="4" y="0" z="9"/></o></c><c d="01_block" t="0"><o r="1,0,0,0,0,1,0,-1,0" bc="FFFFFFFF" ac="FFFFFFFF" sc="6"><vp x="4" y="0" z="10"/></o></c><c d="01_block" t="0"><o r="1,0,0,0,0,1,0,-1,0" bc="FFFFFFFF" ac="FFFFFFFF" sc="6"><vp x="4" y="0" z="11"/></o></c><c d="01_block" t="0"><o r="1,0,0,0,0,1,0,-1,0" bc="FFFFFFFF" ac="FFFFFFFF" sc="6"><vp x="4" y="0" z="12"/></o></c><c d="01_block" t="0"><o r="1,0,0,0,0,1,0,-1,0" bc="FFFFFFFF" ac="FFFFFFFF" sc="6"><vp x="4" y="0" z="13"/></o></c><c d="01_block" t="0"><o r="1,0,0,0,0,1,0,-1,0" bc="FFFFFFFF" ac="FFFFFFFF" sc="6"><vp x="4" y="0" z="14"/></o></c><c d="01_block" t="0"><o r="1,0,0,0,0,1,0,-1,0" bc="FFFFFFFF" ac="FFFFFFFF" sc="6"><vp x="4" y="0" z="15"/></o></c><c d="01_block" t="0"><o r="1,0,0,0,0,1,0,-1,0" bc="FFFFFFFF" ac="FFFFFFFF" sc="6"><vp x="4" y="0" z="16"/></o></c><c d="01_block" t="0"><o r="1,0,0,0,0,1,0,-1,0" bc="FFFFFFFF" ac="FFFFFFFF" sc="6"><vp x="4" y="0" z="17"/></o></c><c d="01_block" t="0"><o r="1,0,0,0,0,1,0,-1,0" bc="FFFFFFFF" ac="FFFFFFFF" sc="6"><vp x="4" y="0" z="18"/></o></c><c d="01_block" t="0"><o r="1,0,0,0,0,1,0,-1,0" bc="FFFFFFFF" ac="FFFFFFFF" sc="6"><vp x="4" y="0" z="19"/></o></c><c d="01_block" t="0"><o r="1,0,0,0,0,1,0,-1,0" bc="FFFFFFFF" ac="FFFFFFFF" sc="6"><vp x="4" y="0" z="20"/></o></c><c d="01_block" t="0"><o r="1,0,0,0,0,1,0,-1,0" bc="FFFFFFFF" ac="FFFFFFFF" sc="6"><vp x="4" y="0" z="21"/></o></c><c d="01_block" t="0"><o r="1,0,0,0,0,1,0,-1,0" bc="FFFFFFFF" ac="FFFFFFFF" sc="6"><vp x="4" y="0" z="22"/></o></c><c d="connector_small" t="0"><o r="1,0,0,0,1,0,0,0,1" bc="FFFFFFFF" ac="FFFFFFFF" sc="5" custom_name=""><vp x="4" y="0" z="-1"/><logic_slots><slot value="false"/><slot value="false"/><slot value="false"/><slot value="false"/><slot value="0"/><slot value="0"/><slot><value bools="0" 01="0" 02="0" 03="0" 04="0" 05="0" 06="0" 07="0" 08="0" 09="0" 10="0" 11="0" 12="0" 13="0" 14="0" 15="0" 16="0" 17="0" 18="0" 19="0" 20="0" 21="0" 22="0" 23="0" 24="0" 25="0" 26="0" 27="0" 28="0" 29="0" 30="0" 31="0" 32="0"/></slot><slot><value bools="0" 01="0" 02="0" 03="0" 04="0" 05="0" 06="0" 07="0" 08="0" 09="0" 10="0" 11="0" 12="0" 13="0" 14="0" 15="0" 16="0" 17="0" 18="0" 19="0" 20="0" 21="0" 22="0" 23="0" 24="0" 25="0" 26="0" 27="0" 28="0" 29="0" 30="0" 31="0" 32="0"/></slot><slot><value/></slot><slot><value/></slot></logic_slots></o></c><c d="connector_small" t="1"><o r="1,0,0,0,1,0,0,0,1" bc="FFFFFFFF" ac="FFFFFFFF" sc="5" custom_name=""><vp x="-4" y="0" z="-1"/><logic_slots><slot value="false"/><slot value="false"/><slot value="false"/><slot value="false"/><slot value="0"/><slot value="0"/><slot><value bools="0" 01="0" 02="0" 03="0" 04="0" 05="0" 06="0" 07="0" 08="0" 09="0" 10="0" 11="0" 12="0" 13="0" 14="0" 15="0" 16="0" 17="0" 18="0" 19="0" 20="0" 21="0" 22="0" 23="0" 24="0" 25="0" 26="0" 27="0" 28="0" 29="0" 30="0" 31="0" 32="0"/></slot><slot><value bools="0" 01="0" 02="0" 03="0" 04="0" 05="0" 06="0" 07="0" 08="0" 09="0" 10="0" 11="0" 12="0" 13="0" 14="0" 15="0" 16="0" 17="0" 18="0" 19="0" 20="0" 21="0" 22="0" 23="0" 24="0" 25="0" 26="0" 27="0" 28="0" 29="0" 30="0" 31="0" 32="0"/></slot><slot><value/></slot><slot><value/></slot></logic_slots></o></c><c d="connector_small" t="0"><o r="1,0,0,0,1,0,0,0,1" bc="FFFFFFFF" ac="FFFFFFFF" sc="5" custom_name=""><vp x="4" y="0" z="23"/><logic_slots><slot value="false"/><slot value="false"/><slot value="false"/><slot value="false"/><slot value="0"/><slot value="0"/><slot><value bools="0" 01="0" 02="0" 03="0" 04="0" 05="0" 06="0" 07="0" 08="0" 09="0" 10="0" 11="0" 12="0" 13="0" 14="0" 15="0" 16="0" 17="0" 18="0" 19="0" 20="0" 21="0" 22="0" 23="0" 24="0" 25="0" 26="0" 27="0" 28="0" 29="0" 30="0" 31="0" 32="0"/></slot><slot><value bools="0" 01="0" 02="0" 03="0" 04="0" 05="0" 06="0" 07="0" 08="0" 09="0" 10="0" 11="0" 12="0" 13="0" 14="0" 15="0" 16="0" 17="0" 18="0" 19="0" 20="0" 21="0" 22="0" 23="0" 24="0" 25="0" 26="0" 27="0" 28="0" 29="0" 30="0" 31="0" 32="0"/></slot><slot><value/></slot><slot><value/></slot></logic_slots></o></c><c d="connector_small" t="1"><o r="1,0,0,0,1,0,0,0,1" bc="FFFFFFFF" ac="FFFFFFFF" sc="5" custom_name=""><vp x="-4" y="0" z="23"/><logic_slots><slot value="false"/><slot value="false"/><slot value="false"/><slot value="false"/><slot value="0"/><slot value="0"/><slot><value bools="0" 01="0" 02="0" 03="0" 04="0" 05="0" 06="0" 07="0" 08="0" 09="0" 10="0" 11="0" 12="0" 13="0" 14="0" 15="0" 16="0" 17="0" 18="0" 19="0" 20="0" 21="0" 22="0" 23="0" 24="0" 25="0" 26="0" 27="0" 28="0" 29="0" 30="0" 31="0" 32="0"/></slot><slot><value bools="0" 01="0" 02="0" 03="0" 04="0" 05="0" 06="0" 07="0" 08="0" 09="0" 10="0" 11="0" 12="0" 13="0" 14="0" 15="0" 16="0" 17="0" 18="0" 19="0" 20="0" 21="0" 22="0" 23="0" 24="0" 25="0" 26="0" 27="0" 28="0" 29="0" 30="0" 31="0" 32="0"/></slot><slot><value/></slot><slot><value/></slot></logic_slots></o></c><c d="connector_small" t="0"><o r="-1,0,0,0,-1,0,0,0,1" bc="FFFFFFFF" ac="FFFFFFFF" sc="5" custom_name=""><vp x="-4" y="-8" z="-1"/><logic_slots><slot value="false"/><slot value="false"/><slot value="false"/><slot value="false"/><slot value="0"/><slot value="0"/><slot><value bools="0" 01="0" 02="0" 03="0" 04="0" 05="0" 06="0" 07="0" 08="0" 09="0" 10="0" 11="0" 12="0" 13="0" 14="0" 15="0" 16="0" 17="0" 18="0" 19="0" 20="0" 21="0" 22="0" 23="0" 24="0" 25="0" 26="0" 27="0" 28="0" 29="0" 30="0" 31="0" 32="0"/></slot><slot><value bools="0" 01="0" 02="0" 03="0" 04="0" 05="0" 06="0" 07="0" 08="0" 09="0" 10="0" 11="0" 12="0" 13="0" 14="0" 15="0" 16="0" 17="0" 18="0" 19="0" 20="0" 21="0" 22="0" 23="0" 24="0" 25="0" 26="0" 27="0" 28="0" 29="0" 30="0" 31="0" 32="0"/></slot><slot><value/></slot><slot><value/></slot></logic_slots></o></c><c d="connector_small" t="1"><o r="-1,0,0,0,-1,0,0,0,1" bc="FFFFFFFF" ac="FFFFFFFF" sc="5" custom_name=""><vp x="4" y="-8" z="-1"/><logic_slots><slot value="false"/><slot value="false"/><slot value="false"/><slot value="false"/><slot value="0"/><slot value="0"/><slot><value bools="0" 01="0" 02="0" 03="0" 04="0" 05="0" 06="0" 07="0" 08="0" 09="0" 10="0" 11="0" 12="0" 13="0" 14="0" 15="0" 16="0" 17="0" 18="0" 19="0" 20="0" 21="0" 22="0" 23="0" 24="0" 25="0" 26="0" 27="0" 28="0" 29="0" 30="0" 31="0" 32="0"/></slot><slot><value bools="0" 01="0" 02="0" 03="0" 04="0" 05="0" 06="0" 07="0" 08="0" 09="0" 10="0" 11="0" 12="0" 13="0" 14="0" 15="0" 16="0" 17="0" 18="0" 19="0" 20="0" 21="0" 22="0" 23="0" 24="0" 25="0" 26="0" 27="0" 28="0" 29="0" 30="0" 31="0" 32="0"/></slot><slot><value/></slot><slot><value/></slot></logic_slots></o></c><c d="connector_electric" t="0"><o r="1,0,0,0,1,0,0,0,1" bc="FFFFFFFF" ac="FFFFFFFF" sc="5" custom_name=""><vp x="0" y="0" z="23"/><logic_slots><slot value="false"/><slot value="false"/><slot value="false"/><slot value="false"/><slot value="0"/><slot value="0"/><slot><value bools="0" 01="0" 02="0" 03="0" 04="0" 05="0" 06="0" 07="0" 08="0" 09="0" 10="0" 11="0" 12="0" 13="0" 14="0" 15="0" 16="0" 17="0" 18="0" 19="0" 20="0" 21="0" 22="0" 23="0" 24="0" 25="0" 26="0" 27="0" 28="0" 29="0" 30="0" 31="0" 32="0"/></slot><slot><value bools="0" 01="0" 02="0" 03="0" 04="0" 05="0" 06="0" 07="0" 08="0" 09="0" 10="0" 11="0" 12="0" 13="0" 14="0" 15="0" 16="0" 17="0" 18="0" 19="0" 20="0" 21="0" 22="0" 23="0" 24="0" 25="0" 26="0" 27="0" 28="0" 29="0" 30="0" 31="0" 32="0"/></slot><slot><value/></slot><slot><value/></slot></logic_slots></o></c><c d="button_toggle" t="0"><o r="-1,0,0,0,0,-1,0,-1,0" bc="FFFFFFFF" ac="FFFFFFFF" sc="5" custom_name="Top Mag" hold_duration="1" default_state="true" sensitivity="1" val_1_name="" val_2_name=""><vp x="-2" y="-8" z="-1"/><logic_slots><slot value="false"/><slot value="false"/><slot value="false"/><slot value="0"/><slot value="0"/></logic_slots><min_lever_value text="0" value="0"/><max_lever_value text="1" value="1"/><starting_lever_value text="0" value="0"/></o></c><c d="button_toggle" t="0"><o r="-1,0,0,0,0,-1,0,-1,0" bc="FFFFFFFF" ac="FFFFFFFF" sc="5" custom_name="Bot Mag" hold_duration="1" default_state="false" sensitivity="1" val_1_name="" val_2_name=""><vp x="-1" y="-8" z="-1"/><logic_slots><slot value="false"/><slot value="false"/><slot value="false"/><slot value="0"/><slot value="0"/></logic_slots><min_lever_value text="0" value="0"/><max_lever_value text="1" value="1"/><starting_lever_value text="0" value="0"/></o></c><c d="button_push" t="0"><o r="-1,0,0,0,0,-1,0,-1,0" bc="FFFFFFFF" ac="FFFFFFFF" sc="5" custom_name="Bot Electric Release" hold_duration="1" default_state="false" sensitivity="1" val_1_name="" val_2_name=""><vp x="2" y="-8" z="-1"/><logic_slots><slot value="false"/><slot value="false"/><slot value="false"/><slot value="0"/><slot value="0"/></logic_slots><min_lever_value text="0" value="0"/><max_lever_value text="1" value="1"/><starting_lever_value text="0" value="0"/></o></c><c d="button_push" t="0"><o r="-1,0,0,0,0,-1,0,-1,0" bc="FFFFFFFF" ac="FFFFFFFF" sc="5" custom_name="Top Electric Release" hold_duration="1" default_state="false" sensitivity="1" val_1_name="" val_2_name=""><vp x="1" y="-8" z="-1"/><logic_slots><slot value="false"/><slot value="false"/><slot value="false"/><slot value="0"/><slot value="0"/></logic_slots><min_lever_value text="0" value="0"/><max_lever_value text="1" value="1"/><starting_lever_value text="0" value="0"/></o></c><c d="01_block" t="0"><o r="1,0,0,0,0,1,0,-1,0" bc="FFFFFFFF" ac="FFFFFFFF" sc="6"><vp x="-4" y="0" z="11"/></o></c><c d="01_block" t="0"><o r="1,0,0,0,0,1,0,-1,0" bc="FFFFFFFF" ac="FFFFFFFF" sc="6"><vp x="-4" y="0" z="12"/></o></c><c d="01_block" t="0"><o r="1,0,0,0,0,1,0,-1,0" bc="FFFFFFFF" ac="FFFFFFFF" sc="6"><vp x="-4" y="0" z="13"/></o></c><c d="01_block" t="0"><o r="1,0,0,0,0,1,0,-1,0" bc="FFFFFFFF" ac="FFFFFFFF" sc="6"><vp x="-4" y="0" z="14"/></o></c><c d="01_block" t="0"><o r="1,0,0,0,0,1,0,-1,0" bc="FFFFFFFF" ac="FFFFFFFF" sc="6"><vp x="-4" y="0" z="15"/></o></c><c d="01_block" t="0"><o r="1,0,0,0,0,1,0,-1,0" bc="FFFFFFFF" ac="FFFFFFFF" sc="6"><vp x="-4" y="0" z="16"/></o></c><c d="01_block" t="0"><o r="1,0,0,0,0,1,0,-1,0" bc="FFFFFFFF" ac="FFFFFFFF" sc="6"><vp x="-4" y="0" z="17"/></o></c><c d="01_block" t="0"><o r="0,0,1,-1,0,0,0,-1,0" bc="FFFFFFFF" ac="FFFFFFFF" sc="6"><vp x="-2" y="0" z="23"/></o></c><c d="01_block" t="2"><o r="0,0,1,-1,0,0,0,-1,0" bc="FFFFFFFF" ac="FFFFFFFF" sc="6"><vp x="2" y="0" z="23"/></o></c><c d="01_block" t="1"><o r="1,0,0,0,1,0,0,0,1" bc="FFFFFFFF" ac="FFFFFFFF" sc="6"><vp x="4" y="-7" z="23"/></o></c><c d="01_block" t="0"><o r="0,0,1,-1,0,0,0,-1,0" bc="FFFFFFFF" ac="FFFFFFFF" sc="6"><vp x="3" y="-8" z="-1"/></o></c><c d="01_block" t="2"><o r="0,0,1,-1,0,0,0,-1,0" bc="FFFFFFFF" ac="FFFFFFFF" sc="6"><vp x="-3" y="-8" z="-1"/></o></c><c d="01_block" t="0"><o r="1,0,0,0,1,0,0,0,1" bc="FFFFFFFF" ac="FFFFFFFF" sc="6"><vp x="-4" y="-7" z="-1"/></o></c><c d="01_block" t="0"><o r="1,0,0,0,1,0,0,0,1" bc="FFFFFFFF" ac="FFFFFFFF" sc="6"><vp x="4" y="-7" z="-1"/></o></c><c d="01_block" t="0"><o r="1,0,0,0,0,-1,0,1,0" bc="FFFFFFFF" ac="FFFFFFFF" sc="6"><vp x="-2" y="0" z="-1"/></o></c><c d="01_block" t="0"><o r="1,0,0,0,0,-1,0,1,0" bc="FFFFFFFF" ac="FFFFFFFF" sc="6"><vp x="-1" y="0" z="-1"/></o></c><c d="01_block" t="0"><o r="1,0,0,0,0,-1,0,1,0" bc="FFFFFFFF" ac="FFFFFFFF" sc="6"><vp x="0" y="0" z="-1"/></o></c><c d="01_block" t="0"><o r="1,0,0,0,0,-1,0,1,0" bc="FFFFFFFF" ac="FFFFFFFF" sc="6"><vp x="1" y="0" z="-1"/></o></c><c d="01_block" t="0"><o r="1,0,0,0,0,-1,0,1,0" bc="FFFFFFFF" ac="FFFFFFFF" sc="6"><vp x="2" y="0" z="-1"/></o></c><c d="01_block" t="0"><o r="1,0,0,0,0,-1,0,1,0" bc="FFFFFFFF" ac="FFFFFFFF" sc="6"><vp x="3" y="0" z="-1"/></o></c><c d="01_block" t="1"><o r="1,0,0,0,0,-1,0,1,0" bc="FFFFFFFF" ac="FFFFFFFF" sc="6"><vp x="-3" y="0" z="-1"/></o></c><c d="01_block" t="0"><o r="1,0,0,0,1,0,0,0,1" bc="FFFFFFFF" ac="FFFFFFFF" sc="6"><vp x="-4" y="-7" z="23"/></o></c><c d="connector_small" t="0"><o r="-1,0,0,0,-1,0,0,0,1" bc="FFFFFFFF" ac="FFFFFFFF" sc="5" custom_name=""><vp x="-4" y="-8" z="23"/><logic_slots><slot value="false"/><slot value="false"/><slot value="false"/><slot value="false"/><slot value="0"/><slot value="0"/><slot><value bools="0" 01="0" 02="0" 03="0" 04="0" 05="0" 06="0" 07="0" 08="0" 09="0" 10="0" 11="0" 12="0" 13="0" 14="0" 15="0" 16="0" 17="0" 18="0" 19="0" 20="0" 21="0" 22="0" 23="0" 24="0" 25="0" 26="0" 27="0" 28="0" 29="0" 30="0" 31="0" 32="0"/></slot><slot><value bools="0" 01="0" 02="0" 03="0" 04="0" 05="0" 06="0" 07="0" 08="0" 09="0" 10="0" 11="0" 12="0" 13="0" 14="0" 15="0" 16="0" 17="0" 18="0" 19="0" 20="0" 21="0" 22="0" 23="0" 24="0" 25="0" 26="0" 27="0" 28="0" 29="0" 30="0" 31="0" 32="0"/></slot><slot><value/></slot><slot><value/></slot></logic_slots></o></c><c d="connector_small" t="1"><o r="-1,0,0,0,-1,0,0,0,1" bc="FFFFFFFF" ac="FFFFFFFF" sc="5" custom_name=""><vp x="4" y="-8" z="23"/><logic_slots><slot value="false"/><slot value="false"/><slot value="false"/><slot value="false"/><slot value="0"/><slot value="0"/><slot><value bools="0" 01="0" 02="0" 03="0" 04="0" 05="0" 06="0" 07="0" 08="0" 09="0" 10="0" 11="0" 12="0" 13="0" 14="0" 15="0" 16="0" 17="0" 18="0" 19="0" 20="0" 21="0" 22="0" 23="0" 24="0" 25="0" 26="0" 27="0" 28="0" 29="0" 30="0" 31="0" 32="0"/></slot><slot><value bools="0" 01="0" 02="0" 03="0" 04="0" 05="0" 06="0" 07="0" 08="0" 09="0" 10="0" 11="0" 12="0" 13="0" 14="0" 15="0" 16="0" 17="0" 18="0" 19="0" 20="0" 21="0" 22="0" 23="0" 24="0" 25="0" 26="0" 27="0" 28="0" 29="0" 30="0" 31="0" 32="0"/></slot><slot><value/></slot><slot><value/></slot></logic_slots></o></c><c d="01_block" t="0"><o r="0,0,1,-1,0,0,0,-1,0" bc="FFFFFFFF" ac="FFFFFFFF" sc="6"><vp x="-3" y="-8" z="23"/></o></c><c d="01_block" t="0"><o r="0,0,1,-1,0,0,0,-1,0" bc="FFFFFFFF" ac="FFFFFFFF" sc="6"><vp x="-2" y="-8" z="23"/></o></c><c d="01_block" t="0"><o r="0,0,1,-1,0,0,0,-1,0" bc="FFFFFFFF" ac="FFFFFFFF" sc="6"><vp x="-1" y="-8" z="23"/></o></c><c d="01_block" t="0"><o r="0,0,1,-1,0,0,0,-1,0" bc="FFFFFFFF" ac="FFFFFFFF" sc="6"><vp x="1" y="-8" z="23"/></o></c><c d="01_block" t="0"><o r="0,0,1,-1,0,0,0,-1,0" bc="FFFFFFFF" ac="FFFFFFFF" sc="6"><vp x="2" y="-8" z="23"/></o></c><c d="01_block" t="0"><o r="0,0,1,-1,0,0,0,-1,0" bc="FFFFFFFF" ac="FFFFFFFF" sc="6"><vp x="3" y="-8" z="23"/></o></c><c d="01_block" t="0"><o r="0,0,1,-1,0,0,0,-1,0" bc="FFFFFFFF" ac="FFFFFFFF" sc="6"><vp x="3" y="-7" z="23"/></o></c><c d="01_block" t="0"><o r="0,0,1,-1,0,0,0,-1,0" bc="FFFFFFFF" ac="FFFFFFFF" sc="6"><vp x="3" y="-6" z="23"/></o></c><c d="01_block" t="2"><o r="0,0,1,-1,0,0,0,-1,0" bc="FFFFFFFF" ac="FFFFFFFF" sc="6"><vp x="-3" y="-7" z="23"/></o></c><c d="01_block" t="2"><o r="0,0,1,-1,0,0,0,-1,0" bc="FFFFFFFF" ac="FFFFFFFF" sc="6"><vp x="-3" y="-6" z="23"/></o></c><c d="01_block" t="0"><o r="0,0,1,-1,0,0,0,-1,0" bc="FFFFFFFF" ac="FFFFFFFF" sc="6"><vp x="0" y="-7" z="23"/></o></c><c d="01_block" t="0"><o r="0,0,1,-1,0,0,0,-1,0" bc="FFFFFFFF" ac="FFFFFFFF" sc="6"><vp x="0" y="-6" z="23"/></o></c><c d="01_block" t="0"><o r="0,0,1,-1,0,0,0,-1,0" bc="FFFFFFFF" ac="FFFFFFFF" sc="6"><vp x="1" y="-7" z="23"/></o></c><c d="01_block" t="0"><o r="0,0,1,-1,0,0,0,-1,0" bc="FFFFFFFF" ac="FFFFFFFF" sc="6"><vp x="1" y="-6" z="23"/></o></c><c d="01_block" t="0"><o r="0,0,1,-1,0,0,0,-1,0" bc="FFFFFFFF" ac="FFFFFFFF" sc="6"><vp x="1" y="-5" z="23"/></o></c><c d="01_block" t="0"><o r="0,0,1,-1,0,0,0,-1,0" bc="FFFFFFFF" ac="FFFFFFFF" sc="6"><vp x="1" y="-4" z="23"/></o></c><c d="01_block" t="0"><o r="0,0,1,-1,0,0,0,-1,0" bc="FFFFFFFF" ac="FFFFFFFF" sc="6"><vp x="2" y="-7" z="23"/></o></c><c d="01_block" t="0"><o r="0,0,1,-1,0,0,0,-1,0" bc="FFFFFFFF" ac="FFFFFFFF" sc="6"><vp x="2" y="-6" z="23"/></o></c><c d="01_block" t="0"><o r="0,0,1,-1,0,0,0,-1,0" bc="FFFFFFFF" ac="FFFFFFFF" sc="6"><vp x="2" y="-5" z="23"/></o></c><c d="01_block" t="2"><o r="0,0,1,-1,0,0,0,-1,0" bc="FFFFFFFF" ac="FFFFFFFF" sc="6"><vp x="-1" y="-7" z="23"/></o></c><c d="01_block" t="2"><o r="0,0,1,-1,0,0,0,-1,0" bc="FFFFFFFF" ac="FFFFFFFF" sc="6"><vp x="-1" y="-6" z="23"/></o></c><c d="01_block" t="2"><o r="0,0,1,-1,0,0,0,-1,0" bc="FFFFFFFF" ac="FFFFFFFF" sc="6"><vp x="-1" y="-5" z="23"/></o></c><c d="01_block" t="2"><o r="0,0,1,-1,0,0,0,-1,0" bc="FFFFFFFF" ac="FFFFFFFF" sc="6"><vp x="-1" y="-4" z="23"/></o></c><c d="01_block" t="2"><o r="0,0,1,-1,0,0,0,-1,0" bc="FFFFFFFF" ac="FFFFFFFF" sc="6"><vp x="-2" y="-7" z="23"/></o></c><c d="01_block" t="2"><o r="0,0,1,-1,0,0,0,-1,0" bc="FFFFFFFF" ac="FFFFFFFF" sc="6"><vp x="-2" y="-6" z="23"/></o></c><c d="01_block" t="2"><o r="0,0,1,-1,0,0,0,-1,0" bc="FFFFFFFF" ac="FFFFFFFF" sc="6"><vp x="-2" y="-5" z="23"/></o></c><c d="02_wedge" t="0"><o r="0,0,-1,0,1,0,1,0,0" bc="FFFFFFFF" ac="FFFFFFFF" sc="5"><vp x="-3" y="-5" z="23"/></o></c><c d="02_wedge" t="0"><o r="0,0,-1,0,1,0,1,0,0" bc="FFFFFFFF" ac="FFFFFFFF" sc="5"><vp x="-2" y="-4" z="23"/></o></c><c d="02_wedge" t="4"><o r="0,0,-1,0,1,0,1,0,0" bc="FFFFFFFF" ac="FFFFFFFF" sc="5"><vp x="3" y="-5" z="23"/></o></c><c d="02_wedge" t="4"><o r="0,0,-1,0,1,0,1,0,0" bc="FFFFFFFF" ac="FFFFFFFF" sc="5"><vp x="2" y="-4" z="23"/></o></c><c d="02_wedge" t="0"><o r="0,0,-1,0,1,0,1,0,0" bc="FFFFFFFF" ac="FFFFFFFF" sc="5"><vp x="-4" y="-6" z="16"/></o></c><c d="02_wedge" t="0"><o r="0,0,-1,0,1,0,1,0,0" bc="FFFFFFFF" ac="FFFFFFFF" sc="5"><vp x="-4" y="-6" z="15"/></o></c><c d="02_wedge" t="0"><o r="0,0,-1,0,1,0,1,0,0" bc="FFFFFFFF" ac="FFFFFFFF" sc="5"><vp x="-4" y="-6" z="14"/></o></c><c d="02_wedge" t="0"><o r="0,0,-1,0,1,0,1,0,0" bc="FFFFFFFF" ac="FFFFFFFF" sc="5"><vp x="-4" y="-6" z="13"/></o></c><c d="02_wedge" t="0"><o r="0,0,-1,0,1,0,1,0,0" bc="FFFFFFFF" ac="FFFFFFFF" sc="5"><vp x="-4" y="-6" z="12"/></o></c><c d="02_wedge" t="0"><o r="0,0,-1,0,1,0,1,0,0" bc="FFFFFFFF" ac="FFFFFFFF" sc="5"><vp x="-4" y="-6" z="11"/></o></c><c d="02_wedge" t="0"><o r="0,0,-1,0,1,0,1,0,0" bc="FFFFFFFF" ac="FFFFFFFF" sc="5"><vp x="-4" y="-6" z="10"/></o></c><c d="02_wedge" t="0"><o r="0,0,-1,0,1,0,1,0,0" bc="FFFFFFFF" ac="FFFFFFFF" sc="5"><vp x="-4" y="-6" z="9"/></o></c><c d="02_wedge" t="0"><o r="0,0,-1,0,1,0,1,0,0" bc="FFFFFFFF" ac="FFFFFFFF" sc="5"><vp x="-4" y="-6" z="8"/></o></c><c d="02_wedge" t="0"><o r="0,0,-1,0,1,0,1,0,0" bc="FFFFFFFF" ac="FFFFFFFF" sc="5"><vp x="-4" y="-6" z="7"/></o></c><c d="02_wedge" t="0"><o r="0,0,-1,0,1,0,1,0,0" bc="FFFFFFFF" ac="FFFFFFFF" sc="5"><vp x="-4" y="-6" z="6"/></o></c><c d="02_wedge" t="0"><o r="0,0,-1,0,1,0,1,0,0" bc="FFFFFFFF" ac="FFFFFFFF" sc="5"><vp x="-4" y="-6" z="5"/></o></c><c d="02_wedge" t="0"><o r="0,0,-1,0,1,0,1,0,0" bc="FFFFFFFF" ac="FFFFFFFF" sc="5"><vp x="-4" y="-6" z="4"/></o></c><c d="02_wedge" t="0"><o r="0,0,-1,0,1,0,1,0,0" bc="FFFFFFFF" ac="FFFFFFFF" sc="5"><vp x="-4" y="-6" z="3"/></o></c><c d="02_wedge" t="0"><o r="0,0,-1,0,1,0,1,0,0" bc="FFFFFFFF" ac="FFFFFFFF" sc="5"><vp x="-4" y="-6" z="2"/></o></c><c d="02_wedge" t="0"><o r="0,0,-1,0,1,0,1,0,0" bc="FFFFFFFF" ac="FFFFFFFF" sc="5"><vp x="-4" y="-6" z="1"/></o></c><c d="02_wedge" t="0"><o r="0,0,-1,0,1,0,1,0,0" bc="FFFFFFFF" ac="FFFFFFFF" sc="5"><vp x="-4" y="-6" z="0"/></o></c><c d="02_wedge" t="4"><o r="0,0,-1,0,1,0,1,0,0" bc="FFFFFFFF" ac="FFFFFFFF" sc="5"><vp x="4" y="-6" z="16"/></o></c><c d="02_wedge" t="4"><o r="0,0,-1,0,1,0,1,0,0" bc="FFFFFFFF" ac="FFFFFFFF" sc="5"><vp x="4" y="-6" z="15"/></o></c><c d="02_wedge" t="4"><o r="0,0,-1,0,1,0,1,0,0" bc="FFFFFFFF" ac="FFFFFFFF" sc="5"><vp x="4" y="-6" z="14"/></o></c><c d="02_wedge" t="4"><o r="0,0,-1,0,1,0,1,0,0" bc="FFFFFFFF" ac="FFFFFFFF" sc="5"><vp x="4" y="-6" z="13"/></o></c><c d="02_wedge" t="4"><o r="0,0,-1,0,1,0,1,0,0" bc="FFFFFFFF" ac="FFFFFFFF" sc="5"><vp x="4" y="-6" z="12"/></o></c><c d="02_wedge" t="4"><o r="0,0,-1,0,1,0,1,0,0" bc="FFFFFFFF" ac="FFFFFFFF" sc="5"><vp x="4" y="-6" z="11"/></o></c><c d="02_wedge" t="4"><o r="0,0,-1,0,1,0,1,0,0" bc="FFFFFFFF" ac="FFFFFFFF" sc="5"><vp x="4" y="-6" z="10"/></o></c><c d="02_wedge" t="4"><o r="0,0,-1,0,1,0,1,0,0" bc="FFFFFFFF" ac="FFFFFFFF" sc="5"><vp x="4" y="-6" z="9"/></o></c><c d="02_wedge" t="4"><o r="0,0,-1,0,1,0,1,0,0" bc="FFFFFFFF" ac="FFFFFFFF" sc="5"><vp x="4" y="-6" z="8"/></o></c><c d="02_wedge" t="4"><o r="0,0,-1,0,1,0,1,0,0" bc="FFFFFFFF" ac="FFFFFFFF" sc="5"><vp x="4" y="-6" z="7"/></o></c><c d="02_wedge" t="4"><o r="0,0,-1,0,1,0,1,0,0" bc="FFFFFFFF" ac="FFFFFFFF" sc="5"><vp x="4" y="-6" z="6"/></o></c><c d="02_wedge" t="4"><o r="0,0,-1,0,1,0,1,0,0" bc="FFFFFFFF" ac="FFFFFFFF" sc="5"><vp x="4" y="-6" z="5"/></o></c><c d="02_wedge" t="4"><o r="0,0,-1,0,1,0,1,0,0" bc="FFFFFFFF" ac="FFFFFFFF" sc="5"><vp x="4" y="-6" z="4"/></o></c><c d="02_wedge" t="4"><o r="0,0,-1,0,1,0,1,0,0" bc="FFFFFFFF" ac="FFFFFFFF" sc="5"><vp x="4" y="-6" z="3"/></o></c><c d="02_wedge" t="4"><o r="0,0,-1,0,1,0,1,0,0" bc="FFFFFFFF" ac="FFFFFFFF" sc="5"><vp x="4" y="-6" z="2"/></o></c><c d="02_wedge" t="4"><o r="0,0,-1,0,1,0,1,0,0" bc="FFFFFFFF" ac="FFFFFFFF" sc="5"><vp x="4" y="-6" z="1"/></o></c><c d="02_wedge" t="4"><o r="0,0,-1,0,1,0,1,0,0" bc="FFFFFFFF" ac="FFFFFFFF" sc="5"><vp x="4" y="-6" z="0"/></o></c><c d="02_wedge" t="0"><o r="0,0,-1,0,1,0,1,0,0" bc="FFFFFFFF" ac="FFFFFFFF" sc="5"><vp x="-3" y="-5" z="16"/></o></c><c d="02_wedge" t="0"><o r="0,0,-1,0,1,0,1,0,0" bc="FFFFFFFF" ac="FFFFFFFF" sc="5"><vp x="-3" y="-5" z="15"/></o></c><c d="02_wedge" t="0"><o r="0,0,-1,0,1,0,1,0,0" bc="FFFFFFFF" ac="FFFFFFFF" sc="5"><vp x="-3" y="-5" z="14"/></o></c><c d="02_wedge" t="0"><o r="0,0,-1,0,1,0,1,0,0" bc="FFFFFFFF" ac="FFFFFFFF" sc="5"><vp x="-3" y="-5" z="13"/></o></c><c d="02_wedge" t="0"><o r="0,0,-1,0,1,0,1,0,0" bc="FFFFFFFF" ac="FFFFFFFF" sc="5"><vp x="-3" y="-5" z="12"/></o></c><c d="02_wedge" t="0"><o r="0,0,-1,0,1,0,1,0,0" bc="FFFFFFFF" ac="FFFFFFFF" sc="5"><vp x="-3" y="-5" z="11"/></o></c><c d="02_wedge" t="0"><o r="0,0,-1,0,1,0,1,0,0" bc="FFFFFFFF" ac="FFFFFFFF" sc="5"><vp x="-3" y="-5" z="10"/></o></c><c d="02_wedge" t="0"><o r="0,0,-1,0,1,0,1,0,0" bc="FFFFFFFF" ac="FFFFFFFF" sc="5"><vp x="-3" y="-5" z="9"/></o></c><c d="02_wedge" t="0"><o r="0,0,-1,0,1,0,1,0,0" bc="FFFFFFFF" ac="FFFFFFFF" sc="5"><vp x="-3" y="-5" z="8"/></o></c><c d="02_wedge" t="0"><o r="0,0,-1,0,1,0,1,0,0" bc="FFFFFFFF" ac="FFFFFFFF" sc="5"><vp x="-3" y="-5" z="7"/></o></c><c d="02_wedge" t="0"><o r="0,0,-1,0,1,0,1,0,0" bc="FFFFFFFF" ac="FFFFFFFF" sc="5"><vp x="-3" y="-5" z="6"/></o></c><c d="02_wedge" t="0"><o r="0,0,-1,0,1,0,1,0,0" bc="FFFFFFFF" ac="FFFFFFFF" sc="5"><vp x="-3" y="-5" z="5"/></o></c><c d="02_wedge" t="0"><o r="0,0,-1,0,1,0,1,0,0" bc="FFFFFFFF" ac="FFFFFFFF" sc="5"><vp x="-3" y="-5" z="4"/></o></c><c d="02_wedge" t="0"><o r="0,0,-1,0,1,0,1,0,0" bc="FFFFFFFF" ac="FFFFFFFF" sc="5"><vp x="-3" y="-5" z="3"/></o></c><c d="02_wedge" t="0"><o r="0,0,-1,0,1,0,1,0,0" bc="FFFFFFFF" ac="FFFFFFFF" sc="5"><vp x="-3" y="-5" z="2"/></o></c><c d="02_wedge" t="0"><o r="0,0,-1,0,1,0,1,0,0" bc="FFFFFFFF" ac="FFFFFFFF" sc="5"><vp x="-3" y="-5" z="1"/></o></c><c d="02_wedge" t="0"><o r="0,0,-1,0,1,0,1,0,0" bc="FFFFFFFF" ac="FFFFFFFF" sc="5"><vp x="-3" y="-5" z="0"/></o></c><c d="02_wedge" t="0"><o r="0,0,-1,0,1,0,1,0,0" bc="FFFFFFFF" ac="FFFFFFFF" sc="5"><vp x="-3" y="-5" z="-1"/></o></c><c d="02_wedge" t="4"><o r="0,0,-1,0,1,0,1,0,0" bc="FFFFFFFF" ac="FFFFFFFF" sc="5"><vp x="3" y="-5" z="16"/></o></c><c d="02_wedge" t="4"><o r="0,0,-1,0,1,0,1,0,0" bc="FFFFFFFF" ac="FFFFFFFF" sc="5"><vp x="3" y="-5" z="15"/></o></c><c d="02_wedge" t="4"><o r="0,0,-1,0,1,0,1,0,0" bc="FFFFFFFF" ac="FFFFFFFF" sc="5"><vp x="3" y="-5" z="14"/></o></c><c d="02_wedge" t="4"><o r="0,0,-1,0,1,0,1,0,0" bc="FFFFFFFF" ac="FFFFFFFF" sc="5"><vp x="3" y="-5" z="13"/></o></c><c d="02_wedge" t="4"><o r="0,0,-1,0,1,0,1,0,0" bc="FFFFFFFF" ac="FFFFFFFF" sc="5"><vp x="3" y="-5" z="12"/></o></c><c d="02_wedge" t="4"><o r="0,0,-1,0,1,0,1,0,0" bc="FFFFFFFF" ac="FFFFFFFF" sc="5"><vp x="3" y="-5" z="11"/></o></c><c d="02_wedge" t="4"><o r="0,0,-1,0,1,0,1,0,0" bc="FFFFFFFF" ac="FFFFFFFF" sc="5"><vp x="3" y="-5" z="10"/></o></c><c d="02_wedge" t="4"><o r="0,0,-1,0,1,0,1,0,0" bc="FFFFFFFF" ac="FFFFFFFF" sc="5"><vp x="3" y="-5" z="9"/></o></c><c d="02_wedge" t="4"><o r="0,0,-1,0,1,0,1,0,0" bc="FFFFFFFF" ac="FFFFFFFF" sc="5"><vp x="3" y="-5" z="8"/></o></c><c d="02_wedge" t="4"><o r="0,0,-1,0,1,0,1,0,0" bc="FFFFFFFF" ac="FFFFFFFF" sc="5"><vp x="3" y="-5" z="7"/></o></c><c d="02_wedge" t="4"><o r="0,0,-1,0,1,0,1,0,0" bc="FFFFFFFF" ac="FFFFFFFF" sc="5"><vp x="3" y="-5" z="6"/></o></c><c d="02_wedge" t="4"><o r="0,0,-1,0,1,0,1,0,0" bc="FFFFFFFF" ac="FFFFFFFF" sc="5"><vp x="3" y="-5" z="5"/></o></c><c d="02_wedge" t="4"><o r="0,0,-1,0,1,0,1,0,0" bc="FFFFFFFF" ac="FFFFFFFF" sc="5"><vp x="3" y="-5" z="4"/></o></c><c d="02_wedge" t="4"><o r="0,0,-1,0,1,0,1,0,0" bc="FFFFFFFF" ac="FFFFFFFF" sc="5"><vp x="3" y="-5" z="3"/></o></c><c d="02_wedge" t="4"><o r="0,0,-1,0,1,0,1,0,0" bc="FFFFFFFF" ac="FFFFFFFF" sc="5"><vp x="3" y="-5" z="2"/></o></c><c d="02_wedge" t="4"><o r="0,0,-1,0,1,0,1,0,0" bc="FFFFFFFF" ac="FFFFFFFF" sc="5"><vp x="3" y="-5" z="1"/></o></c><c d="02_wedge" t="4"><o r="0,0,-1,0,1,0,1,0,0" bc="FFFFFFFF" ac="FFFFFFFF" sc="5"><vp x="3" y="-5" z="0"/></o></c><c d="02_wedge" t="4"><o r="0,0,-1,0,1,0,1,0,0" bc="FFFFFFFF" ac="FFFFFFFF" sc="5"><vp x="3" y="-5" z="-1"/></o></c><c d="02_wedge" t="0"><o r="0,0,-1,0,1,0,1,0,0" bc="FFFFFFFF" ac="FFFFFFFF" sc="5"><vp x="-2" y="-4" z="16"/></o></c><c d="02_wedge" t="0"><o r="0,0,-1,0,1,0,1,0,0" bc="FFFFFFFF" ac="FFFFFFFF" sc="5"><vp x="-2" y="-4" z="14"/></o></c><c d="02_wedge" t="0"><o r="0,0,-1,0,1,0,1,0,0" bc="FFFFFFFF" ac="FFFFFFFF" sc="5"><vp x="-2" y="-4" z="13"/></o></c><c d="02_wedge" t="0"><o r="0,0,-1,0,1,0,1,0,0" bc="FFFFFFFF" ac="FFFFFFFF" sc="5"><vp x="-2" y="-4" z="12"/></o></c><c d="02_wedge" t="0"><o r="0,0,-1,0,1,0,1,0,0" bc="FFFFFFFF" ac="FFFFFFFF" sc="5"><vp x="-2" y="-4" z="11"/></o></c><c d="02_wedge" t="0"><o r="0,0,-1,0,1,0,1,0,0" bc="FFFFFFFF" ac="FFFFFFFF" sc="5"><vp x="-2" y="-4" z="10"/></o></c><c d="02_wedge" t="0"><o r="0,0,-1,0,1,0,1,0,0" bc="FFFFFFFF" ac="FFFFFFFF" sc="5"><vp x="-2" y="-4" z="9"/></o></c><c d="02_wedge" t="0"><o r="0,0,-1,0,1,0,1,0,0" bc="FFFFFFFF" ac="FFFFFFFF" sc="5"><vp x="-2" y="-4" z="8"/></o></c><c d="02_wedge" t="0"><o r="0,0,-1,0,1,0,1,0,0" bc="FFFFFFFF" ac="FFFFFFFF" sc="5"><vp x="-2" y="-4" z="7"/></o></c><c d="02_wedge" t="0"><o r="0,0,-1,0,1,0,1,0,0" bc="FFFFFFFF" ac="FFFFFFFF" sc="5"><vp x="-2" y="-4" z="6"/></o></c><c d="02_wedge" t="0"><o r="0,0,-1,0,1,0,1,0,0" bc="FFFFFFFF" ac="FFFFFFFF" sc="5"><vp x="-2" y="-4" z="5"/></o></c><c d="02_wedge" t="0"><o r="0,0,-1,0,1,0,1,0,0" bc="FFFFFFFF" ac="FFFFFFFF" sc="5"><vp x="-2" y="-4" z="4"/></o></c><c d="02_wedge" t="0"><o r="0,0,-1,0,1,0,1,0,0" bc="FFFFFFFF" ac="FFFFFFFF" sc="5"><vp x="-2" y="-4" z="3"/></o></c><c d="02_wedge" t="0"><o r="0,0,-1,0,1,0,1,0,0" bc="FFFFFFFF" ac="FFFFFFFF" sc="5"><vp x="-2" y="-4" z="2"/></o></c><c d="02_wedge" t="0"><o r="0,0,-1,0,1,0,1,0,0" bc="FFFFFFFF" ac="FFFFFFFF" sc="5"><vp x="-2" y="-4" z="1"/></o></c><c d="02_wedge" t="0"><o r="0,0,-1,0,1,0,1,0,0" bc="FFFFFFFF" ac="FFFFFFFF" sc="5"><vp x="-2" y="-4" z="0"/></o></c><c d="02_wedge" t="0"><o r="0,0,-1,0,1,0,1,0,0" bc="FFFFFFFF" ac="FFFFFFFF" sc="5"><vp x="-2" y="-4" z="-1"/></o></c><c d="02_wedge" t="4"><o r="0,0,-1,0,1,0,1,0,0" bc="FFFFFFFF" ac="FFFFFFFF" sc="5"><vp x="2" y="-4" z="16"/></o></c><c d="02_wedge" t="4"><o r="0,0,-1,0,1,0,1,0,0" bc="FFFFFFFF" ac="FFFFFFFF" sc="5"><vp x="2" y="-4" z="15"/></o></c><c d="02_wedge" t="4"><o r="0,0,-1,0,1,0,1,0,0" bc="FFFFFFFF" ac="FFFFFFFF" sc="5"><vp x="2" y="-4" z="14"/></o></c><c d="02_wedge" t="4"><o r="0,0,-1,0,1,0,1,0,0" bc="FFFFFFFF" ac="FFFFFFFF" sc="5"><vp x="2" y="-4" z="13"/></o></c><c d="02_wedge" t="4"><o r="0,0,-1,0,1,0,1,0,0" bc="FFFFFFFF" ac="FFFFFFFF" sc="5"><vp x="2" y="-4" z="12"/></o></c><c d="02_wedge" t="4"><o r="0,0,-1,0,1,0,1,0,0" bc="FFFFFFFF" ac="FFFFFFFF" sc="5"><vp x="2" y="-4" z="11"/></o></c><c d="02_wedge" t="4"><o r="0,0,-1,0,1,0,1,0,0" bc="FFFFFFFF" ac="FFFFFFFF" sc="5"><vp x="2" y="-4" z="10"/></o></c><c d="02_wedge" t="4"><o r="0,0,-1,0,1,0,1,0,0" bc="FFFFFFFF" ac="FFFFFFFF" sc="5"><vp x="2" y="-4" z="9"/></o></c><c d="02_wedge" t="4"><o r="0,0,-1,0,1,0,1,0,0" bc="FFFFFFFF" ac="FFFFFFFF" sc="5"><vp x="2" y="-4" z="8"/></o></c><c d="02_wedge" t="4"><o r="0,0,-1,0,1,0,1,0,0" bc="FFFFFFFF" ac="FFFFFFFF" sc="5"><vp x="2" y="-4" z="7"/></o></c><c d="02_wedge" t="4"><o r="0,0,-1,0,1,0,1,0,0" bc="FFFFFFFF" ac="FFFFFFFF" sc="5"><vp x="2" y="-4" z="6"/></o></c><c d="02_wedge" t="4"><o r="0,0,-1,0,1,0,1,0,0" bc="FFFFFFFF" ac="FFFFFFFF" sc="5"><vp x="2" y="-4" z="5"/></o></c><c d="02_wedge" t="4"><o r="0,0,-1,0,1,0,1,0,0" bc="FFFFFFFF" ac="FFFFFFFF" sc="5"><vp x="2" y="-4" z="4"/></o></c><c d="02_wedge" t="4"><o r="0,0,-1,0,1,0,1,0,0" bc="FFFFFFFF" ac="FFFFFFFF" sc="5"><vp x="2" y="-4" z="3"/></o></c><c d="02_wedge" t="4"><o r="0,0,-1,0,1,0,1,0,0" bc="FFFFFFFF" ac="FFFFFFFF" sc="5"><vp x="2" y="-4" z="2"/></o></c><c d="02_wedge" t="4"><o r="0,0,-1,0,1,0,1,0,0" bc="FFFFFFFF" ac="FFFFFFFF" sc="5"><vp x="2" y="-4" z="1"/></o></c><c d="02_wedge" t="4"><o r="0,0,-1,0,1,0,1,0,0" bc="FFFFFFFF" ac="FFFFFFFF" sc="5"><vp x="2" y="-4" z="0"/></o></c><c d="02_wedge" t="4"><o r="0,0,-1,0,1,0,1,0,0" bc="FFFFFFFF" ac="FFFFFFFF" sc="5"><vp x="2" y="-4" z="-1"/></o></c><c d="01_block" t="0"><o r="0,0,1,-1,0,0,0,-1,0" bc="FFFFFFFF" ac="FFFFFFFF" sc="6"><vp x="-1" y="-4" z="-1"/></o></c><c d="01_block" t="0"><o r="0,0,1,-1,0,0,0,-1,0" bc="FFFFFFFF" ac="FFFFFFFF" sc="6"><vp x="-1" y="-4" z="0"/></o></c><c d="01_block" t="0"><o r="0,0,1,-1,0,0,0,-1,0" bc="FFFFFFFF" ac="FFFFFFFF" sc="6"><vp x="-1" y="-4" z="1"/></o></c><c d="01_block" t="0"><o r="0,0,1,-1,0,0,0,-1,0" bc="FFFFFFFF" ac="FFFFFFFF" sc="6"><vp x="-1" y="-4" z="2"/></o></c><c d="01_block" t="0"><o r="0,0,1,-1,0,0,0,-1,0" bc="FFFFFFFF" ac="FFFFFFFF" sc="6"><vp x="-1" y="-4" z="3"/></o></c><c d="01_block" t="0"><o r="0,0,1,-1,0,0,0,-1,0" bc="FFFFFFFF" ac="FFFFFFFF" sc="6"><vp x="-1" y="-4" z="4"/></o></c><c d="01_block" t="0"><o r="0,0,1,-1,0,0,0,-1,0" bc="FFFFFFFF" ac="FFFFFFFF" sc="6"><vp x="-1" y="-4" z="5"/></o></c><c d="01_block" t="0"><o r="0,0,1,-1,0,0,0,-1,0" bc="FFFFFFFF" ac="FFFFFFFF" sc="6"><vp x="-1" y="-4" z="6"/></o></c><c d="01_block" t="0"><o r="0,0,1,-1,0,0,0,-1,0" bc="FFFFFFFF" ac="FFFFFFFF" sc="6"><vp x="-1" y="-4" z="7"/></o></c><c d="01_block" t="0"><o r="0,0,1,-1,0,0,0,-1,0" bc="FFFFFFFF" ac="FFFFFFFF" sc="6"><vp x="-1" y="-4" z="8"/></o></c><c d="01_block" t="0"><o r="0,0,1,-1,0,0,0,-1,0" bc="FFFFFFFF" ac="FFFFFFFF" sc="6"><vp x="-1" y="-4" z="9"/></o></c><c d="01_block" t="0"><o r="0,0,1,-1,0,0,0,-1,0" bc="FFFFFFFF" ac="FFFFFFFF" sc="6"><vp x="0" y="-4" z="0"/></o></c><c d="01_block" t="0"><o r="0,0,1,-1,0,0,0,-1,0" bc="FFFFFFFF" ac="FFFFFFFF" sc="6"><vp x="0" y="-4" z="1"/></o></c><c d="01_block" t="0"><o r="0,0,1,-1,0,0,0,-1,0" bc="FFFFFFFF" ac="FFFFFFFF" sc="6"><vp x="0" y="-4" z="2"/></o></c><c d="01_block" t="0"><o r="0,0,1,-1,0,0,0,-1,0" bc="FFFFFFFF" ac="FFFFFFFF" sc="6"><vp x="0" y="-4" z="3"/></o></c><c d="01_block" t="0"><o r="0,0,1,-1,0,0,0,-1,0" bc="FFFFFFFF" ac="FFFFFFFF" sc="6"><vp x="0" y="-4" z="4"/></o></c><c d="01_block" t="0"><o r="0,0,1,-1,0,0,0,-1,0" bc="FFFFFFFF" ac="FFFFFFFF" sc="6"><vp x="0" y="-4" z="5"/></o></c><c d="01_block" t="0"><o r="0,0,1,-1,0,0,0,-1,0" bc="FFFFFFFF" ac="FFFFFFFF" sc="6"><vp x="0" y="-4" z="6"/></o></c><c d="01_block" t="0"><o r="0,0,1,-1,0,0,0,-1,0" bc="FFFFFFFF" ac="FFFFFFFF" sc="6"><vp x="0" y="-4" z="7"/></o></c><c d="01_block" t="0"><o r="0,0,1,-1,0,0,0,-1,0" bc="FFFFFFFF" ac="FFFFFFFF" sc="6"><vp x="1" y="-4" z="-1"/></o></c><c d="01_block" t="0"><o r="0,0,1,-1,0,0,0,-1,0" bc="FFFFFFFF" ac="FFFFFFFF" sc="6"><vp x="1" y="-4" z="0"/></o></c><c d="01_block" t="0"><o r="0,0,1,-1,0,0,0,-1,0" bc="FFFFFFFF" ac="FFFFFFFF" sc="6"><vp x="1" y="-4" z="1"/></o></c><c d="01_block" t="0"><o r="0,0,1,-1,0,0,0,-1,0" bc="FFFFFFFF" ac="FFFFFFFF" sc="6"><vp x="1" y="-4" z="2"/></o></c><c d="01_block" t="0"><o r="0,0,1,-1,0,0,0,-1,0" bc="FFFFFFFF" ac="FFFFFFFF" sc="6"><vp x="1" y="-4" z="3"/></o></c><c d="01_block" t="0"><o r="0,0,1,-1,0,0,0,-1,0" bc="FFFFFFFF" ac="FFFFFFFF" sc="6"><vp x="1" y="-4" z="4"/></o></c><c d="01_block" t="0"><o r="0,0,1,-1,0,0,0,-1,0" bc="FFFFFFFF" ac="FFFFFFFF" sc="6"><vp x="1" y="-4" z="5"/></o></c><c d="01_block" t="0"><o r="0,0,1,-1,0,0,0,-1,0" bc="FFFFFFFF" ac="FFFFFFFF" sc="6"><vp x="1" y="-4" z="6"/></o></c><c d="01_block" t="0"><o r="0,0,1,-1,0,0,0,-1,0" bc="FFFFFFFF" ac="FFFFFFFF" sc="6"><vp x="1" y="-4" z="7"/></o></c><c d="01_block" t="0"><o r="0,0,1,-1,0,0,0,-1,0" bc="FFFFFFFF" ac="FFFFFFFF" sc="6"><vp x="1" y="-4" z="8"/></o></c><c d="01_block" t="0"><o r="0,0,1,-1,0,0,0,-1,0" bc="FFFFFFFF" ac="FFFFFFFF" sc="6"><vp x="1" y="-4" z="9"/></o></c><c d="01_block" t="0"><o r="1,0,0,0,1,0,0,0,1" bc="FFFFFFFF" ac="FFFFFFFF" sc="6"><vp x="-3" y="-7" z="-1"/></o></c><c d="01_block" t="0"><o r="1,0,0,0,1,0,0,0,1" bc="FFFFFFFF" ac="FFFFFFFF" sc="6"><vp x="-3" y="-6" z="-1"/></o></c><c d="01_block" t="0"><o r="1,0,0,0,1,0,0,0,1" bc="FFFFFFFF" ac="FFFFFFFF" sc="6"><vp x="-2" y="-7" z="-1"/></o></c><c d="01_block" t="0"><o r="1,0,0,0,1,0,0,0,1" bc="FFFFFFFF" ac="FFFFFFFF" sc="6"><vp x="-2" y="-6" z="-1"/></o></c><c d="01_block" t="0"><o r="1,0,0,0,1,0,0,0,1" bc="FFFFFFFF" ac="FFFFFFFF" sc="6"><vp x="-2" y="-5" z="-1"/></o></c><c d="01_block" t="0"><o r="1,0,0,0,1,0,0,0,1" bc="FFFFFFFF" ac="FFFFFFFF" sc="6"><vp x="-1" y="-7" z="-1"/></o></c><c d="01_block" t="0"><o r="1,0,0,0,1,0,0,0,1" bc="FFFFFFFF" ac="FFFFFFFF" sc="6"><vp x="-1" y="-6" z="-1"/></o></c><c d="01_block" t="0"><o r="1,0,0,0,1,0,0,0,1" bc="FFFFFFFF" ac="FFFFFFFF" sc="6"><vp x="0" y="-7" z="-1"/></o></c><c d="01_block" t="0"><o r="1,0,0,0,1,0,0,0,1" bc="FFFFFFFF" ac="FFFFFFFF" sc="6"><vp x="0" y="-6" z="-1"/></o></c><c d="01_block" t="0"><o r="1,0,0,0,1,0,0,0,1" bc="FFFFFFFF" ac="FFFFFFFF" sc="6"><vp x="1" y="-7" z="-1"/></o></c><c d="01_block" t="0"><o r="1,0,0,0,1,0,0,0,1" bc="FFFFFFFF" ac="FFFFFFFF" sc="6"><vp x="1" y="-6" z="-1"/></o></c><c d="01_block" t="0"><o r="1,0,0,0,1,0,0,0,1" bc="FFFFFFFF" ac="FFFFFFFF" sc="6"><vp x="1" y="-5" z="-1"/></o></c><c d="01_block" t="0"><o r="1,0,0,0,1,0,0,0,1" bc="FFFFFFFF" ac="FFFFFFFF" sc="6"><vp x="2" y="-7" z="-1"/></o></c><c d="01_block" t="0"><o r="1,0,0,0,1,0,0,0,1" bc="FFFFFFFF" ac="FFFFFFFF" sc="6"><vp x="2" y="-6" z="-1"/></o></c><c d="01_block" t="0"><o r="1,0,0,0,1,0,0,0,1" bc="FFFFFFFF" ac="FFFFFFFF" sc="6"><vp x="2" y="-5" z="-1"/></o></c><c d="01_block" t="0"><o r="1,0,0,0,1,0,0,0,1" bc="FFFFFFFF" ac="FFFFFFFF" sc="6"><vp x="3" y="-7" z="-1"/></o></c><c d="01_block" t="0"><o r="1,0,0,0,1,0,0,0,1" bc="FFFFFFFF" ac="FFFFFFFF" sc="6"><vp x="3" y="-6" z="-1"/></o></c><c d="01_block" t="0"><o r="1,0,0,0,0,-1,0,1,0" bc="FFFFFFFF" ac="FFFFFFFF" sc="6"><vp x="-4" y="-8" z="0"/></o></c><c d="01_block" t="0"><o r="1,0,0,0,0,-1,0,1,0" bc="FFFFFFFF" ac="FFFFFFFF" sc="6"><vp x="-4" y="-8" z="1"/></o></c><c d="01_block" t="0"><o r="1,0,0,0,0,-1,0,1,0" bc="FFFFFFFF" ac="FFFFFFFF" sc="6"><vp x="-4" y="-8" z="2"/></o></c><c d="01_block" t="0"><o r="1,0,0,0,0,-1,0,1,0" bc="FFFFFFFF" ac="FFFFFFFF" sc="6"><vp x="-4" y="-8" z="3"/></o></c><c d="01_block" t="0"><o r="1,0,0,0,0,-1,0,1,0" bc="FFFFFFFF" ac="FFFFFFFF" sc="6"><vp x="-4" y="-8" z="4"/></o></c><c d="01_block" t="0"><o r="1,0,0,0,0,-1,0,1,0" bc="FFFFFFFF" ac="FFFFFFFF" sc="6"><vp x="-4" y="-8" z="5"/></o></c><c d="01_block" t="0"><o r="1,0,0,0,0,-1,0,1,0" bc="FFFFFFFF" ac="FFFFFFFF" sc="6"><vp x="-4" y="-8" z="6"/></o></c><c d="01_block" t="0"><o r="1,0,0,0,0,-1,0,1,0" bc="FFFFFFFF" ac="FFFFFFFF" sc="6"><vp x="-4" y="-8" z="7"/></o></c><c d="01_block" t="0"><o r="1,0,0,0,0,-1,0,1,0" bc="FFFFFFFF" ac="FFFFFFFF" sc="6"><vp x="-4" y="-8" z="8"/></o></c><c d="01_block" t="0"><o r="1,0,0,0,0,-1,0,1,0" bc="FFFFFFFF" ac="FFFFFFFF" sc="6"><vp x="-4" y="-8" z="9"/></o></c><c d="01_block" t="0"><o r="1,0,0,0,0,-1,0,1,0" bc="FFFFFFFF" ac="FFFFFFFF" sc="6"><vp x="-4" y="-8" z="10"/></o></c><c d="01_block" t="0"><o r="1,0,0,0,0,-1,0,1,0" bc="FFFFFFFF" ac="FFFFFFFF" sc="6"><vp x="-4" y="-8" z="11"/></o></c><c d="01_block" t="0"><o r="1,0,0,0,0,-1,0,1,0" bc="FFFFFFFF" ac="FFFFFFFF" sc="6"><vp x="-4" y="-8" z="12"/></o></c><c d="01_block" t="0"><o r="1,0,0,0,0,-1,0,1,0" bc="FFFFFFFF" ac="FFFFFFFF" sc="6"><vp x="-4" y="-8" z="13"/></o></c><c d="01_block" t="0"><o r="1,0,0,0,0,-1,0,1,0" bc="FFFFFFFF" ac="FFFFFFFF" sc="6"><vp x="-4" y="-8" z="14"/></o></c><c d="01_block" t="0"><o r="1,0,0,0,0,-1,0,1,0" bc="FFFFFFFF" ac="FFFFFFFF" sc="6"><vp x="-4" y="-8" z="15"/></o></c><c d="01_block" t="0"><o r="1,0,0,0,0,-1,0,1,0" bc="FFFFFFFF" ac="FFFFFFFF" sc="6"><vp x="-4" y="-8" z="16"/></o></c><c d="01_block" t="0"><o r="1,0,0,0,0,-1,0,1,0" bc="FFFFFFFF" ac="FFFFFFFF" sc="6"><vp x="-4" y="-8" z="17"/></o></c><c d="01_block" t="0"><o r="1,0,0,0,0,-1,0,1,0" bc="FFFFFFFF" ac="FFFFFFFF" sc="6"><vp x="-4" y="-8" z="18"/></o></c><c d="01_block" t="0"><o r="1,0,0,0,0,-1,0,1,0" bc="FFFFFFFF" ac="FFFFFFFF" sc="6"><vp x="-4" y="-8" z="19"/></o></c><c d="01_block" t="0"><o r="1,0,0,0,0,-1,0,1,0" bc="FFFFFFFF" ac="FFFFFFFF" sc="6"><vp x="-4" y="-8" z="20"/></o></c><c d="01_block" t="0"><o r="1,0,0,0,0,-1,0,1,0" bc="FFFFFFFF" ac="FFFFFFFF" sc="6"><vp x="-4" y="-8" z="21"/></o></c><c d="01_block" t="0"><o r="1,0,0,0,0,-1,0,1,0" bc="FFFFFFFF" ac="FFFFFFFF" sc="6"><vp x="-4" y="-8" z="22"/></o></c><c d="01_block" t="0"><o r="1,0,0,0,0,-1,0,1,0" bc="FFFFFFFF" ac="FFFFFFFF" sc="6"><vp x="-4" y="-7" z="0"/></o></c><c d="01_block" t="0"><o r="1,0,0,0,0,-1,0,1,0" bc="FFFFFFFF" ac="FFFFFFFF" sc="6"><vp x="-4" y="-7" z="1"/></o></c><c d="01_block" t="0"><o r="1,0,0,0,0,-1,0,1,0" bc="FFFFFFFF" ac="FFFFFFFF" sc="6"><vp x="-4" y="-7" z="2"/></o></c><c d="01_block" t="0"><o r="1,0,0,0,0,-1,0,1,0" bc="FFFFFFFF" ac="FFFFFFFF" sc="6"><vp x="-4" y="-7" z="3"/></o></c><c d="01_block" t="0"><o r="1,0,0,0,0,-1,0,1,0" bc="FFFFFFFF" ac="FFFFFFFF" sc="6"><vp x="-4" y="-7" z="4"/></o></c><c d="01_block" t="0"><o r="1,0,0,0,0,-1,0,1,0" bc="FFFFFFFF" ac="FFFFFFFF" sc="6"><vp x="-4" y="-7" z="5"/></o></c><c d="01_block" t="0"><o r="1,0,0,0,0,-1,0,1,0" bc="FFFFFFFF" ac="FFFFFFFF" sc="6"><vp x="-4" y="-7" z="6"/></o></c><c d="01_block" t="0"><o r="1,0,0,0,0,-1,0,1,0" bc="FFFFFFFF" ac="FFFFFFFF" sc="6"><vp x="-4" y="-7" z="7"/></o></c><c d="01_block" t="0"><o r="1,0,0,0,0,-1,0,1,0" bc="FFFFFFFF" ac="FFFFFFFF" sc="6"><vp x="-4" y="-7" z="8"/></o></c><c d="01_block" t="0"><o r="1,0,0,0,0,-1,0,1,0" bc="FFFFFFFF" ac="FFFFFFFF" sc="6"><vp x="-4" y="-7" z="9"/></o></c><c d="01_block" t="0"><o r="1,0,0,0,0,-1,0,1,0" bc="FFFFFFFF" ac="FFFFFFFF" sc="6"><vp x="-4" y="-7" z="10"/></o></c><c d="01_block" t="0"><o r="1,0,0,0,0,-1,0,1,0" bc="FFFFFFFF" ac="FFFFFFFF" sc="6"><vp x="-4" y="-7" z="11"/></o></c><c d="01_block" t="0"><o r="1,0,0,0,0,-1,0,1,0" bc="FFFFFFFF" ac="FFFFFFFF" sc="6"><vp x="-4" y="-7" z="12"/></o></c><c d="01_block" t="0"><o r="1,0,0,0,0,-1,0,1,0" bc="FFFFFFFF" ac="FFFFFFFF" sc="6"><vp x="-4" y="-7" z="13"/></o></c><c d="01_block" t="0"><o r="1,0,0,0,0,-1,0,1,0" bc="FFFFFFFF" ac="FFFFFFFF" sc="6"><vp x="-4" y="-7" z="14"/></o></c><c d="01_block" t="0"><o r="1,0,0,0,0,-1,0,1,0" bc="FFFFFFFF" ac="FFFFFFFF" sc="6"><vp x="-4" y="-7" z="15"/></o></c><c d="01_block" t="0"><o r="1,0,0,0,0,-1,0,1,0" bc="FFFFFFFF" ac="FFFFFFFF" sc="6"><vp x="-4" y="-7" z="16"/></o></c><c d="01_block" t="0"><o r="1,0,0,0,0,-1,0,1,0" bc="FFFFFFFF" ac="FFFFFFFF" sc="6"><vp x="-4" y="-7" z="17"/></o></c><c d="01_block" t="0"><o r="1,0,0,0,0,-1,0,1,0" bc="FFFFFFFF" ac="FFFFFFFF" sc="6"><vp x="-4" y="-7" z="18"/></o></c><c d="01_block" t="0"><o r="1,0,0,0,0,-1,0,1,0" bc="FFFFFFFF" ac="FFFFFFFF" sc="6"><vp x="-4" y="-7" z="19"/></o></c><c d="01_block" t="0"><o r="1,0,0,0,0,-1,0,1,0" bc="FFFFFFFF" ac="FFFFFFFF" sc="6"><vp x="-4" y="-7" z="20"/></o></c><c d="01_block" t="0"><o r="1,0,0,0,0,-1,0,1,0" bc="FFFFFFFF" ac="FFFFFFFF" sc="6"><vp x="-4" y="-7" z="21"/></o></c><c d="01_block" t="0"><o r="1,0,0,0,0,-1,0,1,0" bc="FFFFFFFF" ac="FFFFFFFF" sc="6"><vp x="-4" y="-7" z="22"/></o></c><c d="01_block" t="1"><o r="1,0,0,0,0,-1,0,1,0" bc="FFFFFFFF" ac="FFFFFFFF" sc="6"><vp x="4" y="-8" z="0"/></o></c><c d="01_block" t="1"><o r="1,0,0,0,0,-1,0,1,0" bc="FFFFFFFF" ac="FFFFFFFF" sc="6"><vp x="4" y="-8" z="1"/></o></c><c d="01_block" t="1"><o r="1,0,0,0,0,-1,0,1,0" bc="FFFFFFFF" ac="FFFFFFFF" sc="6"><vp x="4" y="-8" z="2"/></o></c><c d="01_block" t="1"><o r="1,0,0,0,0,-1,0,1,0" bc="FFFFFFFF" ac="FFFFFFFF" sc="6"><vp x="4" y="-8" z="3"/></o></c><c d="01_block" t="1"><o r="1,0,0,0,0,-1,0,1,0" bc="FFFFFFFF" ac="FFFFFFFF" sc="6"><vp x="4" y="-8" z="4"/></o></c><c d="01_block" t="1"><o r="1,0,0,0,0,-1,0,1,0" bc="FFFFFFFF" ac="FFFFFFFF" sc="6"><vp x="4" y="-8" z="5"/></o></c><c d="01_block" t="1"><o r="1,0,0,0,0,-1,0,1,0" bc="FFFFFFFF" ac="FFFFFFFF" sc="6"><vp x="4" y="-8" z="6"/></o></c><c d="01_block" t="1"><o r="1,0,0,0,0,-1,0,1,0" bc="FFFFFFFF" ac="FFFFFFFF" sc="6"><vp x="4" y="-8" z="7"/></o></c><c d="01_block" t="1"><o r="1,0,0,0,0,-1,0,1,0" bc="FFFFFFFF" ac="FFFFFFFF" sc="6"><vp x="4" y="-8" z="8"/></o></c><c d="01_block" t="1"><o r="1,0,0,0,0,-1,0,1,0" bc="FFFFFFFF" ac="FFFFFFFF" sc="6"><vp x="4" y="-8" z="9"/></o></c><c d="01_block" t="1"><o r="1,0,0,0,0,-1,0,1,0" bc="FFFFFFFF" ac="FFFFFFFF" sc="6"><vp x="4" y="-8" z="10"/></o></c><c d="01_block" t="1"><o r="1,0,0,0,0,-1,0,1,0" bc="FFFFFFFF" ac="FFFFFFFF" sc="6"><vp x="4" y="-8" z="11"/></o></c><c d="01_block" t="1"><o r="1,0,0,0,0,-1,0,1,0" bc="FFFFFFFF" ac="FFFFFFFF" sc="6"><vp x="4" y="-8" z="12"/></o></c><c d="01_block" t="1"><o r="1,0,0,0,0,-1,0,1,0" bc="FFFFFFFF" ac="FFFFFFFF" sc="6"><vp x="4" y="-8" z="13"/></o></c><c d="01_block" t="1"><o r="1,0,0,0,0,-1,0,1,0" bc="FFFFFFFF" ac="FFFFFFFF" sc="6"><vp x="4" y="-8" z="14"/></o></c><c d="01_block" t="1"><o r="1,0,0,0,0,-1,0,1,0" bc="FFFFFFFF" ac="FFFFFFFF" sc="6"><vp x="4" y="-8" z="15"/></o></c><c d="01_block" t="1"><o r="1,0,0,0,0,-1,0,1,0" bc="FFFFFFFF" ac="FFFFFFFF" sc="6"><vp x="4" y="-8" z="16"/></o></c><c d="01_block" t="1"><o r="1,0,0,0,0,-1,0,1,0" bc="FFFFFFFF" ac="FFFFFFFF" sc="6"><vp x="4" y="-8" z="17"/></o></c><c d="01_block" t="1"><o r="1,0,0,0,0,-1,0,1,0" bc="FFFFFFFF" ac="FFFFFFFF" sc="6"><vp x="4" y="-8" z="18"/></o></c><c d="01_block" t="1"><o r="1,0,0,0,0,-1,0,1,0" bc="FFFFFFFF" ac="FFFFFFFF" sc="6"><vp x="4" y="-8" z="19"/></o></c><c d="01_block" t="1"><o r="1,0,0,0,0,-1,0,1,0" bc="FFFFFFFF" ac="FFFFFFFF" sc="6"><vp x="4" y="-8" z="20"/></o></c><c d="01_block" t="1"><o r="1,0,0,0,0,-1,0,1,0" bc="FFFFFFFF" ac="FFFFFFFF" sc="6"><vp x="4" y="-8" z="21"/></o></c><c d="01_block" t="1"><o r="1,0,0,0,0,-1,0,1,0" bc="FFFFFFFF" ac="FFFFFFFF" sc="6"><vp x="4" y="-8" z="22"/></o></c><c d="01_block" t="1"><o r="1,0,0,0,0,-1,0,1,0" bc="FFFFFFFF" ac="FFFFFFFF" sc="6"><vp x="4" y="-7" z="0"/></o></c><c d="01_block" t="1"><o r="1,0,0,0,0,-1,0,1,0" bc="FFFFFFFF" ac="FFFFFFFF" sc="6"><vp x="4" y="-7" z="1"/></o></c><c d="01_block" t="1"><o r="1,0,0,0,0,-1,0,1,0" bc="FFFFFFFF" ac="FFFFFFFF" sc="6"><vp x="4" y="-7" z="2"/></o></c><c d="01_block" t="1"><o r="1,0,0,0,0,-1,0,1,0" bc="FFFFFFFF" ac="FFFFFFFF" sc="6"><vp x="4" y="-7" z="3"/></o></c><c d="01_block" t="1"><o r="1,0,0,0,0,-1,0,1,0" bc="FFFFFFFF" ac="FFFFFFFF" sc="6"><vp x="4" y="-7" z="4"/></o></c><c d="01_block" t="1"><o r="1,0,0,0,0,-1,0,1,0" bc="FFFFFFFF" ac="FFFFFFFF" sc="6"><vp x="4" y="-7" z="5"/></o></c><c d="01_block" t="1"><o r="1,0,0,0,0,-1,0,1,0" bc="FFFFFFFF" ac="FFFFFFFF" sc="6"><vp x="4" y="-7" z="6"/></o></c><c d="01_block" t="1"><o r="1,0,0,0,0,-1,0,1,0" bc="FFFFFFFF" ac="FFFFFFFF" sc="6"><vp x="4" y="-7" z="7"/></o></c><c d="01_block" t="1"><o r="1,0,0,0,0,-1,0,1,0" bc="FFFFFFFF" ac="FFFFFFFF" sc="6"><vp x="4" y="-7" z="8"/></o></c><c d="01_block" t="1"><o r="1,0,0,0,0,-1,0,1,0" bc="FFFFFFFF" ac="FFFFFFFF" sc="6"><vp x="4" y="-7" z="9"/></o></c><c d="01_block" t="1"><o r="1,0,0,0,0,-1,0,1,0" bc="FFFFFFFF" ac="FFFFFFFF" sc="6"><vp x="4" y="-7" z="10"/></o></c><c d="01_block" t="1"><o r="1,0,0,0,0,-1,0,1,0" bc="FFFFFFFF" ac="FFFFFFFF" sc="6"><vp x="4" y="-7" z="11"/></o></c><c d="01_block" t="1"><o r="1,0,0,0,0,-1,0,1,0" bc="FFFFFFFF" ac="FFFFFFFF" sc="6"><vp x="4" y="-7" z="12"/></o></c><c d="01_block" t="1"><o r="1,0,0,0,0,-1,0,1,0" bc="FFFFFFFF" ac="FFFFFFFF" sc="6"><vp x="4" y="-7" z="13"/></o></c><c d="01_block" t="1"><o r="1,0,0,0,0,-1,0,1,0" bc="FFFFFFFF" ac="FFFFFFFF" sc="6"><vp x="4" y="-7" z="14"/></o></c><c d="01_block" t="1"><o r="1,0,0,0,0,-1,0,1,0" bc="FFFFFFFF" ac="FFFFFFFF" sc="6"><vp x="4" y="-7" z="15"/></o></c><c d="01_block" t="1"><o r="1,0,0,0,0,-1,0,1,0" bc="FFFFFFFF" ac="FFFFFFFF" sc="6"><vp x="4" y="-7" z="16"/></o></c><c d="01_block" t="1"><o r="1,0,0,0,0,-1,0,1,0" bc="FFFFFFFF" ac="FFFFFFFF" sc="6"><vp x="4" y="-7" z="17"/></o></c><c d="01_block" t="1"><o r="1,0,0,0,0,-1,0,1,0" bc="FFFFFFFF" ac="FFFFFFFF" sc="6"><vp x="4" y="-7" z="18"/></o></c><c d="01_block" t="1"><o r="1,0,0,0,0,-1,0,1,0" bc="FFFFFFFF" ac="FFFFFFFF" sc="6"><vp x="4" y="-7" z="19"/></o></c><c d="01_block" t="1"><o r="1,0,0,0,0,-1,0,1,0" bc="FFFFFFFF" ac="FFFFFFFF" sc="6"><vp x="4" y="-7" z="20"/></o></c><c d="01_block" t="1"><o r="1,0,0,0,0,-1,0,1,0" bc="FFFFFFFF" ac="FFFFFFFF" sc="6"><vp x="4" y="-7" z="21"/></o></c><c d="01_block" t="1"><o r="1,0,0,0,0,-1,0,1,0" bc="FFFFFFFF" ac="FFFFFFFF" sc="6"><vp x="4" y="-7" z="22"/></o></c><c d="door_frame_corner" t="2"><o r="-1,0,0,0,0,-1,0,-1,0" bc="FFFFFFFF" ac="FFFFFFFF" sc="14" custom_name=""><vp x="-3" y="-8" z="0"/><logic_slots><slot value="false"/><slot value="false"/></logic_slots></o></c><c d="door_frame_corner" t="3"><o r="-1,0,0,0,0,-1,0,-1,0" bc="FFFFFFFF" ac="FFFFFFFF" sc="14" custom_name=""><vp x="3" y="-8" z="0"/><logic_slots><slot value="false"/><slot value="false"/></logic_slots></o></c><c d="door_frame_controller" t="0"><o r="1,0,0,0,0,1,0,-1,0" bc="FFFFFFFF" ac="FFFFFFFF" sc="10" custom_name=""><vp x="0" y="-8" z="0"/><logic_slots><slot value="false"/><slot value="false"/></logic_slots></o></c><c d="door_frame_straight" t="0"><o r="1,0,0,0,0,1,0,-1,0" bc="FFFFFFFF" ac="FFFFFFFF" sc="6" custom_name=""><vp x="1" y="-8" z="0"/><logic_slots><slot value="false"/><slot value="false"/></logic_slots></o></c><c d="door_frame_straight" t="0"><o r="0,0,1,-1,0,0,0,-1,0" bc="FFFFFFFF" ac="FFFFFFFF" sc="6" custom_name=""><vp x="3" y="-8" z="2"/><logic_slots><slot value="false"/><slot value="false"/></logic_slots></o></c><c d="door_frame_straight" t="0"><o r="0,0,1,-1,0,0,0,-1,0" bc="FFFFFFFF" ac="FFFFFFFF" sc="6" custom_name=""><vp x="3" y="-8" z="3"/><logic_slots><slot value="false"/><slot value="false"/></logic_slots></o></c><c d="door_frame_straight" t="0"><o r="0,0,1,-1,0,0,0,-1,0" bc="FFFFFFFF" ac="FFFFFFFF" sc="6" custom_name=""><vp x="3" y="-8" z="4"/><logic_slots><slot value="false"/><slot value="false"/></logic_slots></o></c><c d="door_frame_straight" t="0"><o r="0,0,1,-1,0,0,0,-1,0" bc="FFFFFFFF" ac="FFFFFFFF" sc="6" custom_name=""><vp x="3" y="-8" z="5"/><logic_slots><slot value="false"/><slot value="false"/></logic_slots></o></c><c d="door_frame_straight" t="0"><o r="0,0,1,-1,0,0,0,-1,0" bc="FFFFFFFF" ac="FFFFFFFF" sc="6" custom_name=""><vp x="3" y="-8" z="6"/><logic_slots><slot value="false"/><slot value="false"/></logic_slots></o></c><c d="door_frame_straight" t="0"><o r="0,0,1,-1,0,0,0,-1,0" bc="FFFFFFFF" ac="FFFFFFFF" sc="6" custom_name=""><vp x="3" y="-8" z="7"/><logic_slots><slot value="false"/><slot value="false"/></logic_slots></o></c><c d="door_frame_straight" t="0"><o r="0,0,1,-1,0,0,0,-1,0" bc="FFFFFFFF" ac="FFFFFFFF" sc="6" custom_name=""><vp x="3" y="-8" z="8"/><logic_slots><slot value="false"/><slot value="false"/></logic_slots></o></c><c d="door_frame_straight" t="2"><o r="0,0,1,-1,0,0,0,-1,0" bc="FFFFFFFF" ac="FFFFFFFF" sc="6" custom_name=""><vp x="-3" y="-8" z="2"/><logic_slots><slot value="false"/><slot value="false"/></logic_slots></o></c><c d="door_frame_straight" t="2"><o r="0,0,1,-1,0,0,0,-1,0" bc="FFFFFFFF" ac="FFFFFFFF" sc="6" custom_name=""><vp x="-3" y="-8" z="3"/><logic_slots><slot value="false"/><slot value="false"/></logic_slots></o></c><c d="door_frame_straight" t="2"><o r="0,0,1,-1,0,0,0,-1,0" bc="FFFFFFFF" ac="FFFFFFFF" sc="6" custom_name=""><vp x="-3" y="-8" z="4"/><logic_slots><slot value="false"/><slot value="false"/></logic_slots></o></c><c d="door_frame_straight" t="2"><o r="0,0,1,-1,0,0,0,-1,0" bc="FFFFFFFF" ac="FFFFFFFF" sc="6" custom_name=""><vp x="-3" y="-8" z="5"/><logic_slots><slot value="false"/><slot value="false"/></logic_slots></o></c><c d="door_frame_straight" t="2"><o r="0,0,1,-1,0,0,0,-1,0" bc="FFFFFFFF" ac="FFFFFFFF" sc="6" custom_name=""><vp x="-3" y="-8" z="6"/><logic_slots><slot value="false"/><slot value="false"/></logic_slots></o></c><c d="door_frame_straight" t="2"><o r="0,0,1,-1,0,0,0,-1,0" bc="FFFFFFFF" ac="FFFFFFFF" sc="6" custom_name=""><vp x="-3" y="-8" z="7"/><logic_slots><slot value="false"/><slot value="false"/></logic_slots></o></c><c d="door_frame_straight" t="2"><o r="0,0,1,-1,0,0,0,-1,0" bc="FFFFFFFF" ac="FFFFFFFF" sc="6" custom_name=""><vp x="-3" y="-8" z="8"/><logic_slots><slot value="false"/><slot value="false"/></logic_slots></o></c><c d="linear_compact_base" t="2"><o r="-1,0,0,0,0,-1,0,-1,0" bc="FFFFFFFF" ac="FFFFFFFF" sc="5" custom_name="" max_force_scalar="1" gear_ratio="2" input_velocity="1"><vp x="0" y="-7" z="0"/><logic_slots><slot value="0"/><slot value="false"/><slot value="false"/><slot value="0"/></logic_slots></o></c><c d="linear_compact_module" t="2"><o r="1,0,0,0,0,-1,0,1,0" bc="FFFFFFFF" ac="FFFFFFFF" sc="5"><vp x="0" y="-6" z="0"/></o></c><c d="gauge_display" t="0"><o r="1,0,0,0,0,-1,0,1,0" bc="FFFFFFFF" ac="FFFFFFFF" sc="8" custom_name="" decimal_point_pos="3" audio="audio/fx3/stormworks_warningalarm.ogg" volume="1" pitch="1" is_infrared="false"><vp x="0" y="-5" z="-1"/><logic_slots><slot value="0"/><slot value="0"/><slot value="false"/></logic_slots><min_value text="0" value="0"/><max_value text="10000" value="10000"/></o></c><c d="button_toggle_2side" t="0"><o r="1,0,0,0,0,-1,0,1,0" bc="FFFFFFFF" ac="FFFFFFFF" sc="4" custom_name="" hold_duration="1" default_state="false" sensitivity="1" val_1_name="" val_2_name=""><vp x="-1" y="-5" z="-1"/><logic_slots><slot value="false"/><slot value="false"/><slot value="false"/><slot value="0"/><slot value="0"/></logic_slots><min_lever_value text="0" value="0"/><max_lever_value text="1" value="1"/><starting_lever_value text="0" value="0"/></o></c><c d="01_block" t="0"><o r="1,0,0,0,1,0,0,0,1" bc="FFFFFFFF" ac="FFFFFFFF" sc="6"><vp x="0" y="-3" z="-1"/></o></c><c d="01_block" t="0"><o r="1,0,0,0,1,0,0,0,1" bc="FFFFFFFF" ac="FFFFFFFF" sc="6"><vp x="0" y="-2" z="-1"/></o></c><c d="01_block" t="0"><o r="1,0,0,0,1,0,0,0,1" bc="FFFFFFFF" ac="FFFFFFFF" sc="6"><vp x="0" y="-1" z="-1"/></o></c><c d="01_block" t="4"><o r="1,0,0,0,1,0,0,0,1" bc="FFFFFFFF" ac="FFFFFFFF" sc="6"><vp x="0" y="-3" z="23"/></o></c><c d="01_block" t="4"><o r="1,0,0,0,1,0,0,0,1" bc="FFFFFFFF" ac="FFFFFFFF" sc="6"><vp x="0" y="-2" z="23"/></o></c><c d="01_block" t="4"><o r="1,0,0,0,1,0,0,0,1" bc="FFFFFFFF" ac="FFFFFFFF" sc="6"><vp x="0" y="-1" z="23"/></o></c><c d="02_wedge" t="0"><o r="0,0,-1,0,1,0,1,0,0" bc="FFFFFFFF" ac="FFFFFFFF" sc="5"><vp x="-1" y="-3" z="-1"/></o></c><c d="02_wedge" t="1"><o r="0,0,-1,0,1,0,1,0,0" bc="FFFFFFFF" ac="FFFFFFFF" sc="5"><vp x="-1" y="-3" z="23"/></o></c><c d="02_wedge" t="0"><o r="0,0,-1,-1,0,0,0,1,0" bc="FFFFFFFF" ac="FFFFFFFF" sc="5"><vp x="-1" y="-1" z="-1"/></o></c><c d="02_wedge" t="1"><o r="0,0,-1,-1,0,0,0,1,0" bc="FFFFFFFF" ac="FFFFFFFF" sc="5"><vp x="-1" y="-1" z="23"/></o></c><c d="02_wedge" t="0"><o r="0,0,1,0,1,0,-1,0,0" bc="FFFFFFFF" ac="FFFFFFFF" sc="5"><vp x="1" y="-3" z="-1"/></o></c><c d="02_wedge" t="1"><o r="0,0,1,0,1,0,-1,0,0" bc="FFFFFFFF" ac="FFFFFFFF" sc="5"><vp x="1" y="-3" z="23"/></o></c><c d="02_wedge" t="0"><o r="0,0,-1,0,-1,0,-1,0,0" bc="FFFFFFFF" ac="FFFFFFFF" sc="5"><vp x="1" y="-1" z="-1"/></o></c><c d="02_wedge" t="1"><o r="0,0,-1,0,-1,0,-1,0,0" bc="FFFFFFFF" ac="FFFFFFFF" sc="5"><vp x="1" y="-1" z="23"/></o></c><c d="01_block" t="0"><o r="-1,0,0,0,-1,0,0,0,1" bc="FFFFFFFF" ac="FFFFFFFF" sc="6"><vp x="4" y="-6" z="-1"/></o></c><c d="01_block" t="0"><o r="-1,0,0,0,-1,0,0,0,1" bc="FFFFFFFF" ac="FFFFFFFF" sc="6"><vp x="4" y="-5" z="-1"/></o></c><c d="01_block" t="0"><o r="-1,0,0,0,-1,0,0,0,1" bc="FFFFFFFF" ac="FFFFFFFF" sc="6"><vp x="4" y="-4" z="-1"/></o></c><c d="01_block" t="0"><o r="-1,0,0,0,-1,0,0,0,1" bc="FFFFFFFF" ac="FFFFFFFF" sc="6"><vp x="4" y="-3" z="-1"/></o></c><c d="01_block" t="0"><o r="-1,0,0,0,-1,0,0,0,1" bc="FFFFFFFF" ac="FFFFFFFF" sc="6"><vp x="4" y="-2" z="-1"/></o></c><c d="01_block" t="0"><o r="-1,0,0,0,-1,0,0,0,1" bc="FFFFFFFF" ac="FFFFFFFF" sc="6"><vp x="4" y="-1" z="-1"/></o></c><c d="01_block" t="4"><o r="-1,0,0,0,-1,0,0,0,1" bc="FFFFFFFF" ac="FFFFFFFF" sc="6"><vp x="4" y="-6" z="23"/></o></c><c d="01_block" t="4"><o r="-1,0,0,0,-1,0,0,0,1" bc="FFFFFFFF" ac="FFFFFFFF" sc="6"><vp x="4" y="-5" z="23"/></o></c><c d="01_block" t="4"><o r="-1,0,0,0,-1,0,0,0,1" bc="FFFFFFFF" ac="FFFFFFFF" sc="6"><vp x="4" y="-4" z="23"/></o></c><c d="01_block" t="4"><o r="-1,0,0,0,-1,0,0,0,1" bc="FFFFFFFF" ac="FFFFFFFF" sc="6"><vp x="4" y="-3" z="23"/></o></c><c d="01_block" t="4"><o r="-1,0,0,0,-1,0,0,0,1" bc="FFFFFFFF" ac="FFFFFFFF" sc="6"><vp x="4" y="-2" z="23"/></o></c><c d="01_block" t="4"><o r="-1,0,0,0,-1,0,0,0,1" bc="FFFFFFFF" ac="FFFFFFFF" sc="6"><vp x="4" y="-1" z="23"/></o></c><c d="01_block" t="0"><o r="-1,0,0,0,-1,0,0,0,1" bc="FFFFFFFF" ac="FFFFFFFF" sc="6"><vp x="-4" y="-6" z="-1"/></o></c><c d="01_block" t="0"><o r="-1,0,0,0,-1,0,0,0,1" bc="FFFFFFFF" ac="FFFFFFFF" sc="6"><vp x="-4" y="-5" z="-1"/></o></c><c d="01_block" t="0"><o r="-1,0,0,0,-1,0,0,0,1" bc="FFFFFFFF" ac="FFFFFFFF" sc="6"><vp x="-4" y="-4" z="-1"/></o></c><c d="01_block" t="0"><o r="-1,0,0,0,-1,0,0,0,1" bc="FFFFFFFF" ac="FFFFFFFF" sc="6"><vp x="-4" y="-3" z="-1"/></o></c><c d="01_block" t="0"><o r="-1,0,0,0,-1,0,0,0,1" bc="FFFFFFFF" ac="FFFFFFFF" sc="6"><vp x="-4" y="-2" z="-1"/></o></c><c d="01_block" t="0"><o r="-1,0,0,0,-1,0,0,0,1" bc="FFFFFFFF" ac="FFFFFFFF" sc="6"><vp x="-4" y="-1" z="-1"/></o></c><c d="01_block" t="4"><o r="-1,0,0,0,-1,0,0,0,1" bc="FFFFFFFF" ac="FFFFFFFF" sc="6"><vp x="-4" y="-6" z="23"/></o></c><c d="01_block" t="4"><o r="-1,0,0,0,-1,0,0,0,1" bc="FFFFFFFF" ac="FFFFFFFF" sc="6"><vp x="-4" y="-5" z="23"/></o></c><c d="01_block" t="4"><o r="-1,0,0,0,-1,0,0,0,1" bc="FFFFFFFF" ac="FFFFFFFF" sc="6"><vp x="-4" y="-4" z="23"/></o></c><c d="01_block" t="4"><o r="-1,0,0,0,-1,0,0,0,1" bc="FFFFFFFF" ac="FFFFFFFF" sc="6"><vp x="-4" y="-3" z="23"/></o></c><c d="01_block" t="4"><o r="-1,0,0,0,-1,0,0,0,1" bc="FFFFFFFF" ac="FFFFFFFF" sc="6"><vp x="-4" y="-2" z="23"/></o></c><c d="01_block" t="4"><o r="-1,0,0,0,-1,0,0,0,1" bc="FFFFFFFF" ac="FFFFFFFF" sc="6"><vp x="-4" y="-1" z="23"/></o></c><c d="connector_electric" t="0"><o r="-1,0,0,0,-1,0,0,0,1" bc="FFFFFFFF" ac="FFFFFFFF" sc="5" custom_name=""><vp x="0" y="-8" z="23"/><logic_slots><slot value="false"/><slot value="false"/><slot value="false"/><slot value="false"/><slot value="0"/><slot value="0"/><slot><value bools="0" 01="0" 02="0" 03="0" 04="0" 05="0" 06="0" 07="0" 08="0" 09="0" 10="0" 11="0" 12="0" 13="0" 14="0" 15="0" 16="0" 17="0" 18="0" 19="0" 20="0" 21="0" 22="0" 23="0" 24="0" 25="0" 26="0" 27="0" 28="0" 29="0" 30="0" 31="0" 32="0"/></slot><slot><value bools="0" 01="0" 02="0" 03="0" 04="0" 05="0" 06="0" 07="0" 08="0" 09="0" 10="0" 11="0" 12="0" 13="0" 14="0" 15="0" 16="0" 17="0" 18="0" 19="0" 20="0" 21="0" 22="0" 23="0" 24="0" 25="0" 26="0" 27="0" 28="0" 29="0" 30="0" 31="0" 32="0"/></slot><slot><value/></slot><slot><value/></slot></logic_slots></o></c><c d="connector_electric" t="4"><o r="-1,0,0,0,-1,0,0,0,1" bc="FFFFFFFF" ac="FFFFFFFF" sc="5" custom_name=""><vp x="0" y="-8" z="-1"/><logic_slots><slot value="false"/><slot value="false"/><slot value="false"/><slot value="false"/><slot value="0"/><slot value="0"/><slot><value bools="0" 01="0" 02="0" 03="0" 04="0" 05="0" 06="0" 07="0" 08="0" 09="0" 10="0" 11="0" 12="0" 13="0" 14="0" 15="0" 16="0" 17="0" 18="0" 19="0" 20="0" 21="0" 22="0" 23="0" 24="0" 25="0" 26="0" 27="0" 28="0" 29="0" 30="0" 31="0" 32="0"/></slot><slot><value bools="0" 01="0" 02="0" 03="0" 04="0" 05="0" 06="0" 07="0" 08="0" 09="0" 10="0" 11="0" 12="0" 13="0" 14="0" 15="0" 16="0" 17="0" 18="0" 19="0" 20="0" 21="0" 22="0" 23="0" 24="0" 25="0" 26="0" 27="0" 28="0" 29="0" 30="0" 31="0" 32="0"/></slot><slot><value/></slot><slot><value/></slot></logic_slots></o></c><c d="battery_small" t="0"><o r="1,0,0,0,0,1,0,-1,0" bc="FFFFFFFF" ac="FFFFFFFF" sc="2" custom_name="" default_state="false"><vp x="2" y="-7" z="0"/><logic_slots><slot value="0"/><slot value="false"/><slot value="0"/></logic_slots></o></c><c d="battery_small" t="1"><o r="1,0,0,0,0,1,0,-1,0" bc="FFFFFFFF" ac="FFFFFFFF" sc="2" custom_name="" default_state="false"><vp x="-2" y="-7" z="0"/><logic_slots><slot value="0"/><slot value="false"/><slot value="0"/></logic_slots></o></c><c d="microprocessor" t="0"><o r="1,0,0,0,0,1,0,-1,0" bc="FFFFFFFF" ac="FFFFFFFF" sc="14" custom_name=""><microprocessor_definition name="Dump Door" description="No description set." hide_in_inventory="false" width="3" length="1" id_counter="13" id_counter_node="3" transform_index="0" sym0="0" sym1="0" sym2="0" sym3="0" sym4="0" sym5="0" sym6="0" sym7="0" sym8="0" sym9="0" sym10="0" sym11="0" sym12="0" sym13="0" sym14="0" sym15="0"><nodes><n id="1" component_id="1" built_slot_index="0"><node label="Input" mode="1" type="0" description="The input signal to be processed." flags="0"><position x="0" y="0" z="0"/></node></n><n id="2" component_id="4" built_slot_index="0"><node label="Frame Controller" mode="0" type="0" description="The input signal to be processed." flags="0"><position x="1" y="0" z="0"/></node></n><n id="3" component_id="6" built_slot_index="0"><node label="Slider" mode="0" type="1" description="The input signal to be processed." flags="0"><position x="2" y="0" z="0"/></node></n></nodes><group id="0"><pos x="0" y="0"/><data type="0" name="" desc=""><inputs/><outputs/></data><components><c type="0"><object id="7"><pos x="0" y="0.5"/><in1 component_id="1" node_index="0"/><out1/></object></c><c type="22"><object id="8"><pos x="-1.25" y="1.5"/><in1 component_id="12" node_index="0"/><in2 component_id="13" node_index="0"/><in3 component_id="1" node_index="0"/><out1/></object></c><c type="48"><object id="9" m="2"><pos x="-1.25" y="1"/><in1 component_id="1" node_index="0"/><out1/></object></c><c type="26"><object id="10" ct="0" dt="10"><pos x="0" y="1"/><in1 component_id="9" node_index="0"/><out1/></object></c><c type="22"><object id="11"><pos x="1.25" y="1"/><in1 component_id="8" node_index="0"/><in2 component_id="0" node_index="0"/><in3 component_id="10" node_index="0"/><out1/></object></c><c type="15"><object id="12"><pos x="-2.75" y="2"/><out1/><n text="1" value="1"/></object></c><c type="15"><object id="13"><pos x="-2.75" y="1.5"/><out1/><n text="-1" value="-1"/></object></c></components><components_bridge><c type="0"><object id="1"><pos x="-3" y="0.5"/><in1 component_id="0" node_index="0"/><out1/></object></c><c type="1"><object id="4"><pos x="2.5" y="0.5"/><in1 component_id="7" node_index="0"/><out1/></object></c><c type="3"><object id="6"><pos x="2.5" y="1.5"/><in1 component_id="11" node_index="0"/><out1/></object></c></components_bridge><groups/></group></microprocessor_definition><vp x="0" y="-5" z="0"/><logic_slots><slot value="false"/><slot value="false"/><slot value="0"/></logic_slots></o></c><c d="01_block" t="0"><o r="1,0,0,0,1,0,0,0,1" bc="FFFFFFFF" ac="FFFFFFFF" sc="6"><vp x="2" y="-5" z="16"/></o></c><c d="01_block" t="0"><o r="1,0,0,0,1,0,0,0,1" bc="FFFFFFFF" ac="FFFFFFFF" sc="6"><vp x="3" y="-7" z="16"/></o></c><c d="01_block" t="0"><o r="1,0,0,0,1,0,0,0,1" bc="FFFFFFFF" ac="FFFFFFFF" sc="6"><vp x="3" y="-6" z="16"/></o></c><c d="01_block" t="0"><o r="1,0,0,0,1,0,0,0,1" bc="FFFFFFFF" ac="FFFFFFFF" sc="6"><vp x="2" y="-7" z="16"/></o></c><c d="01_block" t="0"><o r="1,0,0,0,1,0,0,0,1" bc="FFFFFFFF" ac="FFFFFFFF" sc="6"><vp x="2" y="-6" z="16"/></o></c><c d="01_block" t="1"><o r="1,0,0,0,1,0,0,0,1" bc="FFFFFFFF" ac="FFFFFFFF" sc="6"><vp x="-2" y="-5" z="16"/></o></c><c d="01_block" t="1"><o r="1,0,0,0,1,0,0,0,1" bc="FFFFFFFF" ac="FFFFFFFF" sc="6"><vp x="-3" y="-7" z="16"/></o></c><c d="01_block" t="1"><o r="1,0,0,0,1,0,0,0,1" bc="FFFFFFFF" ac="FFFFFFFF" sc="6"><vp x="-3" y="-6" z="16"/></o></c><c d="01_block" t="1"><o r="1,0,0,0,1,0,0,0,1" bc="FFFFFFFF" ac="FFFFFFFF" sc="6"><vp x="-2" y="-7" z="16"/></o></c><c d="01_block" t="1"><o r="1,0,0,0,1,0,0,0,1" bc="FFFFFFFF" ac="FFFFFFFF" sc="6"><vp x="-2" y="-6" z="16"/></o></c><c d="02_wedge" t="0"><o r="-1,0,0,0,0,1,0,1,0" bc="FFFFFFFF" ac="FFFFFFFF" sc="5"><vp x="3" y="-8" z="16"/></o></c><c d="02_wedge" t="0"><o r="-1,0,0,0,0,1,0,1,0" bc="FFFFFFFF" ac="FFFFFFFF" sc="5"><vp x="2" y="-8" z="16"/></o></c><c d="02_wedge" t="1"><o r="-1,0,0,0,0,1,0,1,0" bc="FFFFFFFF" ac="FFFFFFFF" sc="5"><vp x="-3" y="-8" z="16"/></o></c><c d="02_wedge" t="1"><o r="-1,0,0,0,0,1,0,1,0" bc="FFFFFFFF" ac="FFFFFFFF" sc="5"><vp x="-2" y="-8" z="16"/></o></c><c d="linear_base" t="0"><o r="-1,0,0,0,0,1,0,1,0" bc="FFFFFFFF" ac="FFFFFFFF" sc="11" custom_name="" max_force_scalar="1" gear_ratio="2" input_velocity="1"><vp x="0" y="-4" z="16"/><logic_slots><slot value="0"/><slot value="false"/><slot value="false"/><slot value="0"/></logic_slots></o></c><c d="linear_module" t="0"><o r="-1,0,0,0,0,1,0,1,0" bc="FFFFFFFF" ac="FFFFFFFF" sc="11"><vp x="0" y="-5" z="16"/></o></c><c d="linear_module" t="0"><o r="-1,0,0,0,0,1,0,1,0" bc="FFFFFFFF" ac="FFFFFFFF" sc="11"><vp x="0" y="-6" z="16"/></o></c><c d="linear_module" t="0"><o r="-1,0,0,0,0,1,0,1,0" bc="FFFFFFFF" ac="FFFFFFFF" sc="11"><vp x="0" y="-7" z="16"/></o></c><c d="linear_module" t="0"><o r="-1,0,0,0,0,1,0,1,0" bc="FFFFFFFF" ac="FFFFFFFF" sc="11"><vp x="0" y="-8" z="16"/></o></c><c d="01_block" t="0"><o r="0,0,-1,1,0,0,0,-1,0" bc="FFFFFFFF" ac="FFFFFFFF" sc="6"><vp x="0" y="-5" z="23"/></o></c><c d="01_block" t="0"><o r="0,0,-1,1,0,0,0,-1,0" bc="FFFFFFFF" ac="FFFFFFFF" sc="6"><vp x="0" y="-4" z="23"/></o></c><c d="02_wedge" t="0"><o r="0,0,-1,0,1,0,1,0,0" bc="FFFFFFFF" ac="FFFFFFFF" sc="5"><vp x="-2" y="-4" z="15"/></o></c><c d="02_wedge" t="0"><o r="0,0,-1,0,1,0,1,0,0" bc="FFFFFFFF" ac="FFFFFFFF" sc="5"><vp x="-3" y="-5" z="22"/></o></c><c d="02_wedge" t="0"><o r="0,0,-1,0,1,0,1,0,0" bc="FFFFFFFF" ac="FFFFFFFF" sc="5"><vp x="-3" y="-5" z="21"/></o></c><c d="02_wedge" t="0"><o r="0,0,-1,0,1,0,1,0,0" bc="FFFFFFFF" ac="FFFFFFFF" sc="5"><vp x="-3" y="-5" z="20"/></o></c><c d="02_wedge" t="0"><o r="0,0,-1,0,1,0,1,0,0" bc="FFFFFFFF" ac="FFFFFFFF" sc="5"><vp x="-3" y="-5" z="19"/></o></c><c d="02_wedge" t="0"><o r="0,0,-1,0,1,0,1,0,0" bc="FFFFFFFF" ac="FFFFFFFF" sc="5"><vp x="-3" y="-5" z="18"/></o></c><c d="02_wedge" t="0"><o r="0,0,-1,0,1,0,1,0,0" bc="FFFFFFFF" ac="FFFFFFFF" sc="5"><vp x="-3" y="-5" z="17"/></o></c><c d="02_wedge" t="4"><o r="0,0,-1,0,1,0,1,0,0" bc="FFFFFFFF" ac="FFFFFFFF" sc="5"><vp x="3" y="-5" z="22"/></o></c><c d="02_wedge" t="4"><o r="0,0,-1,0,1,0,1,0,0" bc="FFFFFFFF" ac="FFFFFFFF" sc="5"><vp x="3" y="-5" z="21"/></o></c><c d="02_wedge" t="4"><o r="0,0,-1,0,1,0,1,0,0" bc="FFFFFFFF" ac="FFFFFFFF" sc="5"><vp x="3" y="-5" z="20"/></o></c><c d="02_wedge" t="4"><o r="0,0,-1,0,1,0,1,0,0" bc="FFFFFFFF" ac="FFFFFFFF" sc="5"><vp x="3" y="-5" z="19"/></o></c><c d="02_wedge" t="4"><o r="0,0,-1,0,1,0,1,0,0" bc="FFFFFFFF" ac="FFFFFFFF" sc="5"><vp x="3" y="-5" z="18"/></o></c><c d="02_wedge" t="4"><o r="0,0,-1,0,1,0,1,0,0" bc="FFFFFFFF" ac="FFFFFFFF" sc="5"><vp x="3" y="-5" z="17"/></o></c><c d="02_wedge" t="0"><o r="0,0,1,-1,0,0,0,-1,0" bc="FFFFFFFF" ac="FFFFFFFF" sc="5"><vp x="-4" y="-6" z="17"/></o></c><c d="02_wedge" t="0"><o r="0,0,1,-1,0,0,0,-1,0" bc="FFFFFFFF" ac="FFFFFFFF" sc="5"><vp x="-4" y="-6" z="18"/></o></c><c d="02_wedge" t="0"><o r="0,0,1,-1,0,0,0,-1,0" bc="FFFFFFFF" ac="FFFFFFFF" sc="5"><vp x="-4" y="-6" z="19"/></o></c><c d="02_wedge" t="0"><o r="0,0,1,-1,0,0,0,-1,0" bc="FFFFFFFF" ac="FFFFFFFF" sc="5"><vp x="-4" y="-6" z="20"/></o></c><c d="02_wedge" t="0"><o r="0,0,1,-1,0,0,0,-1,0" bc="FFFFFFFF" ac="FFFFFFFF" sc="5"><vp x="-4" y="-6" z="21"/></o></c><c d="02_wedge" t="0"><o r="0,0,1,-1,0,0,0,-1,0" bc="FFFFFFFF" ac="FFFFFFFF" sc="5"><vp x="-4" y="-6" z="22"/></o></c><c d="02_wedge" t="2"><o r="0,0,1,-1,0,0,0,-1,0" bc="FFFFFFFF" ac="FFFFFFFF" sc="5"><vp x="4" y="-6" z="17"/></o></c><c d="02_wedge" t="2"><o r="0,0,1,-1,0,0,0,-1,0" bc="FFFFFFFF" ac="FFFFFFFF" sc="5"><vp x="4" y="-6" z="18"/></o></c><c d="02_wedge" t="2"><o r="0,0,1,-1,0,0,0,-1,0" bc="FFFFFFFF" ac="FFFFFFFF" sc="5"><vp x="4" y="-6" z="19"/></o></c><c d="02_wedge" t="2"><o r="0,0,1,-1,0,0,0,-1,0" bc="FFFFFFFF" ac="FFFFFFFF" sc="5"><vp x="4" y="-6" z="20"/></o></c><c d="02_wedge" t="2"><o r="0,0,1,-1,0,0,0,-1,0" bc="FFFFFFFF" ac="FFFFFFFF" sc="5"><vp x="4" y="-6" z="21"/></o></c><c d="02_wedge" t="2"><o r="0,0,1,-1,0,0,0,-1,0" bc="FFFFFFFF" ac="FFFFFFFF" sc="5"><vp x="4" y="-6" z="22"/></o></c><c d="01_block" t="0"><o r="1,0,0,0,0,1,0,-1,0" bc="FFFFFFFF" ac="FFFFFFFF" sc="6"><vp x="0" y="-4" z="8"/></o></c><c d="01_block" t="0"><o r="1,0,0,0,0,1,0,-1,0" bc="FFFFFFFF" ac="FFFFFFFF" sc="6"><vp x="0" y="-4" z="9"/></o></c><c d="01_block" t="0"><o r="1,0,0,0,0,1,0,-1,0" bc="FFFFFFFF" ac="FFFFFFFF" sc="6"><vp x="0" y="-4" z="10"/></o></c><c d="01_block" t="0"><o r="1,0,0,0,0,1,0,-1,0" bc="FFFFFFFF" ac="FFFFFFFF" sc="6"><vp x="-1" y="-4" z="10"/></o></c><c d="01_block" t="1"><o r="1,0,0,0,0,1,0,-1,0" bc="FFFFFFFF" ac="FFFFFFFF" sc="6"><vp x="1" y="-4" z="10"/></o></c><c d="rope_hook_winch_large" t="0"><o r="1,0,0,0,0,1,0,-1,0" bc="FFFFFFFF" ac="FFFFFFFF" sc="21" custom_name="" input_velocity="1"><vp x="0" y="-5" z="11"/><logic_slots><slot><value bools="0" 01="0" 02="0" 03="0" 04="0" 05="0" 06="0" 07="0" 08="0" 09="0" 10="0" 11="0" 12="0" 13="0" 14="0" 15="0" 16="0" 17="0" 18="0" 19="0" 20="0" 21="0" 22="0" 23="0" 24="0" 25="0" 26="0" 27="0" 28="0" 29="0" 30="0" 31="0" 32="0"/></slot><slot><value bools="0" 01="0" 02="0" 03="0" 04="0" 05="0" 06="0" 07="0" 08="0" 09="0" 10="0" 11="0" 12="0" 13="0" 14="0" 15="0" 16="0" 17="0" 18="0" 19="0" 20="0" 21="0" 22="0" 23="0" 24="0" 25="0" 26="0" 27="0" 28="0" 29="0" 30="0" 31="0" 32="0"/></slot><slot value="false"/><slot value="false"/><slot><value/></slot><slot><value/></slot><slot><value/></slot><slot><value/></slot><slot value="false"/><slot value="false"/><slot value="0"/></logic_slots></o></c><c d="01_block" t="0"><o r="-1,0,0,0,-1,0,0,0,1" bc="FFFFFFFF" ac="FFFFFFFF" sc="6"><vp x="0" y="-7" z="11"/></o></c><c d="01_block" t="0"><o r="0,0,1,-1,0,0,0,-1,0" bc="FFFFFFFF" ac="FFFFFFFF" sc="6"><vp x="-1" y="-7" z="11"/></o></c><c d="01_block" t="2"><o r="0,0,1,-1,0,0,0,-1,0" bc="FFFFFFFF" ac="FFFFFFFF" sc="6"><vp x="1" y="-7" z="11"/></o></c></components></body><body unique_id="55"><initial_local_transform 00="1" 01="0" 02="0" 03="0" 10="0" 11="1" 12="0" 13="0" 20="0" 21="0" 22="1" 23="0" 30="0" 31="0" 32="0" 33="1"/><local_transform 00="1" 01="0" 02="0" 03="0" 10="0" 11="1" 12="0" 13="0" 20="0" 21="0" 22="1" 23="0" 30="0" 31="0" 32="0" 33="1"/><components><c d="linear_compact_head" t="2"><o r="-1,0,0,0,0,-1,0,-1,0" bc="FFFFFFFF" ac="FFFFFFFF" sc="5" custom_name="" max_force_scalar="1" gear_ratio="2" input_velocity="1"><vp x="0" y="-7" z="1"/><logic_slots><slot value="0"/><slot value="false"/><slot value="false"/><slot value="0"/></logic_slots></o></c><c d="02_wedge" t="7"><o r="1,0,0,0,0,-1,0,1,0" bc="FFFFFFFF" ac="FFFFFFFF" sc="5"><vp x="0" y="-7" z="2"/></o></c><c d="01_block" t="4"><o r="-1,0,0,0,-1,0,0,0,1" bc="FFFFFFFF" ac="FFFFFFFF" sc="6"><vp x="0" y="-8" z="2"/></o></c><c d="01_block" t="1"><o r="0,0,1,-1,0,0,0,-1,0" bc="FFFFFFFF" ac="FFFFFFFF" sc="6"><vp x="-1" y="-8" z="2"/></o></c><c d="01_block" t="1"><o r="0,0,-1,1,0,0,0,-1,0" bc="FFFFFFFF" ac="FFFFFFFF" sc="6"><vp x="1" y="-8" z="2"/></o></c><c d="01_block" t="2"><o r="1,0,0,0,0,-1,0,1,0" bc="FFFFFFFF" ac="FFFFFFFF" sc="6"><vp x="-1" y="-8" z="3"/></o></c><c d="01_block" t="2"><o r="1,0,0,0,0,-1,0,1,0" bc="FFFFFFFF" ac="FFFFFFFF" sc="6"><vp x="0" y="-8" z="3"/></o></c><c d="01_block" t="2"><o r="1,0,0,0,0,-1,0,1,0" bc="FFFFFFFF" ac="FFFFFFFF" sc="6"><vp x="1" y="-8" z="3"/></o></c><c d="01_block" t="2"><o r="1,0,0,0,0,-1,0,1,0" bc="FFFFFFFF" ac="FFFFFFFF" sc="6"><vp x="-1" y="-8" z="4"/></o></c><c d="01_block" t="2"><o r="1,0,0,0,0,-1,0,1,0" bc="FFFFFFFF" ac="FFFFFFFF" sc="6"><vp x="0" y="-8" z="4"/></o></c><c d="01_block" t="2"><o r="1,0,0,0,0,-1,0,1,0" bc="FFFFFFFF" ac="FFFFFFFF" sc="6"><vp x="1" y="-8" z="4"/></o></c><c d="01_block" t="2"><o r="1,0,0,0,0,-1,0,1,0" bc="FFFFFFFF" ac="FFFFFFFF" sc="6"><vp x="-1" y="-8" z="5"/></o></c><c d="01_block" t="2"><o r="1,0,0,0,0,-1,0,1,0" bc="FFFFFFFF" ac="FFFFFFFF" sc="6"><vp x="0" y="-8" z="5"/></o></c><c d="01_block" t="2"><o r="1,0,0,0,0,-1,0,1,0" bc="FFFFFFFF" ac="FFFFFFFF" sc="6"><vp x="1" y="-8" z="5"/></o></c><c d="01_block" t="2"><o r="1,0,0,0,0,-1,0,1,0" bc="FFFFFFFF" ac="FFFFFFFF" sc="6"><vp x="-1" y="-8" z="6"/></o></c><c d="01_block" t="2"><o r="1,0,0,0,0,-1,0,1,0" bc="FFFFFFFF" ac="FFFFFFFF" sc="6"><vp x="0" y="-8" z="6"/></o></c><c d="01_block" t="2"><o r="1,0,0,0,0,-1,0,1,0" bc="FFFFFFFF" ac="FFFFFFFF" sc="6"><vp x="1" y="-8" z="6"/></o></c><c d="01_block" t="2"><o r="1,0,0,0,0,-1,0,1,0" bc="FFFFFFFF" ac="FFFFFFFF" sc="6"><vp x="-1" y="-8" z="7"/></o></c><c d="01_block" t="2"><o r="1,0,0,0,0,-1,0,1,0" bc="FFFFFFFF" ac="FFFFFFFF" sc="6"><vp x="0" y="-8" z="7"/></o></c><c d="01_block" t="2"><o r="1,0,0,0,0,-1,0,1,0" bc="FFFFFFFF" ac="FFFFFFFF" sc="6"><vp x="1" y="-8" z="7"/></o></c><c d="door_panel_straight" t="0"><o r="0,0,1,-1,0,0,0,-1,0" bc="FFFFFFFF" ac="FFFFFFFF" sc="6" custom_name=""><vp x="2" y="-8" z="2"/><logic_slots><slot value="false"/><slot value="false"/></logic_slots></o></c><c d="door_panel_straight" t="0"><o r="0,0,1,-1,0,0,0,-1,0" bc="FFFFFFFF" ac="FFFFFFFF" sc="6" custom_name=""><vp x="2" y="-8" z="3"/><logic_slots><slot value="false"/><slot value="false"/></logic_slots></o></c><c d="door_panel_straight" t="0"><o r="0,0,1,-1,0,0,0,-1,0" bc="FFFFFFFF" ac="FFFFFFFF" sc="6" custom_name=""><vp x="2" y="-8" z="4"/><logic_slots><slot value="false"/><slot value="false"/></logic_slots></o></c><c d="door_panel_straight" t="0"><o r="0,0,1,-1,0,0,0,-1,0" bc="FFFFFFFF" ac="FFFFFFFF" sc="6" custom_name=""><vp x="2" y="-8" z="5"/><logic_slots><slot value="false"/><slot value="false"/></logic_slots></o></c><c d="door_panel_straight" t="0"><o r="0,0,1,-1,0,0,0,-1,0" bc="FFFFFFFF" ac="FFFFFFFF" sc="6" custom_name=""><vp x="2" y="-8" z="6"/><logic_slots><slot value="false"/><slot value="false"/></logic_slots></o></c><c d="door_panel_straight" t="0"><o r="0,0,1,-1,0,0,0,-1,0" bc="FFFFFFFF" ac="FFFFFFFF" sc="6" custom_name=""><vp x="2" y="-8" z="7"/><logic_slots><slot value="false"/><slot value="false"/></logic_slots></o></c><c d="door_panel_straight" t="2"><o r="0,0,1,-1,0,0,0,-1,0" bc="FFFFFFFF" ac="FFFFFFFF" sc="6" custom_name=""><vp x="-2" y="-8" z="2"/><logic_slots><slot value="false"/><slot value="false"/></logic_slots></o></c><c d="door_panel_straight" t="2"><o r="0,0,1,-1,0,0,0,-1,0" bc="FFFFFFFF" ac="FFFFFFFF" sc="6" custom_name=""><vp x="-2" y="-8" z="3"/><logic_slots><slot value="false"/><slot value="false"/></logic_slots></o></c><c d="door_panel_straight" t="2"><o r="0,0,1,-1,0,0,0,-1,0" bc="FFFFFFFF" ac="FFFFFFFF" sc="6" custom_name=""><vp x="-2" y="-8" z="4"/><logic_slots><slot value="false"/><slot value="false"/></logic_slots></o></c><c d="door_panel_straight" t="2"><o r="0,0,1,-1,0,0,0,-1,0" bc="FFFFFFFF" ac="FFFFFFFF" sc="6" custom_name=""><vp x="-2" y="-8" z="5"/><logic_slots><slot value="false"/><slot value="false"/></logic_slots></o></c><c d="door_panel_straight" t="2"><o r="0,0,1,-1,0,0,0,-1,0" bc="FFFFFFFF" ac="FFFFFFFF" sc="6" custom_name=""><vp x="-2" y="-8" z="6"/><logic_slots><slot value="false"/><slot value="false"/></logic_slots></o></c><c d="door_panel_straight" t="2"><o r="0,0,1,-1,0,0,0,-1,0" bc="FFFFFFFF" ac="FFFFFFFF" sc="6" custom_name=""><vp x="-2" y="-8" z="7"/><logic_slots><slot value="false"/><slot value="false"/></logic_slots></o></c><c d="door_panel_straight" t="0"><o r="1,0,0,0,0,1,0,-1,0" bc="FFFFFFFF" ac="FFFFFFFF" sc="6" custom_name=""><vp x="-1" y="-8" z="1"/><logic_slots><slot value="false"/><slot value="false"/></logic_slots></o></c><c d="door_panel_straight" t="0"><o r="1,0,0,0,0,1,0,-1,0" bc="FFFFFFFF" ac="FFFFFFFF" sc="6" custom_name=""><vp x="0" y="-8" z="1"/><logic_slots><slot value="false"/><slot value="false"/></logic_slots></o></c><c d="door_panel_straight" t="1"><o r="1,0,0,0,0,1,0,-1,0" bc="FFFFFFFF" ac="FFFFFFFF" sc="6" custom_name=""><vp x="1" y="-8" z="1"/><logic_slots><slot value="false"/><slot value="false"/></logic_slots></o></c><c d="door_panel_corner" t="0"><o r="1,0,0,0,0,1,0,-1,0" bc="FFFFFFFF" ac="FFFFFFFF" sc="6" custom_name=""><vp x="2" y="-8" z="1"/><logic_slots><slot value="false"/><slot value="false"/></logic_slots></o></c><c d="door_panel_corner" t="1"><o r="1,0,0,0,0,1,0,-1,0" bc="FFFFFFFF" ac="FFFFFFFF" sc="6" custom_name=""><vp x="-2" y="-8" z="1"/><logic_slots><slot value="false"/><slot value="false"/></logic_slots></o></c></components></body><body unique_id="57"><initial_local_transform 00="1" 01="0" 02="0" 03="0" 10="0" 11="1" 12="0" 13="0" 20="0" 21="0" 22="1" 23="0" 30="0" 31="0" 32="0" 33="1"/><local_transform 00="1" 01="0" 02="0" 03="0" 10="0" 11="1" 12="0" 13="0" 20="0" 21="0" 22="1" 23="0" 30="0" 31="0" 32="0" 33="1"/><components><c d="linear_head" t="0"><o r="-1,0,0,0,0,1,0,1,0" bc="FFFFFFFF" ac="FFFFFFFF" sc="11" custom_name="" max_force_scalar="1" gear_ratio="2" input_velocity="1"><vp x="0" y="-4" z="18"/><logic_slots><slot value="0"/><slot value="false"/><slot value="false"/><slot value="0"/></logic_slots></o></c><c d="trans_block_angle" t="0"><o r="-1,0,0,0,0,-1,0,-1,0" bc="FFFFFFFF" ac="FFFFFFFF" sc="6" custom_name=""><vp x="-1" y="-4" z="19"/></o></c><c d="multibody_robotic_pivot_01_a_fluid" t="0"><o r="1,0,0,0,-1,0,0,0,-1" bc="FFFFFFFF" ac="FFFFFFFF" sc="21" custom_name="" max_force_scalar="1" gear_ratio="2" input_velocity="1"><vp x="0" y="-4" z="21"/><logic_slots><slot value="0"/><slot value="false"/><slot value="false"/><slot value="0"/></logic_slots></o></c><c d="01_block" t="0"><o r="0,0,-1,1,0,0,0,-1,0" bc="FFFFFFFF" ac="FFFFFFFF" sc="6"><vp x="1" y="-4" z="19"/></o></c><c d="trans_block_angle" t="0"><o r="1,0,0,0,0,1,0,-1,0" bc="FFFFFFFF" ac="FFFFFFFF" sc="6" custom_name=""><vp x="0" y="-4" z="19"/></o></c><c d="02_wedge" t="0"><o r="0,0,1,-1,0,0,0,-1,0" bc="FFFFFFFF" ac="FFFFFFFF" sc="5"><vp x="-2" y="-4" z="22"/></o></c><c d="02_wedge" t="0"><o r="0,0,1,-1,0,0,0,-1,0" bc="FFFFFFFF" ac="FFFFFFFF" sc="5"><vp x="-2" y="-4" z="21"/></o></c><c d="02_wedge" t="0"><o r="0,0,1,-1,0,0,0,-1,0" bc="FFFFFFFF" ac="FFFFFFFF" sc="5"><vp x="-2" y="-4" z="20"/></o></c><c d="02_wedge" t="0"><o r="0,0,1,-1,0,0,0,-1,0" bc="FFFFFFFF" ac="FFFFFFFF" sc="5"><vp x="-2" y="-4" z="19"/></o></c><c d="02_wedge" t="0"><o r="0,0,1,-1,0,0,0,-1,0" bc="FFFFFFFF" ac="FFFFFFFF" sc="5"><vp x="-2" y="-4" z="18"/></o></c><c d="02_wedge" t="0"><o r="0,0,1,-1,0,0,0,-1,0" bc="FFFFFFFF" ac="FFFFFFFF" sc="5"><vp x="-2" y="-4" z="17"/></o></c><c d="02_wedge" t="2"><o r="0,0,1,-1,0,0,0,-1,0" bc="FFFFFFFF" ac="FFFFFFFF" sc="5"><vp x="2" y="-4" z="22"/></o></c><c d="02_wedge" t="2"><o r="0,0,1,-1,0,0,0,-1,0" bc="FFFFFFFF" ac="FFFFFFFF" sc="5"><vp x="2" y="-4" z="21"/></o></c><c d="02_wedge" t="2"><o r="0,0,1,-1,0,0,0,-1,0" bc="FFFFFFFF" ac="FFFFFFFF" sc="5"><vp x="2" y="-4" z="20"/></o></c><c d="02_wedge" t="2"><o r="0,0,1,-1,0,0,0,-1,0" bc="FFFFFFFF" ac="FFFFFFFF" sc="5"><vp x="2" y="-4" z="19"/></o></c><c d="02_wedge" t="2"><o r="0,0,1,-1,0,0,0,-1,0" bc="FFFFFFFF" ac="FFFFFFFF" sc="5"><vp x="2" y="-4" z="18"/></o></c><c d="02_wedge" t="2"><o r="0,0,1,-1,0,0,0,-1,0" bc="FFFFFFFF" ac="FFFFFFFF" sc="5"><vp x="2" y="-4" z="17"/></o></c></components></body><body unique_id="58"><initial_local_transform 00="1" 01="0" 02="0" 03="0" 10="0" 11="1" 12="0" 13="0" 20="0" 21="0" 22="1" 23="0" 30="0" 31="0" 32="0" 33="1"/><local_transform 00="1" 01="0" 02="0" 03="0" 10="0" 11="1" 12="0" 13="0" 20="0" 21="0" 22="1" 23="0" 30="0" 31="0" 32="0" 33="1"/><components><c d="multibody_robotic_pivot_01_b_fluid" t="0"><o r="1,0,0,0,-1,0,0,0,-1" bc="FFFFFFFF" ac="FFFFFFFF" sc="5" custom_name="" max_force_scalar="1" gear_ratio="2" input_velocity="1"><vp x="0" y="-5" z="21"/><logic_slots><slot value="0"/><slot value="false"/><slot value="false"/><slot value="0"/></logic_slots></o></c><c d="multibody_robotic_pivot_01_a_fluid" t="0"><o r="0,0,-1,-1,0,0,0,1,0" bc="FFFFFFFF" ac="FFFFFFFF" sc="21" custom_name="" max_force_scalar="1" gear_ratio="2" input_velocity="1"><vp x="0" y="-7" z="21"/><logic_slots><slot value="0"/><slot value="false"/><slot value="false"/><slot value="0"/></logic_slots></o></c><c d="01_block" t="0"><o r="1,0,0,0,1,0,0,0,1" bc="FFFFFFFF" ac="FFFFFFFF" sc="6"><vp x="0" y="-5" z="20"/></o></c><c d="01_block" t="0"><o r="1,0,0,0,1,0,0,0,1" bc="FFFFFFFF" ac="FFFFFFFF" sc="6"><vp x="0" y="-5" z="22"/></o></c><c d="02_wedge" t="0"><o r="0,0,1,0,-1,0,1,0,0" bc="FFFFFFFF" ac="FFFFFFFF" sc="5"><vp x="-1" y="-5" z="20"/></o></c><c d="02_wedge" t="0"><o r="0,0,1,0,-1,0,1,0,0" bc="FFFFFFFF" ac="FFFFFFFF" sc="5"><vp x="-1" y="-5" z="21"/></o></c><c d="02_wedge" t="0"><o r="0,0,1,0,-1,0,1,0,0" bc="FFFFFFFF" ac="FFFFFFFF" sc="5"><vp x="-1" y="-5" z="22"/></o></c><c d="02_wedge" t="4"><o r="0,0,1,0,-1,0,1,0,0" bc="FFFFFFFF" ac="FFFFFFFF" sc="5"><vp x="1" y="-5" z="20"/></o></c><c d="02_wedge" t="4"><o r="0,0,1,0,-1,0,1,0,0" bc="FFFFFFFF" ac="FFFFFFFF" sc="5"><vp x="1" y="-5" z="21"/></o></c><c d="02_wedge" t="4"><o r="0,0,1,0,-1,0,1,0,0" bc="FFFFFFFF" ac="FFFFFFFF" sc="5"><vp x="1" y="-5" z="22"/></o></c></components></body><body unique_id="59"><initial_local_transform 00="1" 01="0" 02="0" 03="0" 10="0" 11="1" 12="0" 13="0" 20="0" 21="0" 22="1" 23="0" 30="0" 31="0" 32="0" 33="1"/><local_transform 00="1" 01="0" 02="0" 03="0" 10="0" 11="1" 12="0" 13="0" 20="0" 21="0" 22="1" 23="0" 30="0" 31="0" 32="0" 33="1"/><components><c d="multibody_robotic_pivot_01_b_fluid" t="0"><o r="0,0,-1,-1,0,0,0,1,0" bc="FFFFFFFF" ac="FFFFFFFF" sc="5" custom_name="" max_force_scalar="1" gear_ratio="2" input_velocity="1"><vp x="-1" y="-7" z="21"/><logic_slots><slot value="0"/><slot value="false"/><slot value="false"/><slot value="0"/></logic_slots></o></c><c d="trans_angle" t="0"><o r="-1,0,0,0,-1,0,0,0,1" bc="FFFFFFFF" ac="FFFFFFFF" sc="2" custom_name=""><vp x="-2" y="-7" z="21"/></o></c><c d="water_nozzle" t="0"><o r="-1,0,0,0,-1,0,0,0,1" bc="FFFFFFFF" ac="FFFFFFFF" sc="1" custom_name="" fluid_type="1" fluid_filter="4294967295"><vp x="-2" y="-8" z="21"/><logic_slots><slot value="0"/><slot value="0"/><slot value="false"/><slot value="0"/><slot value="0"/><slot value="0"/></logic_slots></o></c></components></body></bodies><logic_node_links><logic_node_link type="0"><voxel_pos_0 x="-2" y="-8" z="-1"/><voxel_pos_1 x="-4" y="0" z="-1"/></logic_node_link><logic_node_link type="0"><voxel_pos_0 x="-2" y="-8" z="-1"/><voxel_pos_1 x="4" y="0" z="-1"/></logic_node_link><logic_node_link type="0"><voxel_pos_0 x="-2" y="-8" z="-1"/><voxel_pos_1 x="-4" y="0" z="23"/></logic_node_link><logic_node_link type="0"><voxel_pos_0 x="-2" y="-8" z="-1"/><voxel_pos_1 x="4" y="0" z="23"/></logic_node_link><logic_node_link type="0"><voxel_pos_0 x="-1" y="-8" z="-1"/><voxel_pos_1 x="-4" y="-8" z="-1"/></logic_node_link><logic_node_link type="0"><voxel_pos_0 x="-1" y="-8" z="-1"/><voxel_pos_1 x="4" y="-8" z="-1"/></logic_node_link><logic_node_link type="0"><voxel_pos_0 x="1" y="-8" z="-1"/><voxel_pos_1 x="0" y="0" z="23"/></logic_node_link><logic_node_link type="4"><voxel_pos_0 x="4" y="0" z="23"/><voxel_pos_1 x="0" y="0" z="23"/></logic_node_link><logic_node_link type="4"><voxel_pos_0 x="4" y="0" z="23"/><voxel_pos_1 x="-4" y="0" z="23"/></logic_node_link><logic_node_link type="4"><voxel_pos_0 x="2" y="-7" z="0"/><voxel_pos_1 x="0" y="-7" z="0"/></logic_node_link><logic_node_link type="4"><voxel_pos_0 x="2" y="-7" z="0"/><voxel_pos_1 x="-2" y="-7" z="0"/></logic_node_link><logic_node_link type="4"><voxel_pos_0 x="-2" y="-7" z="0"/><voxel_pos_1 x="0" y="-7" z="0"/></logic_node_link><logic_node_link type="4"><voxel_pos_0 x="0" y="-7" z="0"/><voxel_pos_1 x="0" y="-5" z="-1"/></logic_node_link><logic_node_link type="4"><voxel_pos_0 x="0" y="-5" z="-1"/><voxel_pos_1 x="-1" y="-5" z="-1"/></logic_node_link><logic_node_link type="4"><voxel_pos_0 x="0" y="-7" z="0"/><voxel_pos_1 x="0" y="-8" z="-1"/></logic_node_link><logic_node_link type="4"><voxel_pos_0 x="0" y="-8" z="-1"/><voxel_pos_1 x="1" y="-8" z="-1"/></logic_node_link><logic_node_link type="4"><voxel_pos_0 x="1" y="-8" z="-1"/><voxel_pos_1 x="2" y="-8" z="-1"/></logic_node_link><logic_node_link type="4"><voxel_pos_0 x="2" y="-8" z="-1"/><voxel_pos_1 x="4" y="-8" z="-1"/></logic_node_link><logic_node_link type="4"><voxel_pos_0 x="0" y="-8" z="-1"/><voxel_pos_1 x="-1" y="-8" z="-1"/></logic_node_link><logic_node_link type="4"><voxel_pos_0 x="-1" y="-8" z="-1"/><voxel_pos_1 x="-2" y="-8" z="-1"/></logic_node_link><logic_node_link type="4"><voxel_pos_0 x="-2" y="-8" z="-1"/><voxel_pos_1 x="-4" y="-8" z="-1"/></logic_node_link><logic_node_link type="4"><voxel_pos_0 x="0" y="-8" z="23"/><voxel_pos_1 x="-4" y="-8" z="23"/></logic_node_link><logic_node_link type="4"><voxel_pos_0 x="0" y="-8" z="23"/><voxel_pos_1 x="4" y="-8" z="23"/></logic_node_link><logic_node_link type="4"><voxel_pos_0 x="-4" y="0" z="23"/><voxel_pos_1 x="-4" y="0" z="-1"/></logic_node_link><logic_node_link type="4"><voxel_pos_0 x="-4" y="0" z="-1"/><voxel_pos_1 x="0" y="-5" z="-1"/></logic_node_link><logic_node_link type="4"><voxel_pos_0 x="0" y="-5" z="-1"/><voxel_pos_1 x="4" y="0" z="-1"/></logic_node_link><logic_node_link type="4"><voxel_pos_0 x="4" y="0" z="-1"/><voxel_pos_1 x="4" y="0" z="23"/></logic_node_link><logic_node_link type="0"><voxel_pos_0 x="-1" y="-5" z="-1"/><voxel_pos_1 x="0" y="-5" z="0"/></logic_node_link><logic_node_link type="0"><voxel_pos_0 x="1" y="-5" z="0"/><voxel_pos_1 x="0" y="-8" z="0"/></logic_node_link><logic_node_link type="1"><voxel_pos_0 x="2" y="-5" z="0"/><voxel_pos_1 x="0" y="-7" z="0"/></logic_node_link></logic_node_links></vehicle>