<?xml version="1.0" encoding="UTF-8"?><vehicle data_version="2" is_advanced="true" is_static="false" bodies_id="27"><editor_placement_offset x="0" y="0" z="0"/><authors/><bodies><body unique_id="7"><initial_local_transform 00="1" 01="0" 02="0" 03="0" 10="0" 11="1" 12="0" 13="0" 20="0" 21="0" 22="1" 23="0" 30="0" 31="0" 32="0" 33="1"/><local_transform 00="1" 01="0" 02="0" 03="0" 10="0" 11="1" 12="0" 13="0" 20="0" 21="0" 22="1" 23="0" 30="0" 31="0" 32="0" 33="1"/><components><c d="aircraft_engine" t="0"><o r="-1,0,0,0,1,0,0,0,-1" bc="6E6E6EFF" ac="6E6E6EFF" sc="10" custom_name="" max_force_scale="0.75" rps_limit="30"><vp x="0" y="2" z="-7"/><logic_slots><slot value="0"/><slot value="false"/><slot value="0"/><slot value="0"/></logic_slots></o></c><c d="water_inlet" t="0"><o r="0,-1,0,0,0,-1,1,0,0" bc="6E6E6EFF" ac="6E6E6EFF" sc="5" custom_name="" fluid_type="1" fluid_filter="4294967295"><vp x="0" y="1" z="-9"/><logic_slots><slot value="0"/><slot value="0"/><slot value="false"/><slot value="0"/><slot value="0"/><slot value="0"/></logic_slots></o></c><c d="trans_block_angle" t="0"><o r="0,0,1,0,1,0,-1,0,0" bc="6E6E6EFF" ac="6E6E6EFF" sc="6" custom_name=""><vp x="1" y="3" z="-3"/></o></c><c d="trans_block_angle" t="4"><o r="0,0,1,0,1,0,-1,0,0" bc="6E6E6EFF" ac="6E6E6EFF" sc="6" custom_name=""><vp x="-1" y="3" z="-3"/></o></c><c d="fluid_radiator" t="0"><o r="0,-1,0,0,0,1,-1,0,0" bc="6E6E6EFF" ac="6E6E6EFF" sc="23" custom_name="" fluid_type="1" fluid_filter="4294967295"><vp x="2" y="2" z="-3"/><logic_slots><slot value="0"/><slot value="0"/><slot value="false"/><slot value="0"/><slot value="0"/><slot value="0"/></logic_slots></o></c><c d="fluid_radiator" t="4"><o r="0,-1,0,0,0,1,-1,0,0" bc="6E6E6EFF" ac="6E6E6EFF" sc="23" custom_name="" fluid_type="1" fluid_filter="4294967295"><vp x="-2" y="2" z="-3"/><logic_slots><slot value="0"/><slot value="0"/><slot value="false"/><slot value="0"/><slot value="0"/><slot value="0"/></logic_slots></o></c><c d="trans_block_straight" t="0"><o r="1,0,0,0,0,1,0,-1,0" bc="6E6E6EFF" ac="6E6E6EFF" sc="6" custom_name=""><vp x="-1" y="3" z="-2"/></o></c><c d="trans_block_straight" t="1"><o r="1,0,0,0,0,1,0,-1,0" bc="6E6E6EFF" ac="6E6E6EFF" sc="6" custom_name=""><vp x="1" y="3" z="-2"/></o></c><c d="trans_block_straight" t="0"><o r="1,0,0,0,0,1,0,-1,0" bc="6E6E6EFF" ac="6E6E6EFF" sc="6" custom_name=""><vp x="0" y="3" z="-2"/></o></c><c d="trans_block_angle" t="0"><o r="0,0,1,0,-1,0,1,0,0" bc="6E6E6EFF" ac="6E6E6EFF" sc="6" custom_name=""><vp x="1" y="2" z="-3"/></o></c><c d="trans_block_angle" t="4"><o r="0,0,1,0,-1,0,1,0,0" bc="6E6E6EFF" ac="6E6E6EFF" sc="6" custom_name=""><vp x="-1" y="2" z="-3"/></o></c><c d="trans_block_angle" t="0"><o r="0,-1,0,0,0,1,-1,0,0" bc="6E6E6EFF" ac="6E6E6EFF" sc="6" custom_name=""><vp x="1" y="1" z="-3"/></o></c><c d="trans_block_angle" t="4"><o r="0,-1,0,0,0,1,-1,0,0" bc="6E6E6EFF" ac="6E6E6EFF" sc="6" custom_name=""><vp x="-1" y="1" z="-3"/></o></c><c d="trans_block_angle" t="0"><o r="0,0,1,1,0,0,0,1,0" bc="6E6E6EFF" ac="6E6E6EFF" sc="6" custom_name=""><vp x="1" y="1" z="-2"/></o></c><c d="trans_block_angle" t="2"><o r="0,0,1,1,0,0,0,1,0" bc="6E6E6EFF" ac="6E6E6EFF" sc="6" custom_name=""><vp x="-1" y="1" z="-2"/></o></c><c d="01_block" t="0"><o r="0,0,1,-1,0,0,0,-1,0" bc="6E6E6EFF" ac="6E6E6EFF" sc="6"><vp x="1" y="2" z="-2"/></o></c><c d="01_block" t="2"><o r="0,0,1,-1,0,0,0,-1,0" bc="6E6E6EFF" ac="6E6E6EFF" sc="6"><vp x="-1" y="2" z="-2"/></o></c><c d="trans_block_angle" t="0"><o r="0,0,-1,0,1,0,1,0,0" bc="6E6E6EFF" ac="6E6E6EFF" sc="6" custom_name=""><vp x="0" y="2" z="-3"/></o></c><c d="trans_block_straight" t="0"><o r="0,0,1,1,0,0,0,1,0" bc="6E6E6EFF" ac="6E6E6EFF" sc="6" custom_name=""><vp x="0" y="2" z="-2"/></o></c><c d="trans_block_straight" t="0"><o r="0,-1,0,1,0,0,0,0,1" bc="6E6E6EFF" ac="6E6E6EFF" sc="6" custom_name=""><vp x="0" y="3" z="-3"/></o></c><c d="01_block" t="0"><o r="1,0,0,0,0,1,0,-1,0" bc="6E6E6EFF" ac="6E6E6EFF" sc="6"><vp x="0" y="1" z="-2"/></o></c><c d="generator_small" t="0"><o r="1,0,0,0,-1,0,0,0,-1" bc="6E6E6EFF" ac="6E6E6EFF" sc="6" custom_name="" default_state="false"><vp x="0" y="2" z="-11"/><logic_slots><slot value="0"/><slot value="false"/><slot value="0"/></logic_slots></o></c><c d="aircraft_propeller" t="0"><o r="-1,0,0,0,0,-1,0,-1,0" bc="6E6E6EFF" ac="6E6E6EFF" sc="5" custom_name="" blade_count="4" blade_pitch="0"><vp x="0" y="3" z="-12"/><logic_slots><slot value="0"/><slot value="0"/><slot value="0"/></logic_slots></o></c><c d="trans_block_t" t="0"><o r="0,1,0,0,0,1,1,0,0" bc="6E6E6EFF" ac="6E6E6EFF" sc="6" custom_name=""><vp x="0" y="3" z="-11"/></o></c><c d="trans_block_angle" t="0"><o r="0,1,0,0,0,-1,-1,0,0" bc="6E6E6EFF" ac="6E6E6EFF" sc="6" custom_name=""><vp x="0" y="4" z="-3"/></o></c><c d="01_block" t="0"><o r="1,0,0,0,0,1,0,-1,0" bc="6E6E6EFF" ac="6E6E6EFF" sc="6"><vp x="2" y="2" z="-1"/></o></c><c d="01_block" t="0"><o r="1,0,0,0,0,1,0,-1,0" bc="6E6E6EFF" ac="6E6E6EFF" sc="6"><vp x="2" y="3" z="-1"/></o></c><c d="01_block" t="1"><o r="1,0,0,0,0,1,0,-1,0" bc="6E6E6EFF" ac="6E6E6EFF" sc="6"><vp x="-2" y="2" z="-1"/></o></c><c d="01_block" t="1"><o r="1,0,0,0,0,1,0,-1,0" bc="6E6E6EFF" ac="6E6E6EFF" sc="6"><vp x="-2" y="3" z="-1"/></o></c><c d="01_block" t="0"><o r="1,0,0,0,0,1,0,-1,0" bc="6E6E6EFF" ac="6E6E6EFF" sc="6"><vp x="0" y="4" z="-2"/></o></c><c d="01_block" t="0"><o r="1,0,0,0,0,1,0,-1,0" bc="6E6E6EFF" ac="6E6E6EFF" sc="6"><vp x="0" y="4" z="-1"/></o></c><c d="01_block" t="0"><o r="1,0,0,0,0,1,0,-1,0" bc="6E6E6EFF" ac="6E6E6EFF" sc="6"><vp x="-1" y="1" z="-1"/></o></c><c d="01_block" t="0"><o r="1,0,0,0,0,1,0,-1,0" bc="6E6E6EFF" ac="6E6E6EFF" sc="6"><vp x="0" y="1" z="-1"/></o></c><c d="01_block" t="1"><o r="1,0,0,0,0,1,0,-1,0" bc="6E6E6EFF" ac="6E6E6EFF" sc="6"><vp x="1" y="1" z="-1"/></o></c><c d="water_inlet" t="0"><o r="1,0,0,0,0,1,0,-1,0" bc="6E6E6EFF" ac="6E6E6EFF" sc="5" custom_name="" fluid_type="1" fluid_filter="4294967295"><vp x="0" y="2" z="-1"/><logic_slots><slot value="0"/><slot value="0"/><slot value="false"/><slot value="0"/><slot value="0"/><slot value="0"/></logic_slots></o></c><c d="01_block" t="0"><o r="1,0,0,0,0,1,0,-1,0" bc="6E6E6EFF" ac="6E6E6EFF" sc="6"><vp x="-1" y="1" z="0"/></o></c><c d="01_block" t="0"><o r="1,0,0,0,0,1,0,-1,0" bc="6E6E6EFF" ac="6E6E6EFF" sc="6"><vp x="-1" y="1" z="1"/></o></c><c d="01_block" t="0"><o r="1,0,0,0,0,1,0,-1,0" bc="6E6E6EFF" ac="6E6E6EFF" sc="6"><vp x="-1" y="1" z="2"/></o></c><c d="01_block" t="0"><o r="1,0,0,0,0,1,0,-1,0" bc="6E6E6EFF" ac="6E6E6EFF" sc="6"><vp x="-1" y="1" z="3"/></o></c><c d="01_block" t="0"><o r="1,0,0,0,0,1,0,-1,0" bc="6E6E6EFF" ac="6E6E6EFF" sc="6"><vp x="-1" y="1" z="4"/></o></c><c d="01_block" t="0"><o r="1,0,0,0,0,1,0,-1,0" bc="6E6E6EFF" ac="6E6E6EFF" sc="6"><vp x="-1" y="1" z="5"/></o></c><c d="01_block" t="0"><o r="1,0,0,0,0,1,0,-1,0" bc="6E6E6EFF" ac="6E6E6EFF" sc="6"><vp x="-1" y="1" z="6"/></o></c><c d="01_block" t="0"><o r="1,0,0,0,0,1,0,-1,0" bc="6E6E6EFF" ac="6E6E6EFF" sc="6"><vp x="-1" y="1" z="7"/></o></c><c d="01_block" t="0"><o r="1,0,0,0,0,1,0,-1,0" bc="6E6E6EFF" ac="6E6E6EFF" sc="6"><vp x="-1" y="1" z="8"/></o></c><c d="01_block" t="0"><o r="1,0,0,0,0,1,0,-1,0" bc="6E6E6EFF" ac="6E6E6EFF" sc="6"><vp x="-1" y="1" z="9"/></o></c><c d="01_block" t="0"><o r="1,0,0,0,0,1,0,-1,0" bc="6E6E6EFF" ac="6E6E6EFF" sc="6"><vp x="-1" y="1" z="10"/></o></c><c d="01_block" t="0"><o r="1,0,0,0,0,1,0,-1,0" bc="6E6E6EFF" ac="6E6E6EFF" sc="6"><vp x="-1" y="1" z="11"/></o></c><c d="01_block" t="0"><o r="1,0,0,0,0,1,0,-1,0" bc="6E6E6EFF" ac="6E6E6EFF" sc="6"><vp x="-1" y="1" z="12"/></o></c><c d="01_block" t="0"><o r="1,0,0,0,0,1,0,-1,0" bc="6E6E6EFF" ac="6E6E6EFF" sc="6"><vp x="0" y="1" z="0"/></o></c><c d="01_block" t="0"><o r="1,0,0,0,0,1,0,-1,0" bc="6E6E6EFF" ac="6E6E6EFF" sc="6"><vp x="0" y="1" z="1"/></o></c><c d="01_block" t="0"><o r="1,0,0,0,0,1,0,-1,0" bc="6E6E6EFF" ac="6E6E6EFF" sc="6"><vp x="0" y="1" z="2"/></o></c><c d="01_block" t="0"><o r="1,0,0,0,0,1,0,-1,0" bc="6E6E6EFF" ac="6E6E6EFF" sc="6"><vp x="0" y="1" z="3"/></o></c><c d="01_block" t="0"><o r="1,0,0,0,0,1,0,-1,0" bc="6E6E6EFF" ac="6E6E6EFF" sc="6"><vp x="0" y="1" z="4"/></o></c><c d="01_block" t="0"><o r="1,0,0,0,0,1,0,-1,0" bc="6E6E6EFF" ac="6E6E6EFF" sc="6"><vp x="0" y="1" z="5"/></o></c><c d="01_block" t="0"><o r="1,0,0,0,0,1,0,-1,0" bc="6E6E6EFF" ac="6E6E6EFF" sc="6"><vp x="0" y="1" z="6"/></o></c><c d="01_block" t="0"><o r="1,0,0,0,0,1,0,-1,0" bc="6E6E6EFF" ac="6E6E6EFF" sc="6"><vp x="0" y="1" z="7"/></o></c><c d="01_block" t="0"><o r="1,0,0,0,0,1,0,-1,0" bc="6E6E6EFF" ac="6E6E6EFF" sc="6"><vp x="0" y="1" z="8"/></o></c><c d="01_block" t="0"><o r="1,0,0,0,0,1,0,-1,0" bc="6E6E6EFF" ac="6E6E6EFF" sc="6"><vp x="0" y="1" z="9"/></o></c><c d="01_block" t="0"><o r="1,0,0,0,0,1,0,-1,0" bc="6E6E6EFF" ac="6E6E6EFF" sc="6"><vp x="0" y="1" z="10"/></o></c><c d="01_block" t="0"><o r="1,0,0,0,0,1,0,-1,0" bc="6E6E6EFF" ac="6E6E6EFF" sc="6"><vp x="0" y="1" z="11"/></o></c><c d="01_block" t="0"><o r="1,0,0,0,0,1,0,-1,0" bc="6E6E6EFF" ac="6E6E6EFF" sc="6"><vp x="0" y="1" z="12"/></o></c><c d="01_block" t="0"><o r="1,0,0,0,0,1,0,-1,0" bc="6E6E6EFF" ac="6E6E6EFF" sc="6"><vp x="1" y="1" z="0"/></o></c><c d="01_block" t="0"><o r="1,0,0,0,0,1,0,-1,0" bc="6E6E6EFF" ac="6E6E6EFF" sc="6"><vp x="1" y="1" z="1"/></o></c><c d="01_block" t="0"><o r="1,0,0,0,0,1,0,-1,0" bc="6E6E6EFF" ac="6E6E6EFF" sc="6"><vp x="1" y="1" z="2"/></o></c><c d="01_block" t="0"><o r="1,0,0,0,0,1,0,-1,0" bc="6E6E6EFF" ac="6E6E6EFF" sc="6"><vp x="1" y="1" z="3"/></o></c><c d="01_block" t="0"><o r="1,0,0,0,0,1,0,-1,0" bc="6E6E6EFF" ac="6E6E6EFF" sc="6"><vp x="1" y="1" z="4"/></o></c><c d="01_block" t="0"><o r="1,0,0,0,0,1,0,-1,0" bc="6E6E6EFF" ac="6E6E6EFF" sc="6"><vp x="1" y="1" z="5"/></o></c><c d="01_block" t="0"><o r="1,0,0,0,0,1,0,-1,0" bc="6E6E6EFF" ac="6E6E6EFF" sc="6"><vp x="1" y="1" z="6"/></o></c><c d="01_block" t="0"><o r="1,0,0,0,0,1,0,-1,0" bc="6E6E6EFF" ac="6E6E6EFF" sc="6"><vp x="1" y="1" z="7"/></o></c><c d="01_block" t="0"><o r="1,0,0,0,0,1,0,-1,0" bc="6E6E6EFF" ac="6E6E6EFF" sc="6"><vp x="1" y="1" z="8"/></o></c><c d="01_block" t="0"><o r="1,0,0,0,0,1,0,-1,0" bc="6E6E6EFF" ac="6E6E6EFF" sc="6"><vp x="1" y="1" z="9"/></o></c><c d="01_block" t="0"><o r="1,0,0,0,0,1,0,-1,0" bc="6E6E6EFF" ac="6E6E6EFF" sc="6"><vp x="1" y="1" z="10"/></o></c><c d="01_block" t="0"><o r="1,0,0,0,0,1,0,-1,0" bc="6E6E6EFF" ac="6E6E6EFF" sc="6"><vp x="1" y="1" z="11"/></o></c><c d="01_block" t="0"><o r="1,0,0,0,0,1,0,-1,0" bc="6E6E6EFF" ac="6E6E6EFF" sc="6"><vp x="1" y="1" z="12"/></o></c><c d="01_block" t="0"><o r="1,0,0,0,1,0,0,0,1" bc="6E6E6EFF" ac="6E6E6EFF" sc="6"><vp x="-2" y="2" z="0"/></o></c><c d="01_block" t="0"><o r="1,0,0,0,1,0,0,0,1" bc="6E6E6EFF" ac="6E6E6EFF" sc="6"><vp x="-2" y="2" z="1"/></o></c><c d="01_block" t="0"><o r="1,0,0,0,1,0,0,0,1" bc="6E6E6EFF" ac="6E6E6EFF" sc="6"><vp x="-2" y="2" z="2"/></o></c><c d="01_block" t="0"><o r="1,0,0,0,1,0,0,0,1" bc="6E6E6EFF" ac="6E6E6EFF" sc="6"><vp x="-2" y="2" z="3"/></o></c><c d="01_block" t="0"><o r="1,0,0,0,1,0,0,0,1" bc="6E6E6EFF" ac="6E6E6EFF" sc="6"><vp x="-2" y="2" z="4"/></o></c><c d="01_block" t="0"><o r="1,0,0,0,1,0,0,0,1" bc="6E6E6EFF" ac="6E6E6EFF" sc="6"><vp x="-2" y="2" z="5"/></o></c><c d="01_block" t="0"><o r="1,0,0,0,1,0,0,0,1" bc="6E6E6EFF" ac="6E6E6EFF" sc="6"><vp x="-2" y="2" z="6"/></o></c><c d="01_block" t="0"><o r="1,0,0,0,1,0,0,0,1" bc="6E6E6EFF" ac="6E6E6EFF" sc="6"><vp x="-2" y="2" z="7"/></o></c><c d="01_block" t="0"><o r="1,0,0,0,1,0,0,0,1" bc="6E6E6EFF" ac="6E6E6EFF" sc="6"><vp x="-2" y="2" z="8"/></o></c><c d="01_block" t="0"><o r="1,0,0,0,1,0,0,0,1" bc="6E6E6EFF" ac="6E6E6EFF" sc="6"><vp x="-2" y="2" z="9"/></o></c><c d="01_block" t="0"><o r="1,0,0,0,1,0,0,0,1" bc="6E6E6EFF" ac="6E6E6EFF" sc="6"><vp x="-2" y="2" z="10"/></o></c><c d="01_block" t="0"><o r="1,0,0,0,1,0,0,0,1" bc="6E6E6EFF" ac="6E6E6EFF" sc="6"><vp x="-2" y="2" z="11"/></o></c><c d="01_block" t="0"><o r="1,0,0,0,1,0,0,0,1" bc="6E6E6EFF" ac="6E6E6EFF" sc="6"><vp x="-2" y="2" z="12"/></o></c><c d="01_block" t="1"><o r="1,0,0,0,1,0,0,0,1" bc="6E6E6EFF" ac="6E6E6EFF" sc="6"><vp x="2" y="2" z="0"/></o></c><c d="01_block" t="1"><o r="1,0,0,0,1,0,0,0,1" bc="6E6E6EFF" ac="6E6E6EFF" sc="6"><vp x="2" y="2" z="1"/></o></c><c d="01_block" t="1"><o r="1,0,0,0,1,0,0,0,1" bc="6E6E6EFF" ac="6E6E6EFF" sc="6"><vp x="2" y="2" z="2"/></o></c><c d="01_block" t="1"><o r="1,0,0,0,1,0,0,0,1" bc="6E6E6EFF" ac="6E6E6EFF" sc="6"><vp x="2" y="2" z="3"/></o></c><c d="01_block" t="1"><o r="1,0,0,0,1,0,0,0,1" bc="6E6E6EFF" ac="6E6E6EFF" sc="6"><vp x="2" y="2" z="4"/></o></c><c d="01_block" t="1"><o r="1,0,0,0,1,0,0,0,1" bc="6E6E6EFF" ac="6E6E6EFF" sc="6"><vp x="2" y="2" z="5"/></o></c><c d="01_block" t="1"><o r="1,0,0,0,1,0,0,0,1" bc="6E6E6EFF" ac="6E6E6EFF" sc="6"><vp x="2" y="2" z="6"/></o></c><c d="01_block" t="1"><o r="1,0,0,0,1,0,0,0,1" bc="6E6E6EFF" ac="6E6E6EFF" sc="6"><vp x="2" y="2" z="7"/></o></c><c d="01_block" t="1"><o r="1,0,0,0,1,0,0,0,1" bc="6E6E6EFF" ac="6E6E6EFF" sc="6"><vp x="2" y="2" z="8"/></o></c><c d="01_block" t="1"><o r="1,0,0,0,1,0,0,0,1" bc="6E6E6EFF" ac="6E6E6EFF" sc="6"><vp x="2" y="2" z="9"/></o></c><c d="01_block" t="1"><o r="1,0,0,0,1,0,0,0,1" bc="6E6E6EFF" ac="6E6E6EFF" sc="6"><vp x="2" y="2" z="10"/></o></c><c d="01_block" t="1"><o r="1,0,0,0,1,0,0,0,1" bc="6E6E6EFF" ac="6E6E6EFF" sc="6"><vp x="2" y="2" z="11"/></o></c><c d="01_block" t="1"><o r="1,0,0,0,1,0,0,0,1" bc="6E6E6EFF" ac="6E6E6EFF" sc="6"><vp x="2" y="2" z="12"/></o></c><c d="01_block" t="0"><o r="1,0,0,0,1,0,0,0,1" bc="6E6E6EFF" ac="6E6E6EFF" sc="6"><vp x="-2" y="3" z="0"/></o></c><c d="01_block" t="0"><o r="1,0,0,0,1,0,0,0,1" bc="6E6E6EFF" ac="6E6E6EFF" sc="6"><vp x="-2" y="3" z="1"/></o></c><c d="01_block" t="0"><o r="1,0,0,0,1,0,0,0,1" bc="6E6E6EFF" ac="6E6E6EFF" sc="6"><vp x="-2" y="3" z="2"/></o></c><c d="01_block" t="0"><o r="1,0,0,0,1,0,0,0,1" bc="6E6E6EFF" ac="6E6E6EFF" sc="6"><vp x="-2" y="3" z="3"/></o></c><c d="01_block" t="0"><o r="1,0,0,0,1,0,0,0,1" bc="6E6E6EFF" ac="6E6E6EFF" sc="6"><vp x="-2" y="3" z="4"/></o></c><c d="01_block" t="0"><o r="1,0,0,0,1,0,0,0,1" bc="6E6E6EFF" ac="6E6E6EFF" sc="6"><vp x="-2" y="3" z="5"/></o></c><c d="01_block" t="0"><o r="1,0,0,0,1,0,0,0,1" bc="6E6E6EFF" ac="6E6E6EFF" sc="6"><vp x="-2" y="3" z="6"/></o></c><c d="01_block" t="0"><o r="1,0,0,0,1,0,0,0,1" bc="6E6E6EFF" ac="6E6E6EFF" sc="6"><vp x="-2" y="3" z="7"/></o></c><c d="01_block" t="0"><o r="1,0,0,0,1,0,0,0,1" bc="6E6E6EFF" ac="6E6E6EFF" sc="6"><vp x="-2" y="3" z="8"/></o></c><c d="01_block" t="0"><o r="1,0,0,0,1,0,0,0,1" bc="6E6E6EFF" ac="6E6E6EFF" sc="6"><vp x="-2" y="3" z="9"/></o></c><c d="01_block" t="0"><o r="1,0,0,0,1,0,0,0,1" bc="6E6E6EFF" ac="6E6E6EFF" sc="6"><vp x="-2" y="3" z="10"/></o></c><c d="01_block" t="0"><o r="1,0,0,0,1,0,0,0,1" bc="6E6E6EFF" ac="6E6E6EFF" sc="6"><vp x="-2" y="3" z="11"/></o></c><c d="01_block" t="0"><o r="1,0,0,0,1,0,0,0,1" bc="6E6E6EFF" ac="6E6E6EFF" sc="6"><vp x="-2" y="3" z="12"/></o></c><c d="01_block" t="1"><o r="1,0,0,0,1,0,0,0,1" bc="6E6E6EFF" ac="6E6E6EFF" sc="6"><vp x="2" y="3" z="0"/></o></c><c d="01_block" t="1"><o r="1,0,0,0,1,0,0,0,1" bc="6E6E6EFF" ac="6E6E6EFF" sc="6"><vp x="2" y="3" z="1"/></o></c><c d="01_block" t="1"><o r="1,0,0,0,1,0,0,0,1" bc="6E6E6EFF" ac="6E6E6EFF" sc="6"><vp x="2" y="3" z="2"/></o></c><c d="01_block" t="1"><o r="1,0,0,0,1,0,0,0,1" bc="6E6E6EFF" ac="6E6E6EFF" sc="6"><vp x="2" y="3" z="3"/></o></c><c d="01_block" t="1"><o r="1,0,0,0,1,0,0,0,1" bc="6E6E6EFF" ac="6E6E6EFF" sc="6"><vp x="2" y="3" z="4"/></o></c><c d="01_block" t="1"><o r="1,0,0,0,1,0,0,0,1" bc="6E6E6EFF" ac="6E6E6EFF" sc="6"><vp x="2" y="3" z="5"/></o></c><c d="01_block" t="1"><o r="1,0,0,0,1,0,0,0,1" bc="6E6E6EFF" ac="6E6E6EFF" sc="6"><vp x="2" y="3" z="6"/></o></c><c d="01_block" t="1"><o r="1,0,0,0,1,0,0,0,1" bc="6E6E6EFF" ac="6E6E6EFF" sc="6"><vp x="2" y="3" z="7"/></o></c><c d="01_block" t="1"><o r="1,0,0,0,1,0,0,0,1" bc="6E6E6EFF" ac="6E6E6EFF" sc="6"><vp x="2" y="3" z="8"/></o></c><c d="01_block" t="1"><o r="1,0,0,0,1,0,0,0,1" bc="6E6E6EFF" ac="6E6E6EFF" sc="6"><vp x="2" y="3" z="9"/></o></c><c d="01_block" t="1"><o r="1,0,0,0,1,0,0,0,1" bc="6E6E6EFF" ac="6E6E6EFF" sc="6"><vp x="2" y="3" z="10"/></o></c><c d="01_block" t="1"><o r="1,0,0,0,1,0,0,0,1" bc="6E6E6EFF" ac="6E6E6EFF" sc="6"><vp x="2" y="3" z="11"/></o></c><c d="01_block" t="1"><o r="1,0,0,0,1,0,0,0,1" bc="6E6E6EFF" ac="6E6E6EFF" sc="6"><vp x="2" y="3" z="12"/></o></c><c d="01_block" t="0"><o r="1,0,0,0,0,1,0,-1,0" bc="6E6E6EFF" ac="6E6E6EFF" sc="6"><vp x="-1" y="4" z="3"/></o></c><c d="01_block" t="0"><o r="1,0,0,0,0,1,0,-1,0" bc="6E6E6EFF" ac="6E6E6EFF" sc="6"><vp x="-1" y="4" z="4"/></o></c><c d="01_block" t="0"><o r="1,0,0,0,0,1,0,-1,0" bc="6E6E6EFF" ac="6E6E6EFF" sc="6"><vp x="-1" y="4" z="5"/></o></c><c d="01_block" t="0"><o r="1,0,0,0,0,1,0,-1,0" bc="6E6E6EFF" ac="6E6E6EFF" sc="6"><vp x="-1" y="4" z="6"/></o></c><c d="01_block" t="0"><o r="1,0,0,0,0,1,0,-1,0" bc="6E6E6EFF" ac="6E6E6EFF" sc="6"><vp x="-1" y="4" z="7"/></o></c><c d="01_block" t="0"><o r="1,0,0,0,0,1,0,-1,0" bc="6E6E6EFF" ac="6E6E6EFF" sc="6"><vp x="-1" y="4" z="8"/></o></c><c d="01_block" t="0"><o r="1,0,0,0,0,1,0,-1,0" bc="6E6E6EFF" ac="6E6E6EFF" sc="6"><vp x="-1" y="4" z="9"/></o></c><c d="01_block" t="0"><o r="1,0,0,0,0,1,0,-1,0" bc="6E6E6EFF" ac="6E6E6EFF" sc="6"><vp x="-1" y="4" z="10"/></o></c><c d="01_block" t="0"><o r="1,0,0,0,0,1,0,-1,0" bc="6E6E6EFF" ac="6E6E6EFF" sc="6"><vp x="-1" y="4" z="11"/></o></c><c d="01_block" t="0"><o r="1,0,0,0,0,1,0,-1,0" bc="6E6E6EFF" ac="6E6E6EFF" sc="6"><vp x="-1" y="4" z="12"/></o></c><c d="01_block" t="0"><o r="1,0,0,0,0,1,0,-1,0" bc="6E6E6EFF" ac="6E6E6EFF" sc="6"><vp x="0" y="4" z="0"/></o></c><c d="01_block" t="0"><o r="1,0,0,0,0,1,0,-1,0" bc="6E6E6EFF" ac="6E6E6EFF" sc="6"><vp x="0" y="4" z="1"/></o></c><c d="01_block" t="0"><o r="1,0,0,0,0,1,0,-1,0" bc="6E6E6EFF" ac="6E6E6EFF" sc="6"><vp x="0" y="4" z="2"/></o></c><c d="01_block" t="0"><o r="1,0,0,0,0,1,0,-1,0" bc="6E6E6EFF" ac="6E6E6EFF" sc="6"><vp x="0" y="4" z="3"/></o></c><c d="01_block" t="0"><o r="1,0,0,0,0,1,0,-1,0" bc="6E6E6EFF" ac="6E6E6EFF" sc="6"><vp x="0" y="4" z="4"/></o></c><c d="01_block" t="0"><o r="1,0,0,0,0,1,0,-1,0" bc="6E6E6EFF" ac="6E6E6EFF" sc="6"><vp x="0" y="4" z="5"/></o></c><c d="01_block" t="0"><o r="1,0,0,0,0,1,0,-1,0" bc="6E6E6EFF" ac="6E6E6EFF" sc="6"><vp x="0" y="4" z="6"/></o></c><c d="01_block" t="0"><o r="1,0,0,0,0,1,0,-1,0" bc="6E6E6EFF" ac="6E6E6EFF" sc="6"><vp x="0" y="4" z="7"/></o></c><c d="01_block" t="0"><o r="1,0,0,0,0,1,0,-1,0" bc="6E6E6EFF" ac="6E6E6EFF" sc="6"><vp x="0" y="4" z="8"/></o></c><c d="01_block" t="0"><o r="1,0,0,0,0,1,0,-1,0" bc="6E6E6EFF" ac="6E6E6EFF" sc="6"><vp x="0" y="4" z="9"/></o></c><c d="01_block" t="0"><o r="1,0,0,0,0,1,0,-1,0" bc="6E6E6EFF" ac="6E6E6EFF" sc="6"><vp x="0" y="4" z="10"/></o></c><c d="01_block" t="0"><o r="1,0,0,0,0,1,0,-1,0" bc="6E6E6EFF" ac="6E6E6EFF" sc="6"><vp x="0" y="4" z="11"/></o></c><c d="01_block" t="0"><o r="1,0,0,0,0,1,0,-1,0" bc="6E6E6EFF" ac="6E6E6EFF" sc="6"><vp x="0" y="4" z="12"/></o></c><c d="01_block" t="0"><o r="1,0,0,0,0,1,0,-1,0" bc="6E6E6EFF" ac="6E6E6EFF" sc="6"><vp x="1" y="4" z="3"/></o></c><c d="01_block" t="0"><o r="1,0,0,0,0,1,0,-1,0" bc="6E6E6EFF" ac="6E6E6EFF" sc="6"><vp x="1" y="4" z="4"/></o></c><c d="01_block" t="0"><o r="1,0,0,0,0,1,0,-1,0" bc="6E6E6EFF" ac="6E6E6EFF" sc="6"><vp x="1" y="4" z="5"/></o></c><c d="01_block" t="0"><o r="1,0,0,0,0,1,0,-1,0" bc="6E6E6EFF" ac="6E6E6EFF" sc="6"><vp x="1" y="4" z="6"/></o></c><c d="01_block" t="0"><o r="1,0,0,0,0,1,0,-1,0" bc="6E6E6EFF" ac="6E6E6EFF" sc="6"><vp x="1" y="4" z="7"/></o></c><c d="01_block" t="0"><o r="1,0,0,0,0,1,0,-1,0" bc="6E6E6EFF" ac="6E6E6EFF" sc="6"><vp x="1" y="4" z="8"/></o></c><c d="01_block" t="0"><o r="1,0,0,0,0,1,0,-1,0" bc="6E6E6EFF" ac="6E6E6EFF" sc="6"><vp x="1" y="4" z="9"/></o></c><c d="01_block" t="0"><o r="1,0,0,0,0,1,0,-1,0" bc="6E6E6EFF" ac="6E6E6EFF" sc="6"><vp x="1" y="4" z="10"/></o></c><c d="01_block" t="0"><o r="1,0,0,0,0,1,0,-1,0" bc="6E6E6EFF" ac="6E6E6EFF" sc="6"><vp x="1" y="4" z="11"/></o></c><c d="01_block" t="0"><o r="1,0,0,0,0,1,0,-1,0" bc="6E6E6EFF" ac="6E6E6EFF" sc="6"><vp x="1" y="4" z="12"/></o></c><c d="02_wedge" t="0"><o r="0,0,1,0,1,0,-1,0,0" bc="6E6E6EFF" ac="6E6E6EFF" sc="5"><vp x="2" y="4" z="3"/></o></c><c d="02_wedge" t="0"><o r="0,0,1,0,1,0,-1,0,0" bc="6E6E6EFF" ac="6E6E6EFF" sc="5"><vp x="2" y="4" z="4"/></o></c><c d="02_wedge" t="0"><o r="0,0,1,0,1,0,-1,0,0" bc="6E6E6EFF" ac="6E6E6EFF" sc="5"><vp x="2" y="4" z="5"/></o></c><c d="02_wedge" t="0"><o r="0,0,1,0,1,0,-1,0,0" bc="6E6E6EFF" ac="6E6E6EFF" sc="5"><vp x="2" y="4" z="6"/></o></c><c d="02_wedge" t="0"><o r="0,0,1,0,1,0,-1,0,0" bc="6E6E6EFF" ac="6E6E6EFF" sc="5"><vp x="2" y="4" z="7"/></o></c><c d="02_wedge" t="0"><o r="0,0,1,0,1,0,-1,0,0" bc="6E6E6EFF" ac="6E6E6EFF" sc="5"><vp x="2" y="4" z="8"/></o></c><c d="02_wedge" t="0"><o r="0,0,1,0,1,0,-1,0,0" bc="6E6E6EFF" ac="6E6E6EFF" sc="5"><vp x="2" y="4" z="9"/></o></c><c d="02_wedge" t="0"><o r="0,0,1,0,1,0,-1,0,0" bc="6E6E6EFF" ac="6E6E6EFF" sc="5"><vp x="2" y="4" z="10"/></o></c><c d="02_wedge" t="0"><o r="0,0,1,0,1,0,-1,0,0" bc="6E6E6EFF" ac="6E6E6EFF" sc="5"><vp x="2" y="4" z="11"/></o></c><c d="02_wedge" t="0"><o r="0,0,1,0,1,0,-1,0,0" bc="6E6E6EFF" ac="6E6E6EFF" sc="5"><vp x="2" y="4" z="12"/></o></c><c d="02_wedge" t="4"><o r="0,0,1,0,1,0,-1,0,0" bc="6E6E6EFF" ac="6E6E6EFF" sc="5"><vp x="-2" y="4" z="3"/></o></c><c d="02_wedge" t="4"><o r="0,0,1,0,1,0,-1,0,0" bc="6E6E6EFF" ac="6E6E6EFF" sc="5"><vp x="-2" y="4" z="4"/></o></c><c d="02_wedge" t="4"><o r="0,0,1,0,1,0,-1,0,0" bc="6E6E6EFF" ac="6E6E6EFF" sc="5"><vp x="-2" y="4" z="5"/></o></c><c d="02_wedge" t="4"><o r="0,0,1,0,1,0,-1,0,0" bc="6E6E6EFF" ac="6E6E6EFF" sc="5"><vp x="-2" y="4" z="6"/></o></c><c d="02_wedge" t="4"><o r="0,0,1,0,1,0,-1,0,0" bc="6E6E6EFF" ac="6E6E6EFF" sc="5"><vp x="-2" y="4" z="7"/></o></c><c d="02_wedge" t="4"><o r="0,0,1,0,1,0,-1,0,0" bc="6E6E6EFF" ac="6E6E6EFF" sc="5"><vp x="-2" y="4" z="8"/></o></c><c d="02_wedge" t="4"><o r="0,0,1,0,1,0,-1,0,0" bc="6E6E6EFF" ac="6E6E6EFF" sc="5"><vp x="-2" y="4" z="9"/></o></c><c d="02_wedge" t="4"><o r="0,0,1,0,1,0,-1,0,0" bc="6E6E6EFF" ac="6E6E6EFF" sc="5"><vp x="-2" y="4" z="10"/></o></c><c d="02_wedge" t="4"><o r="0,0,1,0,1,0,-1,0,0" bc="6E6E6EFF" ac="6E6E6EFF" sc="5"><vp x="-2" y="4" z="11"/></o></c><c d="02_wedge" t="4"><o r="0,0,1,0,1,0,-1,0,0" bc="6E6E6EFF" ac="6E6E6EFF" sc="5"><vp x="-2" y="4" z="12"/></o></c><c d="04_invpyramid" t="0"><o r="0,0,-1,0,-1,0,-1,0,0" bc="6E6E6EFF" ac="6E6E6EFF" sc="7"><vp x="2" y="1" z="-1"/></o></c><c d="04_invpyramid" t="4"><o r="0,0,-1,0,-1,0,-1,0,0" bc="6E6E6EFF" ac="6E6E6EFF" sc="7"><vp x="-2" y="1" z="-1"/></o></c><c d="02_wedge" t="0"><o r="0,0,-1,0,-1,0,-1,0,0" bc="6E6E6EFF" ac="6E6E6EFF" sc="5"><vp x="2" y="1" z="0"/></o></c><c d="02_wedge" t="0"><o r="0,0,-1,0,-1,0,-1,0,0" bc="6E6E6EFF" ac="6E6E6EFF" sc="5"><vp x="2" y="1" z="1"/></o></c><c d="02_wedge" t="0"><o r="0,0,-1,0,-1,0,-1,0,0" bc="6E6E6EFF" ac="6E6E6EFF" sc="5"><vp x="2" y="1" z="2"/></o></c><c d="02_wedge" t="0"><o r="0,0,-1,0,-1,0,-1,0,0" bc="6E6E6EFF" ac="6E6E6EFF" sc="5"><vp x="2" y="1" z="3"/></o></c><c d="02_wedge" t="0"><o r="0,0,-1,0,-1,0,-1,0,0" bc="6E6E6EFF" ac="6E6E6EFF" sc="5"><vp x="2" y="1" z="4"/></o></c><c d="02_wedge" t="0"><o r="0,0,-1,0,-1,0,-1,0,0" bc="6E6E6EFF" ac="6E6E6EFF" sc="5"><vp x="2" y="1" z="5"/></o></c><c d="02_wedge" t="0"><o r="0,0,-1,0,-1,0,-1,0,0" bc="6E6E6EFF" ac="6E6E6EFF" sc="5"><vp x="2" y="1" z="6"/></o></c><c d="02_wedge" t="0"><o r="0,0,-1,0,-1,0,-1,0,0" bc="6E6E6EFF" ac="6E6E6EFF" sc="5"><vp x="2" y="1" z="7"/></o></c><c d="02_wedge" t="0"><o r="0,0,-1,0,-1,0,-1,0,0" bc="6E6E6EFF" ac="6E6E6EFF" sc="5"><vp x="2" y="1" z="8"/></o></c><c d="02_wedge" t="0"><o r="0,0,-1,0,-1,0,-1,0,0" bc="6E6E6EFF" ac="6E6E6EFF" sc="5"><vp x="2" y="1" z="9"/></o></c><c d="02_wedge" t="0"><o r="0,0,-1,0,-1,0,-1,0,0" bc="6E6E6EFF" ac="6E6E6EFF" sc="5"><vp x="2" y="1" z="10"/></o></c><c d="02_wedge" t="0"><o r="0,0,-1,0,-1,0,-1,0,0" bc="6E6E6EFF" ac="6E6E6EFF" sc="5"><vp x="2" y="1" z="11"/></o></c><c d="02_wedge" t="0"><o r="0,0,-1,0,-1,0,-1,0,0" bc="6E6E6EFF" ac="6E6E6EFF" sc="5"><vp x="2" y="1" z="12"/></o></c><c d="02_wedge" t="4"><o r="0,0,-1,0,-1,0,-1,0,0" bc="6E6E6EFF" ac="6E6E6EFF" sc="5"><vp x="-2" y="1" z="0"/></o></c><c d="02_wedge" t="4"><o r="0,0,-1,0,-1,0,-1,0,0" bc="6E6E6EFF" ac="6E6E6EFF" sc="5"><vp x="-2" y="1" z="1"/></o></c><c d="02_wedge" t="4"><o r="0,0,-1,0,-1,0,-1,0,0" bc="6E6E6EFF" ac="6E6E6EFF" sc="5"><vp x="-2" y="1" z="2"/></o></c><c d="02_wedge" t="4"><o r="0,0,-1,0,-1,0,-1,0,0" bc="6E6E6EFF" ac="6E6E6EFF" sc="5"><vp x="-2" y="1" z="3"/></o></c><c d="02_wedge" t="4"><o r="0,0,-1,0,-1,0,-1,0,0" bc="6E6E6EFF" ac="6E6E6EFF" sc="5"><vp x="-2" y="1" z="4"/></o></c><c d="02_wedge" t="4"><o r="0,0,-1,0,-1,0,-1,0,0" bc="6E6E6EFF" ac="6E6E6EFF" sc="5"><vp x="-2" y="1" z="5"/></o></c><c d="02_wedge" t="4"><o r="0,0,-1,0,-1,0,-1,0,0" bc="6E6E6EFF" ac="6E6E6EFF" sc="5"><vp x="-2" y="1" z="6"/></o></c><c d="02_wedge" t="4"><o r="0,0,-1,0,-1,0,-1,0,0" bc="6E6E6EFF" ac="6E6E6EFF" sc="5"><vp x="-2" y="1" z="7"/></o></c><c d="02_wedge" t="4"><o r="0,0,-1,0,-1,0,-1,0,0" bc="6E6E6EFF" ac="6E6E6EFF" sc="5"><vp x="-2" y="1" z="8"/></o></c><c d="02_wedge" t="4"><o r="0,0,-1,0,-1,0,-1,0,0" bc="6E6E6EFF" ac="6E6E6EFF" sc="5"><vp x="-2" y="1" z="9"/></o></c><c d="02_wedge" t="4"><o r="0,0,-1,0,-1,0,-1,0,0" bc="6E6E6EFF" ac="6E6E6EFF" sc="5"><vp x="-2" y="1" z="10"/></o></c><c d="02_wedge" t="4"><o r="0,0,-1,0,-1,0,-1,0,0" bc="6E6E6EFF" ac="6E6E6EFF" sc="5"><vp x="-2" y="1" z="11"/></o></c><c d="02_wedge" t="4"><o r="0,0,-1,0,-1,0,-1,0,0" bc="6E6E6EFF" ac="6E6E6EFF" sc="5"><vp x="-2" y="1" z="12"/></o></c><c d="water_spawner" t="0"><o r="1,0,0,0,0,1,0,-1,0" bc="6E6E6EFF" ac="6E6E6EFF" sc="5" custom_name="" fluid_type="1" fluid_filter="4294967295"><vp x="-1" y="2" z="-1"/><logic_slots><slot value="0"/><slot value="0"/><slot value="false"/><slot value="0"/><slot value="0"/><slot value="0"/></logic_slots></o></c><c d="water_measure" t="0"><o r="1,0,0,0,0,1,0,-1,0" bc="6E6E6EFF" ac="6E6E6EFF" sc="5" custom_name="" fluid_type="1" fluid_filter="4294967295"><vp x="1" y="2" z="-1"/><logic_slots><slot value="0"/><slot value="0"/><slot value="false"/><slot value="0"/><slot value="0"/><slot value="0"/></logic_slots></o></c><c d="01_block" t="0"><o r="1,0,0,0,0,1,0,-1,0" bc="6E6E6EFF" ac="6E6E6EFF" sc="6"><vp x="-1" y="1" z="13"/></o></c><c d="01_block" t="0"><o r="1,0,0,0,0,1,0,-1,0" bc="6E6E6EFF" ac="6E6E6EFF" sc="6"><vp x="0" y="1" z="13"/></o></c><c d="01_block" t="0"><o r="1,0,0,0,0,1,0,-1,0" bc="6E6E6EFF" ac="6E6E6EFF" sc="6"><vp x="1" y="1" z="13"/></o></c><c d="01_block" t="0"><o r="1,0,0,0,0,1,0,-1,0" bc="6E6E6EFF" ac="6E6E6EFF" sc="6"><vp x="-1" y="1" z="14"/></o></c><c d="01_block" t="0"><o r="1,0,0,0,0,1,0,-1,0" bc="6E6E6EFF" ac="6E6E6EFF" sc="6"><vp x="0" y="1" z="14"/></o></c><c d="01_block" t="0"><o r="1,0,0,0,0,1,0,-1,0" bc="6E6E6EFF" ac="6E6E6EFF" sc="6"><vp x="1" y="1" z="14"/></o></c><c d="01_block" t="0"><o r="1,0,0,0,0,1,0,-1,0" bc="6E6E6EFF" ac="6E6E6EFF" sc="6"><vp x="2" y="2" z="13"/></o></c><c d="01_block" t="0"><o r="1,0,0,0,1,0,0,0,1" bc="6E6E6EFF" ac="6E6E6EFF" sc="6"><vp x="2" y="3" z="13"/></o></c><c d="01_block" t="0"><o r="1,0,0,0,0,1,0,-1,0" bc="6E6E6EFF" ac="6E6E6EFF" sc="6"><vp x="2" y="2" z="14"/></o></c><c d="01_block" t="0"><o r="1,0,0,0,0,1,0,-1,0" bc="6E6E6EFF" ac="6E6E6EFF" sc="6"><vp x="2" y="3" z="14"/></o></c><c d="01_block" t="0"><o r="1,0,0,0,0,1,0,-1,0" bc="6E6E6EFF" ac="6E6E6EFF" sc="6"><vp x="-2" y="2" z="13"/></o></c><c d="01_block" t="0"><o r="1,0,0,0,0,1,0,-1,0" bc="6E6E6EFF" ac="6E6E6EFF" sc="6"><vp x="-2" y="2" z="14"/></o></c><c d="01_block" t="0"><o r="1,0,0,0,0,1,0,-1,0" bc="6E6E6EFF" ac="6E6E6EFF" sc="6"><vp x="-2" y="3" z="13"/></o></c><c d="01_block" t="0"><o r="1,0,0,0,0,1,0,-1,0" bc="6E6E6EFF" ac="6E6E6EFF" sc="6"><vp x="-2" y="3" z="14"/></o></c><c d="01_block" t="0"><o r="1,0,0,0,0,1,0,-1,0" bc="6E6E6EFF" ac="6E6E6EFF" sc="6"><vp x="-1" y="4" z="13"/></o></c><c d="01_block" t="0"><o r="1,0,0,0,0,1,0,-1,0" bc="6E6E6EFF" ac="6E6E6EFF" sc="6"><vp x="-1" y="4" z="14"/></o></c><c d="01_block" t="0"><o r="1,0,0,0,0,1,0,-1,0" bc="6E6E6EFF" ac="6E6E6EFF" sc="6"><vp x="0" y="4" z="13"/></o></c><c d="01_block" t="0"><o r="1,0,0,0,0,1,0,-1,0" bc="6E6E6EFF" ac="6E6E6EFF" sc="6"><vp x="0" y="4" z="14"/></o></c><c d="01_block" t="0"><o r="1,0,0,0,0,1,0,-1,0" bc="6E6E6EFF" ac="6E6E6EFF" sc="6"><vp x="1" y="4" z="13"/></o></c><c d="01_block" t="0"><o r="1,0,0,0,0,1,0,-1,0" bc="6E6E6EFF" ac="6E6E6EFF" sc="6"><vp x="1" y="4" z="14"/></o></c><c d="01_block" t="0"><o r="1,0,0,0,0,1,0,-1,0" bc="6E6E6EFF" ac="6E6E6EFF" sc="6"><vp x="0" y="1" z="15"/></o></c><c d="01_block" t="0"><o r="1,0,0,0,0,1,0,-1,0" bc="6E6E6EFF" ac="6E6E6EFF" sc="6"><vp x="1" y="1" z="15"/></o></c><c d="01_block" t="1"><o r="1,0,0,0,0,1,0,-1,0" bc="6E6E6EFF" ac="6E6E6EFF" sc="6"><vp x="-1" y="1" z="15"/></o></c><c d="01_block" t="1"><o r="1,0,0,0,0,1,0,-1,0" bc="6E6E6EFF" ac="6E6E6EFF" sc="6"><vp x="-1" y="1" z="16"/></o></c><c d="01_block" t="1"><o r="1,0,0,0,0,1,0,-1,0" bc="6E6E6EFF" ac="6E6E6EFF" sc="6"><vp x="-1" y="1" z="18"/></o></c><c d="01_block" t="1"><o r="1,0,0,0,0,1,0,-1,0" bc="6E6E6EFF" ac="6E6E6EFF" sc="6"><vp x="-1" y="1" z="19"/></o></c><c d="01_block" t="1"><o r="1,0,0,0,0,1,0,-1,0" bc="6E6E6EFF" ac="6E6E6EFF" sc="6"><vp x="-1" y="1" z="21"/></o></c><c d="01_block" t="0"><o r="1,0,0,0,0,1,0,-1,0" bc="6E6E6EFF" ac="6E6E6EFF" sc="6"><vp x="-2" y="2" z="15"/></o></c><c d="01_block" t="0"><o r="1,0,0,0,0,1,0,-1,0" bc="6E6E6EFF" ac="6E6E6EFF" sc="6"><vp x="-2" y="2" z="16"/></o></c><c d="01_block" t="0"><o r="1,0,0,0,0,1,0,-1,0" bc="6E6E6EFF" ac="6E6E6EFF" sc="6"><vp x="-2" y="2" z="17"/></o></c><c d="01_block" t="0"><o r="1,0,0,0,0,1,0,-1,0" bc="6E6E6EFF" ac="6E6E6EFF" sc="6"><vp x="-2" y="2" z="18"/></o></c><c d="01_block" t="0"><o r="1,0,0,0,0,1,0,-1,0" bc="6E6E6EFF" ac="6E6E6EFF" sc="6"><vp x="-2" y="2" z="19"/></o></c><c d="01_block" t="0"><o r="1,0,0,0,0,1,0,-1,0" bc="6E6E6EFF" ac="6E6E6EFF" sc="6"><vp x="-2" y="2" z="20"/></o></c><c d="01_block" t="0"><o r="1,0,0,0,0,1,0,-1,0" bc="6E6E6EFF" ac="6E6E6EFF" sc="6"><vp x="-2" y="2" z="21"/></o></c><c d="01_block" t="1"><o r="1,0,0,0,0,1,0,-1,0" bc="6E6E6EFF" ac="6E6E6EFF" sc="6"><vp x="2" y="2" z="15"/></o></c><c d="01_block" t="1"><o r="1,0,0,0,0,1,0,-1,0" bc="6E6E6EFF" ac="6E6E6EFF" sc="6"><vp x="2" y="2" z="16"/></o></c><c d="01_block" t="1"><o r="1,0,0,0,0,1,0,-1,0" bc="6E6E6EFF" ac="6E6E6EFF" sc="6"><vp x="2" y="2" z="17"/></o></c><c d="01_block" t="1"><o r="1,0,0,0,0,1,0,-1,0" bc="6E6E6EFF" ac="6E6E6EFF" sc="6"><vp x="2" y="2" z="18"/></o></c><c d="01_block" t="1"><o r="1,0,0,0,0,1,0,-1,0" bc="6E6E6EFF" ac="6E6E6EFF" sc="6"><vp x="2" y="2" z="19"/></o></c><c d="01_block" t="1"><o r="1,0,0,0,0,1,0,-1,0" bc="6E6E6EFF" ac="6E6E6EFF" sc="6"><vp x="2" y="2" z="20"/></o></c><c d="01_block" t="1"><o r="1,0,0,0,0,1,0,-1,0" bc="6E6E6EFF" ac="6E6E6EFF" sc="6"><vp x="2" y="2" z="21"/></o></c><c d="01_block" t="0"><o r="1,0,0,0,1,0,0,0,1" bc="6E6E6EFF" ac="6E6E6EFF" sc="6"><vp x="-2" y="3" z="15"/></o></c><c d="01_block" t="0"><o r="1,0,0,0,1,0,0,0,1" bc="6E6E6EFF" ac="6E6E6EFF" sc="6"><vp x="-2" y="3" z="16"/></o></c><c d="01_block" t="0"><o r="1,0,0,0,1,0,0,0,1" bc="6E6E6EFF" ac="6E6E6EFF" sc="6"><vp x="-2" y="3" z="17"/></o></c><c d="01_block" t="0"><o r="1,0,0,0,1,0,0,0,1" bc="6E6E6EFF" ac="6E6E6EFF" sc="6"><vp x="-2" y="3" z="18"/></o></c><c d="01_block" t="0"><o r="1,0,0,0,1,0,0,0,1" bc="6E6E6EFF" ac="6E6E6EFF" sc="6"><vp x="-2" y="3" z="19"/></o></c><c d="01_block" t="0"><o r="1,0,0,0,1,0,0,0,1" bc="6E6E6EFF" ac="6E6E6EFF" sc="6"><vp x="-2" y="3" z="20"/></o></c><c d="01_block" t="0"><o r="1,0,0,0,1,0,0,0,1" bc="6E6E6EFF" ac="6E6E6EFF" sc="6"><vp x="-2" y="3" z="21"/></o></c><c d="01_block" t="1"><o r="1,0,0,0,1,0,0,0,1" bc="6E6E6EFF" ac="6E6E6EFF" sc="6"><vp x="2" y="3" z="15"/></o></c><c d="01_block" t="1"><o r="1,0,0,0,1,0,0,0,1" bc="6E6E6EFF" ac="6E6E6EFF" sc="6"><vp x="2" y="3" z="16"/></o></c><c d="01_block" t="1"><o r="1,0,0,0,1,0,0,0,1" bc="6E6E6EFF" ac="6E6E6EFF" sc="6"><vp x="2" y="3" z="17"/></o></c><c d="01_block" t="1"><o r="1,0,0,0,1,0,0,0,1" bc="6E6E6EFF" ac="6E6E6EFF" sc="6"><vp x="2" y="3" z="18"/></o></c><c d="01_block" t="1"><o r="1,0,0,0,1,0,0,0,1" bc="6E6E6EFF" ac="6E6E6EFF" sc="6"><vp x="2" y="3" z="19"/></o></c><c d="01_block" t="1"><o r="1,0,0,0,1,0,0,0,1" bc="6E6E6EFF" ac="6E6E6EFF" sc="6"><vp x="2" y="3" z="20"/></o></c><c d="01_block" t="1"><o r="1,0,0,0,1,0,0,0,1" bc="6E6E6EFF" ac="6E6E6EFF" sc="6"><vp x="2" y="3" z="21"/></o></c><c d="01_block" t="0"><o r="1,0,0,0,0,1,0,-1,0" bc="6E6E6EFF" ac="6E6E6EFF" sc="6"><vp x="-1" y="4" z="15"/></o></c><c d="01_block" t="0"><o r="1,0,0,0,0,1,0,-1,0" bc="6E6E6EFF" ac="6E6E6EFF" sc="6"><vp x="-1" y="4" z="16"/></o></c><c d="01_block" t="0"><o r="1,0,0,0,0,1,0,-1,0" bc="6E6E6EFF" ac="6E6E6EFF" sc="6"><vp x="-1" y="4" z="17"/></o></c><c d="01_block" t="0"><o r="1,0,0,0,0,1,0,-1,0" bc="6E6E6EFF" ac="6E6E6EFF" sc="6"><vp x="-1" y="4" z="18"/></o></c><c d="01_block" t="0"><o r="1,0,0,0,0,1,0,-1,0" bc="6E6E6EFF" ac="6E6E6EFF" sc="6"><vp x="-1" y="4" z="19"/></o></c><c d="01_block" t="0"><o r="1,0,0,0,0,1,0,-1,0" bc="6E6E6EFF" ac="6E6E6EFF" sc="6"><vp x="-1" y="4" z="20"/></o></c><c d="01_block" t="0"><o r="1,0,0,0,0,1,0,-1,0" bc="6E6E6EFF" ac="6E6E6EFF" sc="6"><vp x="-1" y="4" z="21"/></o></c><c d="01_block" t="0"><o r="1,0,0,0,0,1,0,-1,0" bc="6E6E6EFF" ac="6E6E6EFF" sc="6"><vp x="0" y="4" z="15"/></o></c><c d="01_block" t="0"><o r="1,0,0,0,0,1,0,-1,0" bc="6E6E6EFF" ac="6E6E6EFF" sc="6"><vp x="0" y="4" z="16"/></o></c><c d="01_block" t="0"><o r="1,0,0,0,0,1,0,-1,0" bc="6E6E6EFF" ac="6E6E6EFF" sc="6"><vp x="0" y="4" z="17"/></o></c><c d="01_block" t="0"><o r="1,0,0,0,0,1,0,-1,0" bc="6E6E6EFF" ac="6E6E6EFF" sc="6"><vp x="0" y="4" z="18"/></o></c><c d="01_block" t="0"><o r="1,0,0,0,0,1,0,-1,0" bc="6E6E6EFF" ac="6E6E6EFF" sc="6"><vp x="0" y="4" z="19"/></o></c><c d="01_block" t="0"><o r="1,0,0,0,0,1,0,-1,0" bc="6E6E6EFF" ac="6E6E6EFF" sc="6"><vp x="0" y="4" z="20"/></o></c><c d="01_block" t="0"><o r="1,0,0,0,0,1,0,-1,0" bc="6E6E6EFF" ac="6E6E6EFF" sc="6"><vp x="0" y="4" z="21"/></o></c><c d="01_block" t="0"><o r="1,0,0,0,0,1,0,-1,0" bc="6E6E6EFF" ac="6E6E6EFF" sc="6"><vp x="1" y="4" z="15"/></o></c><c d="01_block" t="0"><o r="1,0,0,0,0,1,0,-1,0" bc="6E6E6EFF" ac="6E6E6EFF" sc="6"><vp x="1" y="4" z="16"/></o></c><c d="01_block" t="0"><o r="1,0,0,0,0,1,0,-1,0" bc="6E6E6EFF" ac="6E6E6EFF" sc="6"><vp x="1" y="4" z="17"/></o></c><c d="01_block" t="0"><o r="1,0,0,0,0,1,0,-1,0" bc="6E6E6EFF" ac="6E6E6EFF" sc="6"><vp x="1" y="4" z="18"/></o></c><c d="01_block" t="0"><o r="1,0,0,0,0,1,0,-1,0" bc="6E6E6EFF" ac="6E6E6EFF" sc="6"><vp x="1" y="4" z="19"/></o></c><c d="01_block" t="0"><o r="1,0,0,0,0,1,0,-1,0" bc="6E6E6EFF" ac="6E6E6EFF" sc="6"><vp x="1" y="4" z="20"/></o></c><c d="01_block" t="0"><o r="1,0,0,0,0,1,0,-1,0" bc="6E6E6EFF" ac="6E6E6EFF" sc="6"><vp x="1" y="4" z="21"/></o></c><c d="battery_medium" t="0"><o r="-1,0,0,0,0,1,0,1,0" bc="6E6E6EFF" ac="6E6E6EFF" sc="6" custom_name="" default_state="false"><vp x="0" y="2" z="22"/><logic_slots><slot value="0"/><slot value="false"/><slot value="0"/></logic_slots></o></c><c d="01_block" t="0"><o r="1,0,0,0,0,1,0,-1,0" bc="6E6E6EFF" ac="6E6E6EFF" sc="6"><vp x="-2" y="2" z="22"/></o></c><c d="01_block" t="0"><o r="1,0,0,0,0,1,0,-1,0" bc="6E6E6EFF" ac="6E6E6EFF" sc="6"><vp x="-2" y="2" z="23"/></o></c><c d="01_block" t="0"><o r="1,0,0,0,0,1,0,-1,0" bc="6E6E6EFF" ac="6E6E6EFF" sc="6"><vp x="-2" y="3" z="22"/></o></c><c d="01_block" t="0"><o r="1,0,0,0,0,1,0,-1,0" bc="6E6E6EFF" ac="6E6E6EFF" sc="6"><vp x="-2" y="3" z="23"/></o></c><c d="01_block" t="1"><o r="1,0,0,0,0,1,0,-1,0" bc="6E6E6EFF" ac="6E6E6EFF" sc="6"><vp x="2" y="2" z="22"/></o></c><c d="01_block" t="1"><o r="1,0,0,0,0,1,0,-1,0" bc="6E6E6EFF" ac="6E6E6EFF" sc="6"><vp x="2" y="2" z="23"/></o></c><c d="01_block" t="1"><o r="1,0,0,0,0,1,0,-1,0" bc="6E6E6EFF" ac="6E6E6EFF" sc="6"><vp x="2" y="3" z="22"/></o></c><c d="01_block" t="1"><o r="1,0,0,0,0,1,0,-1,0" bc="6E6E6EFF" ac="6E6E6EFF" sc="6"><vp x="2" y="3" z="23"/></o></c><c d="01_block" t="0"><o r="1,0,0,0,0,1,0,-1,0" bc="6E6E6EFF" ac="6E6E6EFF" sc="6"><vp x="-1" y="4" z="22"/></o></c><c d="01_block" t="0"><o r="1,0,0,0,0,1,0,-1,0" bc="6E6E6EFF" ac="6E6E6EFF" sc="6"><vp x="-1" y="4" z="23"/></o></c><c d="01_block" t="0"><o r="1,0,0,0,0,1,0,-1,0" bc="6E6E6EFF" ac="6E6E6EFF" sc="6"><vp x="0" y="4" z="22"/></o></c><c d="01_block" t="0"><o r="1,0,0,0,0,1,0,-1,0" bc="6E6E6EFF" ac="6E6E6EFF" sc="6"><vp x="0" y="4" z="23"/></o></c><c d="01_block" t="0"><o r="1,0,0,0,0,1,0,-1,0" bc="6E6E6EFF" ac="6E6E6EFF" sc="6"><vp x="1" y="4" z="22"/></o></c><c d="01_block" t="0"><o r="1,0,0,0,0,1,0,-1,0" bc="6E6E6EFF" ac="6E6E6EFF" sc="6"><vp x="1" y="4" z="23"/></o></c><c d="01_block" t="0"><o r="1,0,0,0,0,1,0,-1,0" bc="6E6E6EFF" ac="6E6E6EFF" sc="6"><vp x="1" y="1" z="23"/></o></c><c d="01_block" t="1"><o r="1,0,0,0,0,1,0,-1,0" bc="6E6E6EFF" ac="6E6E6EFF" sc="6"><vp x="-1" y="1" z="23"/></o></c><c d="01_block" t="0"><o r="0,0,1,-1,0,0,0,-1,0" bc="6E6E6EFF" ac="6E6E6EFF" sc="6"><vp x="0" y="1" z="22"/></o></c><c d="01_block" t="0"><o r="1,0,0,0,0,1,0,-1,0" bc="6E6E6EFF" ac="6E6E6EFF" sc="6"><vp x="0" y="1" z="23"/></o></c><c d="02_wedge" t="0"><o r="0,0,1,0,1,0,-1,0,0" bc="6E6E6EFF" ac="6E6E6EFF" sc="5"><vp x="2" y="4" z="13"/></o></c><c d="02_wedge" t="0"><o r="0,0,1,0,1,0,-1,0,0" bc="6E6E6EFF" ac="6E6E6EFF" sc="5"><vp x="2" y="4" z="14"/></o></c><c d="02_wedge" t="0"><o r="0,0,1,0,1,0,-1,0,0" bc="6E6E6EFF" ac="6E6E6EFF" sc="5"><vp x="2" y="4" z="15"/></o></c><c d="02_wedge" t="0"><o r="0,0,1,0,1,0,-1,0,0" bc="6E6E6EFF" ac="6E6E6EFF" sc="5"><vp x="2" y="4" z="16"/></o></c><c d="02_wedge" t="0"><o r="0,0,1,0,1,0,-1,0,0" bc="6E6E6EFF" ac="6E6E6EFF" sc="5"><vp x="2" y="4" z="17"/></o></c><c d="02_wedge" t="0"><o r="0,0,1,0,1,0,-1,0,0" bc="6E6E6EFF" ac="6E6E6EFF" sc="5"><vp x="2" y="4" z="18"/></o></c><c d="02_wedge" t="0"><o r="0,0,1,0,1,0,-1,0,0" bc="6E6E6EFF" ac="6E6E6EFF" sc="5"><vp x="2" y="4" z="19"/></o></c><c d="02_wedge" t="0"><o r="0,0,1,0,1,0,-1,0,0" bc="6E6E6EFF" ac="6E6E6EFF" sc="5"><vp x="2" y="4" z="20"/></o></c><c d="02_wedge" t="0"><o r="0,0,1,0,1,0,-1,0,0" bc="6E6E6EFF" ac="6E6E6EFF" sc="5"><vp x="2" y="4" z="21"/></o></c><c d="02_wedge" t="0"><o r="0,0,1,0,1,0,-1,0,0" bc="6E6E6EFF" ac="6E6E6EFF" sc="5"><vp x="2" y="4" z="22"/></o></c><c d="02_wedge" t="0"><o r="0,0,1,0,1,0,-1,0,0" bc="6E6E6EFF" ac="6E6E6EFF" sc="5"><vp x="2" y="4" z="23"/></o></c><c d="02_wedge" t="4"><o r="0,0,1,0,1,0,-1,0,0" bc="6E6E6EFF" ac="6E6E6EFF" sc="5"><vp x="-2" y="4" z="13"/></o></c><c d="02_wedge" t="4"><o r="0,0,1,0,1,0,-1,0,0" bc="6E6E6EFF" ac="6E6E6EFF" sc="5"><vp x="-2" y="4" z="14"/></o></c><c d="02_wedge" t="4"><o r="0,0,1,0,1,0,-1,0,0" bc="6E6E6EFF" ac="6E6E6EFF" sc="5"><vp x="-2" y="4" z="15"/></o></c><c d="02_wedge" t="4"><o r="0,0,1,0,1,0,-1,0,0" bc="6E6E6EFF" ac="6E6E6EFF" sc="5"><vp x="-2" y="4" z="16"/></o></c><c d="02_wedge" t="4"><o r="0,0,1,0,1,0,-1,0,0" bc="6E6E6EFF" ac="6E6E6EFF" sc="5"><vp x="-2" y="4" z="17"/></o></c><c d="02_wedge" t="4"><o r="0,0,1,0,1,0,-1,0,0" bc="6E6E6EFF" ac="6E6E6EFF" sc="5"><vp x="-2" y="4" z="18"/></o></c><c d="02_wedge" t="4"><o r="0,0,1,0,1,0,-1,0,0" bc="6E6E6EFF" ac="6E6E6EFF" sc="5"><vp x="-2" y="4" z="19"/></o></c><c d="02_wedge" t="4"><o r="0,0,1,0,1,0,-1,0,0" bc="6E6E6EFF" ac="6E6E6EFF" sc="5"><vp x="-2" y="4" z="20"/></o></c><c d="02_wedge" t="4"><o r="0,0,1,0,1,0,-1,0,0" bc="6E6E6EFF" ac="6E6E6EFF" sc="5"><vp x="-2" y="4" z="21"/></o></c><c d="02_wedge" t="4"><o r="0,0,1,0,1,0,-1,0,0" bc="6E6E6EFF" ac="6E6E6EFF" sc="5"><vp x="-2" y="4" z="22"/></o></c><c d="02_wedge" t="4"><o r="0,0,1,0,1,0,-1,0,0" bc="6E6E6EFF" ac="6E6E6EFF" sc="5"><vp x="-2" y="4" z="23"/></o></c><c d="02_wedge" t="0"><o r="0,0,-1,0,-1,0,-1,0,0" bc="6E6E6EFF" ac="6E6E6EFF" sc="5"><vp x="2" y="1" z="13"/></o></c><c d="02_wedge" t="0"><o r="0,0,-1,0,-1,0,-1,0,0" bc="6E6E6EFF" ac="6E6E6EFF" sc="5"><vp x="2" y="1" z="14"/></o></c><c d="02_wedge" t="0"><o r="0,0,-1,0,-1,0,-1,0,0" bc="6E6E6EFF" ac="6E6E6EFF" sc="5"><vp x="2" y="1" z="15"/></o></c><c d="02_wedge" t="0"><o r="0,0,-1,0,-1,0,-1,0,0" bc="6E6E6EFF" ac="6E6E6EFF" sc="5"><vp x="2" y="1" z="16"/></o></c><c d="02_wedge" t="0"><o r="0,0,-1,0,-1,0,-1,0,0" bc="6E6E6EFF" ac="6E6E6EFF" sc="5"><vp x="2" y="1" z="17"/></o></c><c d="02_wedge" t="0"><o r="0,0,-1,0,-1,0,-1,0,0" bc="6E6E6EFF" ac="6E6E6EFF" sc="5"><vp x="2" y="1" z="18"/></o></c><c d="02_wedge" t="0"><o r="0,0,-1,0,-1,0,-1,0,0" bc="6E6E6EFF" ac="6E6E6EFF" sc="5"><vp x="2" y="1" z="19"/></o></c><c d="02_wedge" t="0"><o r="0,0,-1,0,-1,0,-1,0,0" bc="6E6E6EFF" ac="6E6E6EFF" sc="5"><vp x="2" y="1" z="20"/></o></c><c d="02_wedge" t="0"><o r="0,0,-1,0,-1,0,-1,0,0" bc="6E6E6EFF" ac="6E6E6EFF" sc="5"><vp x="2" y="1" z="21"/></o></c><c d="02_wedge" t="0"><o r="0,0,-1,0,-1,0,-1,0,0" bc="6E6E6EFF" ac="6E6E6EFF" sc="5"><vp x="2" y="1" z="22"/></o></c><c d="02_wedge" t="0"><o r="0,0,-1,0,-1,0,-1,0,0" bc="6E6E6EFF" ac="6E6E6EFF" sc="5"><vp x="2" y="1" z="23"/></o></c><c d="02_wedge" t="4"><o r="0,0,-1,0,-1,0,-1,0,0" bc="6E6E6EFF" ac="6E6E6EFF" sc="5"><vp x="-2" y="1" z="13"/></o></c><c d="02_wedge" t="4"><o r="0,0,-1,0,-1,0,-1,0,0" bc="6E6E6EFF" ac="6E6E6EFF" sc="5"><vp x="-2" y="1" z="14"/></o></c><c d="02_wedge" t="4"><o r="0,0,-1,0,-1,0,-1,0,0" bc="6E6E6EFF" ac="6E6E6EFF" sc="5"><vp x="-2" y="1" z="15"/></o></c><c d="02_wedge" t="4"><o r="0,0,-1,0,-1,0,-1,0,0" bc="6E6E6EFF" ac="6E6E6EFF" sc="5"><vp x="-2" y="1" z="16"/></o></c><c d="02_wedge" t="4"><o r="0,0,-1,0,-1,0,-1,0,0" bc="6E6E6EFF" ac="6E6E6EFF" sc="5"><vp x="-2" y="1" z="17"/></o></c><c d="02_wedge" t="4"><o r="0,0,-1,0,-1,0,-1,0,0" bc="6E6E6EFF" ac="6E6E6EFF" sc="5"><vp x="-2" y="1" z="18"/></o></c><c d="02_wedge" t="4"><o r="0,0,-1,0,-1,0,-1,0,0" bc="6E6E6EFF" ac="6E6E6EFF" sc="5"><vp x="-2" y="1" z="19"/></o></c><c d="02_wedge" t="4"><o r="0,0,-1,0,-1,0,-1,0,0" bc="6E6E6EFF" ac="6E6E6EFF" sc="5"><vp x="-2" y="1" z="20"/></o></c><c d="02_wedge" t="4"><o r="0,0,-1,0,-1,0,-1,0,0" bc="6E6E6EFF" ac="6E6E6EFF" sc="5"><vp x="-2" y="1" z="21"/></o></c><c d="02_wedge" t="4"><o r="0,0,-1,0,-1,0,-1,0,0" bc="6E6E6EFF" ac="6E6E6EFF" sc="5"><vp x="-2" y="1" z="22"/></o></c><c d="02_wedge" t="4"><o r="0,0,-1,0,-1,0,-1,0,0" bc="6E6E6EFF" ac="6E6E6EFF" sc="5"><vp x="-2" y="1" z="23"/></o></c><c d="01_block" t="0"><o r="1,0,0,0,0,1,0,-1,0" bc="6E6E6EFF" ac="6E6E6EFF" sc="6"><vp x="-2" y="2" z="24"/></o></c><c d="01_block" t="0"><o r="1,0,0,0,0,1,0,-1,0" bc="6E6E6EFF" ac="6E6E6EFF" sc="6"><vp x="-2" y="3" z="24"/></o></c><c d="01_block" t="0"><o r="1,0,0,0,0,1,0,-1,0" bc="6E6E6EFF" ac="6E6E6EFF" sc="6"><vp x="-1" y="1" z="24"/></o></c><c d="01_block" t="0"><o r="1,0,0,0,0,1,0,-1,0" bc="6E6E6EFF" ac="6E6E6EFF" sc="6"><vp x="-1" y="2" z="24"/></o></c><c d="01_block" t="0"><o r="1,0,0,0,0,1,0,-1,0" bc="6E6E6EFF" ac="6E6E6EFF" sc="6"><vp x="-1" y="3" z="24"/></o></c><c d="01_block" t="0"><o r="1,0,0,0,0,1,0,-1,0" bc="6E6E6EFF" ac="6E6E6EFF" sc="6"><vp x="0" y="2" z="24"/></o></c><c d="01_block" t="0"><o r="1,0,0,0,0,1,0,-1,0" bc="6E6E6EFF" ac="6E6E6EFF" sc="6"><vp x="0" y="3" z="24"/></o></c><c d="01_block" t="0"><o r="1,0,0,0,0,1,0,-1,0" bc="6E6E6EFF" ac="6E6E6EFF" sc="6"><vp x="0" y="4" z="24"/></o></c><c d="01_block" t="0"><o r="1,0,0,0,0,1,0,-1,0" bc="6E6E6EFF" ac="6E6E6EFF" sc="6"><vp x="1" y="1" z="24"/></o></c><c d="01_block" t="0"><o r="1,0,0,0,0,1,0,-1,0" bc="6E6E6EFF" ac="6E6E6EFF" sc="6"><vp x="1" y="2" z="24"/></o></c><c d="01_block" t="0"><o r="1,0,0,0,0,1,0,-1,0" bc="6E6E6EFF" ac="6E6E6EFF" sc="6"><vp x="1" y="3" z="24"/></o></c><c d="01_block" t="0"><o r="1,0,0,0,0,1,0,-1,0" bc="6E6E6EFF" ac="6E6E6EFF" sc="6"><vp x="2" y="2" z="24"/></o></c><c d="01_block" t="0"><o r="1,0,0,0,0,1,0,-1,0" bc="6E6E6EFF" ac="6E6E6EFF" sc="6"><vp x="2" y="3" z="24"/></o></c><c d="camera_gimbal" t="0"><o r="-1,0,0,0,0,1,0,1,0" bc="6E6E6EFF" ac="6E6E6EFF" sc="1" custom_name=""><vp x="0" y="2" z="25"/><logic_slots><slot><value/></slot><slot value="false"/><slot value="0"/><slot value="0"/><slot value="0"/></logic_slots></o></c><c d="02_wedge" t="0"><o r="1,0,0,0,0,1,0,-1,0" bc="6E6E6EFF" ac="6E6E6EFF" sc="5"><vp x="0" y="4" z="25"/></o></c><c d="02_wedge" t="0"><o r="0,1,0,1,0,0,0,0,-1" bc="6E6E6EFF" ac="6E6E6EFF" sc="5"><vp x="2" y="3" z="25"/></o></c><c d="02_wedge" t="0"><o r="0,1,0,1,0,0,0,0,-1" bc="6E6E6EFF" ac="6E6E6EFF" sc="5"><vp x="2" y="2" z="25"/></o></c><c d="02_wedge" t="2"><o r="0,1,0,1,0,0,0,0,-1" bc="6E6E6EFF" ac="6E6E6EFF" sc="5"><vp x="-2" y="3" z="25"/></o></c><c d="02_wedge" t="2"><o r="0,1,0,1,0,0,0,0,-1" bc="6E6E6EFF" ac="6E6E6EFF" sc="5"><vp x="-2" y="2" z="25"/></o></c><c d="02_wedge" t="0"><o r="0,0,-1,1,0,0,0,-1,0" bc="6E6E6EFF" ac="6E6E6EFF" sc="5"><vp x="2" y="4" z="24"/></o></c><c d="02_wedge" t="2"><o r="0,0,-1,1,0,0,0,-1,0" bc="6E6E6EFF" ac="6E6E6EFF" sc="5"><vp x="-2" y="4" z="24"/></o></c><c d="03_pyramid" t="1"><o r="-1,0,0,0,1,0,0,0,-1" bc="6E6E6EFF" ac="6E6E6EFF" sc="4"><vp x="-2" y="4" z="25"/></o></c><c d="03_pyramid" t="0"><o r="0,1,0,1,0,0,0,0,-1" bc="6E6E6EFF" ac="6E6E6EFF" sc="4"><vp x="2" y="1" z="25"/></o></c><c d="03_pyramid" t="2"><o r="0,1,0,1,0,0,0,0,-1" bc="6E6E6EFF" ac="6E6E6EFF" sc="4"><vp x="-2" y="1" z="25"/></o></c><c d="02_wedge" t="0"><o r="0,0,-1,0,-1,0,-1,0,0" bc="6E6E6EFF" ac="6E6E6EFF" sc="5"><vp x="2" y="1" z="24"/></o></c><c d="02_wedge" t="4"><o r="0,0,-1,0,-1,0,-1,0,0" bc="6E6E6EFF" ac="6E6E6EFF" sc="5"><vp x="-2" y="1" z="24"/></o></c><c d="03_pyramid" t="0"><o r="0,0,-1,1,0,0,0,-1,0" bc="6E6E6EFF" ac="6E6E6EFF" sc="4"><vp x="2" y="4" z="25"/></o></c><c d="rx_huge_v2" t="0"><o r="1,0,0,0,0,1,0,-1,0" bc="6E6E6EFF" ac="6E6E6EFF" sc="5" custom_name=""><vp x="1" y="4" z="24"/><logic_slots><slot><value bools="0" 01="0" 02="0" 03="0" 04="0" 05="0" 06="0" 07="0" 08="0" 09="0" 10="0" 11="0" 12="0" 13="0" 14="0" 15="0" 16="0" 17="0" 18="0" 19="0" 20="0" 21="0" 22="0" 23="0" 24="0" 25="0" 26="0" 27="0" 28="0" 29="0" 30="0" 31="0" 32="0"/></slot><slot><value bools="0" 01="0" 02="0" 03="0" 04="0" 05="0" 06="0" 07="0" 08="0" 09="0" 10="0" 11="0" 12="0" 13="0" 14="0" 15="0" 16="0" 17="0" 18="0" 19="0" 20="0" 21="0" 22="0" 23="0" 24="0" 25="0" 26="0" 27="0" 28="0" 29="0" 30="0" 31="0" 32="0"/></slot><slot><value/></slot><slot><value/></slot><slot><value/></slot><slot><value/></slot><slot value="0"/><slot value="0"/><slot value="0"/><slot value="false"/></logic_slots></o></c><c d="rx_video_x" t="0"><o r="1,0,0,0,0,1,0,-1,0" bc="6E6E6EFF" ac="6E6E6EFF" sc="5" custom_name=""><vp x="-1" y="4" z="24"/><logic_slots><slot><value bools="0" 01="0" 02="0" 03="0" 04="0" 05="0" 06="0" 07="0" 08="0" 09="0" 10="0" 11="0" 12="0" 13="0" 14="0" 15="0" 16="0" 17="0" 18="0" 19="0" 20="0" 21="0" 22="0" 23="0" 24="0" 25="0" 26="0" 27="0" 28="0" 29="0" 30="0" 31="0" 32="0"/></slot><slot><value bools="0" 01="0" 02="0" 03="0" 04="0" 05="0" 06="0" 07="0" 08="0" 09="0" 10="0" 11="0" 12="0" 13="0" 14="0" 15="0" 16="0" 17="0" 18="0" 19="0" 20="0" 21="0" 22="0" 23="0" 24="0" 25="0" 26="0" 27="0" 28="0" 29="0" 30="0" 31="0" 32="0"/></slot><slot><value/></slot><slot><value/></slot><slot><value/></slot><slot><value/></slot><slot value="0"/><slot value="0"/><slot value="0"/><slot value="false"/></logic_slots></o></c><c d="multibody_compact_pivot_robotic_a" t="0"><o r="1,0,0,0,0,-1,0,1,0" bc="6E6E6EFF" ac="6E6E6EFF" sc="5" custom_name="" max_force_scalar="1" gear_ratio="0" input_velocity="1"><vp x="2" y="3" z="-5"/><logic_slots><slot value="0"/><slot value="false"/><slot value="false"/><slot value="0"/></logic_slots></o></c><c d="multibody_compact_pivot_robotic_a" t="1"><o r="1,0,0,0,0,-1,0,1,0" bc="6E6E6EFF" ac="6E6E6EFF" sc="5" custom_name="" max_force_scalar="1" gear_ratio="0" input_velocity="1"><vp x="-2" y="3" z="-5"/><logic_slots><slot value="0"/><slot value="false"/><slot value="false"/><slot value="0"/></logic_slots></o></c><c d="distance_sensor" t="0"><o r="-1,0,0,0,-1,0,0,0,1" bc="6E6E6EFF" ac="6E6E6EFF" sc="5" custom_name="" sensitivity="0.2" timer_scalar_1="0.183" timer_scalar_2="0.183" lss_mode="0" func_type="0" property_text="" is_infrared="false"><vp x="0" y="1" z="-3"/><logic_slots><slot value="false"/><slot value="false"/><slot value="0"/><slot value="0"/><slot value="0"/><slot value="false"/><slot value="false"/><slot value="0"/><slot value="0"/><slot value="0"/><slot value="0"/><slot><value bools="0" 01="0" 02="0" 03="0" 04="0" 05="0" 06="0" 07="0" 08="0" 09="0" 10="0" 11="0" 12="0" 13="0" 14="0" 15="0" 16="0" 17="0" 18="0" 19="0" 20="0" 21="0" 22="0" 23="0" 24="0" 25="0" 26="0" 27="0" 28="0" 29="0" 30="0" 31="0" 32="0"/></slot><slot><value/></slot><slot><value/></slot></logic_slots><property_output_float_val text="0" value="0"/><min_threshold text="0" value="0"/><max_threshold text="0" value="0"/><pid_controller_ki text="1" value="1"/><pid_controller_kp text="1" value="1"/><pid_controller_kd text="1" value="1"/><exp text="2" value="2"/><min_lever_value text="-1" value="-1"/><max_lever_value text="1" value="1"/><starting_lever_value text="0" value="0"/></o></c><c d="microprocessor" t="0"><o r="1,0,0,0,0,1,0,-1,0" bc="6E6E6EFF" ac="6E6E6EFF" sc="10" custom_name=""><microprocessor_definition name="Rear Rotation" description="No description set." hide_in_inventory="false" width="2" length="1" id_counter="10" id_counter_node="2" transform_index="0" sym0="0" sym1="0" sym2="0" sym3="0" sym4="0" sym5="0" sym6="0" sym7="0" sym8="0" sym9="0" sym10="0" sym11="0" sym12="0" sym13="0" sym14="0" sym15="0"><nodes><n id="1" component_id="3" built_slot_index="0"><node label="Input" mode="1" type="1" description="The input signal to be processed." flags="0"><position x="0" y="0" z="0"/></node></n><n id="2" component_id="5" built_slot_index="0"><node label="Output" mode="0" type="1" description="The input signal to be processed." flags="0"><position x="1" y="0" z="0"/></node></n></nodes><group id="0"><pos x="0" y="0"/><data type="0" name="" desc=""><inputs/><outputs/></data><components><c type="17"><object id="6"><pos x="-0.75" y="-0.25"/><in1 component_id="3" node_index="0"/><in2 component_id="7" node_index="0"/><out1/></object></c><c type="15"><object id="7"><pos x="-2.25" y="-0.5"/><out1/><n text="20" value="20"/></object></c><c type="15"><object id="8"><pos x="-0.75" y="1"/><out1/><n text="0" value="0"/></object></c><c type="15"><object id="9"><pos x="-0.75" y="0.5"/><out1/><n text="-0.5" value="-0.5"/></object></c><c type="22"><object id="10"><pos x="0.75" y="0.5"/><in1 component_id="8" node_index="0"/><in2 component_id="9" node_index="0"/><in3 component_id="6" node_index="0"/><out1/></object></c></components><components_bridge><c type="2"><object id="3"><pos x="-2.25" y="0"/><in1 component_id="0" node_index="0"/><out1/></object></c><c type="3"><object id="5"><pos x="2.25" y="1"/><in1 component_id="10" node_index="0"/><out1/></object></c></components_bridge><groups/></group></microprocessor_definition><vp x="0" y="3" z="-1"/><logic_slots><slot value="0"/><slot value="0"/></logic_slots></o></c><c d="microprocessor" t="0"><o r="0,0,1,0,-1,0,1,0,0" bc="6E6E6EFF" ac="6E6E6EFF" sc="10" custom_name=""><microprocessor_definition name="Engine Throttle" description="No description set." hide_in_inventory="false" width="2" length="1" id_counter="28" id_counter_node="4" transform_index="0" sym0="0" sym1="0" sym2="128" sym3="8513" sym4="16834" sym5="33220" sym6="16834" sym7="8321" sym8="16514" sym9="32900" sym10="128" sym11="2504" sym12="4088" sym13="4088" sym14="0" sym15="0"><nodes><n id="2" component_id="5" built_slot_index="0"><node label="Engine Throttle" mode="0" type="1" description="The input signal to be processed." flags="0"><position x="1" y="0" z="0"/></node></n><n id="3" component_id="7" built_slot_index="0"><node label="RPS" mode="1" type="1" description="The input signal to be processed." flags="0"><position x="0" y="0" z="0"/></node></n></nodes><group id="0"><pos x="0" y="0"/><data type="0" name="" desc=""><inputs/><outputs/></data><components><c type="17"><object id="14"><pos x="-4" y="-1.75"/><in1 component_id="7" node_index="0"/><in2 component_id="28" node_index="0"/><out1/></object></c><c type="22"><object id="15"><pos x="-2.75" y="-0.75"/><in1 component_id="16" node_index="0"/><in2 component_id="17" node_index="0"/><in3 component_id="14" node_index="0"/><out1/></object></c><c type="15"><object id="16"><pos x="-5.5" y="-0.25"/><out1/><n text="0" value="0"/></object></c><c type="15"><object id="17"><pos x="-5.5" y="-0.75"/><out1/><n text="1" value="1"/></object></c><c type="19"><object id="28" name="RPS"><pos x="-5.5" y="-1.75"/><out1/><min text="2" value="2"/><max text="30" value="30"/><int text="1" value="1"/><v text="15" value="15"/></object></c></components><components_bridge><c type="3"><object id="5"><pos x="-1.25" y="-0.25"/><in1 component_id="15" node_index="0"/><out1/></object></c><c type="2"><object id="7"><pos x="-5.5" y="-1.25"/><in1 component_id="0" node_index="0"/><out1/></object></c></components_bridge><groups/></group></microprocessor_definition><vp x="-1" y="3" z="-1"/><logic_slots><slot value="0"/><slot value="0"/></logic_slots></o></c><c d="01_block" t="0"><o r="1,0,0,0,0,-1,0,1,0" bc="6E6E6EFF" ac="6E6E6EFF" sc="6"><vp x="1" y="1" z="22"/></o></c><c d="01_block" t="1"><o r="1,0,0,0,0,-1,0,1,0" bc="6E6E6EFF" ac="6E6E6EFF" sc="6"><vp x="-1" y="1" z="22"/></o></c><c d="01_block" t="0"><o r="1,0,0,0,0,-1,0,1,0" bc="6E6E6EFF" ac="6E6E6EFF" sc="6"><vp x="-1" y="1" z="20"/></o></c><c d="01_block" t="0"><o r="0,0,-1,1,0,0,0,-1,0" bc="6E6E6EFF" ac="6E6E6EFF" sc="6"><vp x="-1" y="1" z="17"/></o></c><c d="multibody_compact_pivot_robotic_a" t="0"><o r="0,0,-1,1,0,0,0,-1,0" bc="6E6E6EFF" ac="6E6E6EFF" sc="5" custom_name="" max_force_scalar="1" gear_ratio="0" input_velocity="1"><vp x="0" y="1" z="20"/><logic_slots><slot value="0"/><slot value="false"/><slot value="false"/><slot value="0"/></logic_slots></o></c><c d="01_block" t="0"><o r="1,0,0,0,0,-1,0,1,0" bc="6E6E6EFF" ac="6E6E6EFF" sc="6"><vp x="0" y="1" z="21"/></o></c><c d="01_block" t="0"><o r="1,0,0,0,0,-1,0,1,0" bc="6E6E6EFF" ac="6E6E6EFF" sc="6"><vp x="1" y="1" z="21"/></o></c><c d="01_block" t="0"><o r="0,0,-1,1,0,0,0,-1,0" bc="6E6E6EFF" ac="6E6E6EFF" sc="6"><vp x="0" y="1" z="19"/></o></c><c d="01_block" t="0"><o r="1,0,0,0,0,-1,0,1,0" bc="6E6E6EFF" ac="6E6E6EFF" sc="6"><vp x="0" y="1" z="18"/></o></c><c d="01_block" t="0"><o r="0,0,1,-1,0,0,0,-1,0" bc="6E6E6EFF" ac="6E6E6EFF" sc="6"><vp x="1" y="2" z="16"/></o></c><c d="01_block" t="0"><o r="0,0,1,-1,0,0,0,-1,0" bc="6E6E6EFF" ac="6E6E6EFF" sc="6"><vp x="1" y="2" z="17"/></o></c><c d="01_block" t="0"><o r="0,0,1,-1,0,0,0,-1,0" bc="6E6E6EFF" ac="6E6E6EFF" sc="6"><vp x="1" y="2" z="18"/></o></c><c d="01_block" t="0"><o r="0,0,1,-1,0,0,0,-1,0" bc="6E6E6EFF" ac="6E6E6EFF" sc="6"><vp x="1" y="2" z="19"/></o></c><c d="01_block" t="0"><o r="0,0,1,-1,0,0,0,-1,0" bc="6E6E6EFF" ac="6E6E6EFF" sc="6"><vp x="1" y="2" z="20"/></o></c><c d="01_block" t="0"><o r="0,0,1,-1,0,0,0,-1,0" bc="6E6E6EFF" ac="6E6E6EFF" sc="6"><vp x="0" y="2" z="16"/></o></c><c d="01_block" t="0"><o r="0,0,1,-1,0,0,0,-1,0" bc="6E6E6EFF" ac="6E6E6EFF" sc="6"><vp x="0" y="2" z="17"/></o></c><c d="01_block" t="0"><o r="0,0,1,-1,0,0,0,-1,0" bc="6E6E6EFF" ac="6E6E6EFF" sc="6"><vp x="0" y="2" z="18"/></o></c><c d="01_block" t="0"><o r="0,0,1,-1,0,0,0,-1,0" bc="6E6E6EFF" ac="6E6E6EFF" sc="6"><vp x="0" y="2" z="19"/></o></c><c d="01_block" t="0"><o r="0,0,1,-1,0,0,0,-1,0" bc="6E6E6EFF" ac="6E6E6EFF" sc="6"><vp x="0" y="2" z="20"/></o></c><c d="microprocessor" t="0"><o r="1,0,0,0,0,1,0,-1,0" bc="6E6E6EFF" ac="6E6E6EFF" sc="10" custom_name=""><microprocessor_definition name="Front Rotation" description="No description set." hide_in_inventory="false" width="2" length="1" id_counter="10" id_counter_node="2" transform_index="0" sym0="0" sym1="0" sym2="0" sym3="0" sym4="0" sym5="0" sym6="0" sym7="0" sym8="0" sym9="0" sym10="0" sym11="0" sym12="0" sym13="0" sym14="0" sym15="0"><nodes><n id="1" component_id="3" built_slot_index="0"><node label="Input" mode="1" type="1" description="The input signal to be processed." flags="0"><position x="0" y="0" z="0"/></node></n><n id="2" component_id="5" built_slot_index="0"><node label="Output" mode="0" type="1" description="The input signal to be processed." flags="0"><position x="1" y="0" z="0"/></node></n></nodes><group id="0"><pos x="0" y="0"/><data type="0" name="" desc=""><inputs/><outputs/></data><components><c type="17"><object id="6"><pos x="-0.75" y="-0.25"/><in1 component_id="3" node_index="0"/><in2 component_id="7" node_index="0"/><out1/></object></c><c type="15"><object id="7"><pos x="-2.25" y="-0.5"/><out1/><n text="20" value="20"/></object></c><c type="15"><object id="8"><pos x="-0.75" y="1"/><out1/><n text="-1" value="-1"/></object></c><c type="15"><object id="9"><pos x="-0.75" y="0.5"/><out1/><n text="0" value="0"/></object></c><c type="22"><object id="10"><pos x="0.75" y="0.5"/><in1 component_id="8" node_index="0"/><in2 component_id="9" node_index="0"/><in3 component_id="6" node_index="0"/><out1/></object></c></components><components_bridge><c type="2"><object id="3"><pos x="-2.25" y="0"/><in1 component_id="0" node_index="0"/><out1/></object></c><c type="3"><object id="5"><pos x="2.25" y="1"/><in1 component_id="10" node_index="0"/><out1/></object></c></components_bridge><groups/></group></microprocessor_definition><vp x="0" y="3" z="0"/><logic_slots><slot value="0"/><slot value="0"/></logic_slots></o></c><c d="01_block" t="0"><o r="0,0,1,-1,0,0,0,-1,0" bc="6E6E6EFF" ac="6E6E6EFF" sc="6"><vp x="0" y="1" z="24"/></o></c><c d="gyro" t="0"><o r="0,0,1,0,1,0,-1,0,0" bc="6E6E6EFF" ac="6E6E6EFF" sc="15" custom_name="" throttle_min="0.01" throttle_max="1"><vp x="0" y="5" z="6"/><logic_slots><slot value="0"/><slot value="0"/><slot value="0"/><slot value="0"/><slot value="false"/><slot value="0"/><slot value="0"/><slot value="0"/><slot value="0"/></logic_slots><delta_damping x="1" y="1" z="1"/></o></c><c d="gate_float_constant" t="0"><o r="1,0,0,0,1,0,0,0,1" bc="6E6E6EFF" ac="6E6E6EFF" sc="1" custom_name="" sensitivity="0.2" timer_scalar_1="0.183" timer_scalar_2="0.183" lss_mode="0" func_type="0" property_text=""><vp x="0" y="5" z="3"/><logic_slots><slot value="false"/><slot value="false"/><slot value="0"/><slot value="0"/><slot value="0"/><slot value="false"/><slot value="false"/><slot value="0"/><slot value="0"/><slot value="0"/><slot value="0"/><slot><value bools="0" 01="0" 02="0" 03="0" 04="0" 05="0" 06="0" 07="0" 08="0" 09="0" 10="0" 11="0" 12="0" 13="0" 14="0" 15="0" 16="0" 17="0" 18="0" 19="0" 20="0" 21="0" 22="0" 23="0" 24="0" 25="0" 26="0" 27="0" 28="0" 29="0" 30="0" 31="0" 32="0"/></slot><slot><value/></slot><slot><value/></slot></logic_slots><property_output_float_val text="-1" value="-1"/><min_threshold text="0" value="0"/><max_threshold text="0" value="0"/><pid_controller_ki text="1" value="1"/><pid_controller_kp text="1" value="1"/><pid_controller_kd text="1" value="1"/><exp text="2" value="2"/><min_lever_value text="-1" value="-1"/><max_lever_value text="1" value="1"/><starting_lever_value text="0" value="0"/></o></c><c d="water_inlet" t="0"><o r="1,0,0,0,1,0,0,0,1" bc="6E6E6EFF" ac="6E6E6EFF" sc="5" custom_name="" fluid_type="1" fluid_filter="4294967295"><vp x="1" y="4" z="-3"/><logic_slots><slot value="0"/><slot value="0"/><slot value="false"/><slot value="0"/><slot value="0"/><slot value="0"/></logic_slots></o></c><c d="water_inlet" t="1"><o r="1,0,0,0,1,0,0,0,1" bc="6E6E6EFF" ac="6E6E6EFF" sc="5" custom_name="" fluid_type="1" fluid_filter="4294967295"><vp x="-1" y="4" z="-3"/><logic_slots><slot value="0"/><slot value="0"/><slot value="false"/><slot value="0"/><slot value="0"/><slot value="0"/></logic_slots></o></c><c d="01_block" t="0"><o r="1,0,0,0,0,1,0,-1,0" bc="6E6E6EFF" ac="6E6E6EFF" sc="6"><vp x="1" y="4" z="-2"/></o></c><c d="01_block" t="1"><o r="1,0,0,0,0,1,0,-1,0" bc="6E6E6EFF" ac="6E6E6EFF" sc="6"><vp x="-1" y="4" z="-2"/></o></c><c d="01_block" t="1"><o r="1,0,0,0,0,1,0,-1,0" bc="6E6E6EFF" ac="6E6E6EFF" sc="6"><vp x="1" y="4" z="-1"/></o></c><c d="01_block" t="0"><o r="1,0,0,0,0,1,0,-1,0" bc="6E6E6EFF" ac="6E6E6EFF" sc="6"><vp x="-1" y="4" z="-1"/></o></c><c d="01_block" t="0"><o r="1,0,0,0,0,1,0,-1,0" bc="6E6E6EFF" ac="6E6E6EFF" sc="6"><vp x="1" y="4" z="0"/></o></c><c d="01_block" t="0"><o r="1,0,0,0,0,1,0,-1,0" bc="6E6E6EFF" ac="6E6E6EFF" sc="6"><vp x="-1" y="4" z="0"/></o></c><c d="01_block" t="0"><o r="1,0,0,0,0,1,0,-1,0" bc="6E6E6EFF" ac="6E6E6EFF" sc="6"><vp x="1" y="4" z="1"/></o></c><c d="01_block" t="0"><o r="1,0,0,0,0,1,0,-1,0" bc="6E6E6EFF" ac="6E6E6EFF" sc="6"><vp x="-1" y="4" z="1"/></o></c><c d="01_block" t="0"><o r="1,0,0,0,0,1,0,-1,0" bc="6E6E6EFF" ac="6E6E6EFF" sc="6"><vp x="1" y="4" z="2"/></o></c><c d="01_block" t="0"><o r="1,0,0,0,0,1,0,-1,0" bc="6E6E6EFF" ac="6E6E6EFF" sc="6"><vp x="-1" y="4" z="2"/></o></c><c d="02_wedge" t="0"><o r="0,0,1,0,1,0,-1,0,0" bc="6E6E6EFF" ac="6E6E6EFF" sc="5"><vp x="2" y="4" z="-3"/></o></c><c d="02_wedge" t="4"><o r="0,0,1,0,1,0,-1,0,0" bc="6E6E6EFF" ac="6E6E6EFF" sc="5"><vp x="-2" y="4" z="-3"/></o></c><c d="02_wedge" t="0"><o r="0,0,1,0,1,0,-1,0,0" bc="6E6E6EFF" ac="6E6E6EFF" sc="5"><vp x="2" y="4" z="-2"/></o></c><c d="02_wedge" t="4"><o r="0,0,1,0,1,0,-1,0,0" bc="6E6E6EFF" ac="6E6E6EFF" sc="5"><vp x="-2" y="4" z="-2"/></o></c><c d="02_wedge" t="0"><o r="0,0,1,0,1,0,-1,0,0" bc="6E6E6EFF" ac="6E6E6EFF" sc="5"><vp x="2" y="4" z="-1"/></o></c><c d="02_wedge" t="4"><o r="0,0,1,0,1,0,-1,0,0" bc="6E6E6EFF" ac="6E6E6EFF" sc="5"><vp x="-2" y="4" z="-1"/></o></c><c d="02_wedge" t="0"><o r="0,0,1,0,1,0,-1,0,0" bc="6E6E6EFF" ac="6E6E6EFF" sc="5"><vp x="2" y="4" z="0"/></o></c><c d="02_wedge" t="4"><o r="0,0,1,0,1,0,-1,0,0" bc="6E6E6EFF" ac="6E6E6EFF" sc="5"><vp x="-2" y="4" z="0"/></o></c><c d="02_wedge" t="0"><o r="0,0,1,0,1,0,-1,0,0" bc="6E6E6EFF" ac="6E6E6EFF" sc="5"><vp x="2" y="4" z="1"/></o></c><c d="02_wedge" t="4"><o r="0,0,1,0,1,0,-1,0,0" bc="6E6E6EFF" ac="6E6E6EFF" sc="5"><vp x="-2" y="4" z="1"/></o></c><c d="02_wedge" t="0"><o r="0,0,1,0,1,0,-1,0,0" bc="6E6E6EFF" ac="6E6E6EFF" sc="5"><vp x="2" y="4" z="2"/></o></c><c d="02_wedge" t="4"><o r="0,0,1,0,1,0,-1,0,0" bc="6E6E6EFF" ac="6E6E6EFF" sc="5"><vp x="-2" y="4" z="2"/></o></c><c d="button_push" t="0"><o r="0,0,-1,-1,0,0,0,1,0" bc="6E6E6EFF" ac="6E6E6EFF" sc="5" custom_name="" hold_duration="1" default_state="false" sensitivity="1" val_1_name="" val_2_name=""><vp x="-1" y="5" z="3"/><logic_slots><slot value="false"/><slot value="false"/><slot value="false"/><slot value="0"/><slot value="0"/></logic_slots><min_lever_value text="0" value="0"/><max_lever_value text="1" value="1"/><starting_lever_value text="0" value="0"/></o></c><c d="wing_medium" t="2"><o r="0,1,0,-1,0,0,0,0,1" bc="6E6E6EFF" ac="6E6E6EFF" sc="68" custom_name=""><vp x="-4" y="2" z="16"/><logic_slots><slot value="0"/></logic_slots></o></c><c d="wing_medium" t="2"><o r="0,1,0,-1,0,0,0,0,1" bc="6E6E6EFF" ac="6E6E6EFF" sc="68" custom_name=""><vp x="-7" y="2" z="16"/><logic_slots><slot value="0"/></logic_slots></o></c><c d="wing_medium" t="2"><o r="0,1,0,-1,0,0,0,0,1" bc="6E6E6EFF" ac="6E6E6EFF" sc="68" custom_name=""><vp x="-10" y="2" z="16"/><logic_slots><slot value="0"/></logic_slots></o></c><c d="wing_medium" t="2"><o r="0,1,0,-1,0,0,0,0,1" bc="6E6E6EFF" ac="6E6E6EFF" sc="68" custom_name=""><vp x="-13" y="2" z="16"/><logic_slots><slot value="0"/></logic_slots></o></c><c d="wing_medium" t="2"><o r="0,1,0,-1,0,0,0,0,1" bc="6E6E6EFF" ac="6E6E6EFF" sc="68" custom_name=""><vp x="-16" y="2" z="16"/><logic_slots><slot value="0"/></logic_slots></o></c><c d="wing_medium" t="2"><o r="0,1,0,-1,0,0,0,0,1" bc="6E6E6EFF" ac="6E6E6EFF" sc="68" custom_name=""><vp x="-19" y="2" z="16"/><logic_slots><slot value="0"/></logic_slots></o></c><c d="control_surface_small" t="4"><o r="0,1,0,0,0,-1,-1,0,0" bc="6E6E6EFF" ac="6E6E6EFF" sc="7" custom_name=""><vp x="-6" y="2" z="7"/><logic_slots><slot value="0"/></logic_slots></o></c><c d="control_surface_medium" t="0"><o r="0,-1,0,0,0,-1,1,0,0" bc="6E6E6EFF" ac="6E6E6EFF" sc="11" custom_name=""><vp x="-15" y="2" z="7"/><logic_slots><slot value="0"/></logic_slots></o></c><c d="wing_medium" t="0"><o r="0,1,0,-1,0,0,0,0,1" bc="6E6E6EFF" ac="6E6E6EFF" sc="68" custom_name=""><vp x="4" y="2" z="16"/><logic_slots><slot value="0"/></logic_slots></o></c><c d="wing_medium" t="0"><o r="0,1,0,-1,0,0,0,0,1" bc="6E6E6EFF" ac="6E6E6EFF" sc="68" custom_name=""><vp x="7" y="2" z="16"/><logic_slots><slot value="0"/></logic_slots></o></c><c d="wing_medium" t="0"><o r="0,1,0,-1,0,0,0,0,1" bc="6E6E6EFF" ac="6E6E6EFF" sc="68" custom_name=""><vp x="10" y="2" z="16"/><logic_slots><slot value="0"/></logic_slots></o></c><c d="wing_medium" t="0"><o r="0,1,0,-1,0,0,0,0,1" bc="6E6E6EFF" ac="6E6E6EFF" sc="68" custom_name=""><vp x="13" y="2" z="16"/><logic_slots><slot value="0"/></logic_slots></o></c><c d="wing_medium" t="0"><o r="0,1,0,-1,0,0,0,0,1" bc="6E6E6EFF" ac="6E6E6EFF" sc="68" custom_name=""><vp x="16" y="2" z="16"/><logic_slots><slot value="0"/></logic_slots></o></c><c d="wing_medium" t="0"><o r="0,1,0,-1,0,0,0,0,1" bc="6E6E6EFF" ac="6E6E6EFF" sc="68" custom_name=""><vp x="19" y="2" z="16"/><logic_slots><slot value="0"/></logic_slots></o></c><c d="control_surface_medium" t="0"><o r="0,1,0,0,0,-1,-1,0,0" bc="6E6E6EFF" ac="6E6E6EFF" sc="11" custom_name=""><vp x="15" y="2" z="7"/><logic_slots><slot value="0"/></logic_slots></o></c><c d="control_surface_small" t="0"><o r="0,1,0,0,0,-1,-1,0,0" bc="6E6E6EFF" ac="6E6E6EFF" sc="7" custom_name=""><vp x="6" y="2" z="7"/><logic_slots><slot value="0"/></logic_slots></o></c></components></body><body unique_id="9"><initial_local_transform 00="1" 01="0" 02="0" 03="0" 10="0" 11="1" 12="0" 13="0" 20="0" 21="0" 22="1" 23="0" 30="0" 31="0" 32="0" 33="1"/><local_transform 00="1" 01="0" 02="0" 03="0" 10="0" 11="1" 12="0" 13="0" 20="0" 21="0" 22="1" 23="0" 30="0" 31="0" 32="0" 33="1"/><components><c d="wing_small_front" t="0"><o r="0,-1,0,1,0,0,0,0,1" bc="6E6E6EFF" ac="6E6E6EFF" sc="55" custom_name=""><vp x="5" y="3" z="-7"/><logic_slots><slot value="0"/></logic_slots></o></c><c d="small_light" t="0"><o r="0,0,1,0,1,0,-1,0,0" bc="6E6E6EFF" ac="6E6E6EFF" sc="5" custom_name="" ir="false"><vp x="8" y="3" z="-10"/><logic_slots><slot value="false"/></logic_slots></o></c><c d="02_wedge" t="4"><o r="0,1,0,0,0,1,1,0,0" bc="6E6E6EFF" ac="6E6E6EFF" sc="5"><vp x="9" y="3" z="-7"/></o></c><c d="02_wedge" t="2"><o r="0,1,0,-1,0,0,0,0,1" bc="6E6E6EFF" ac="6E6E6EFF" sc="5"><vp x="8" y="3" z="-11"/></o></c><c d="02_wedge" t="0"><o r="0,-1,0,1,0,0,0,0,1" bc="6E6E6EFF" ac="6E6E6EFF" sc="5"><vp x="9" y="3" z="-10"/></o></c><c d="multibody_compact_pivot_b" t="0"><o r="1,0,0,0,0,-1,0,1,0" bc="6E6E6EFF" ac="6E6E6EFF" sc="6" custom_name="" max_force_scalar="1" gear_ratio="2" input_velocity="1"><vp x="2" y="3" z="-6"/><logic_slots><slot value="0"/><slot value="false"/><slot value="false"/><slot value="0"/></logic_slots></o></c><c d="multibody_compact_pivot_robotic_a" t="0"><o r="1,0,0,0,0,-1,0,1,0" bc="6E6E6EFF" ac="6E6E6EFF" sc="5" custom_name="" max_force_scalar="1" gear_ratio="0" input_velocity="1"><vp x="9" y="3" z="-8"/><logic_slots><slot value="0"/><slot value="false"/><slot value="false"/><slot value="0"/></logic_slots></o></c><c d="rudder_surface" t="4"><o r="0,-1,0,0,0,-1,1,0,0" bc="6E6E6EFF" ac="6E6E6EFF" sc="11" custom_name=""><vp x="3" y="3" z="-10"/><logic_slots><slot value="0"/></logic_slots></o></c><c d="rudder_surface" t="4"><o r="0,-1,0,0,0,-1,1,0,0" bc="6E6E6EFF" ac="6E6E6EFF" sc="11" custom_name=""><vp x="6" y="3" z="-10"/><logic_slots><slot value="0"/></logic_slots></o></c></components></body><body unique_id="10"><initial_local_transform 00="1" 01="0" 02="0" 03="0" 10="0" 11="1" 12="0" 13="0" 20="0" 21="0" 22="1" 23="0" 30="0" 31="0" 32="0" 33="1"/><local_transform 00="1" 01="0" 02="0" 03="0" 10="0" 11="1" 12="0" 13="0" 20="0" 21="0" 22="1" 23="0" 30="0" 31="0" 32="0" 33="1"/><components><c d="wing_small_front" t="2"><o r="0,-1,0,1,0,0,0,0,1" bc="6E6E6EFF" ac="6E6E6EFF" sc="55" custom_name=""><vp x="-5" y="3" z="-7"/><logic_slots><slot value="0"/></logic_slots></o></c><c d="small_light" t="4"><o r="0,0,1,0,1,0,-1,0,0" bc="6E6E6EFF" ac="6E6E6EFF" sc="5" custom_name="" ir="false"><vp x="-8" y="3" z="-10"/><logic_slots><slot value="false"/></logic_slots></o></c><c d="02_wedge" t="0"><o r="0,1,0,0,0,1,1,0,0" bc="6E6E6EFF" ac="6E6E6EFF" sc="5"><vp x="-9" y="3" z="-7"/></o></c><c d="02_wedge" t="0"><o r="0,1,0,-1,0,0,0,0,1" bc="6E6E6EFF" ac="6E6E6EFF" sc="5"><vp x="-8" y="3" z="-11"/></o></c><c d="02_wedge" t="0"><o r="0,1,0,-1,0,0,0,0,1" bc="6E6E6EFF" ac="6E6E6EFF" sc="5"><vp x="-9" y="3" z="-10"/></o></c><c d="multibody_compact_pivot_b" t="1"><o r="1,0,0,0,0,-1,0,1,0" bc="6E6E6EFF" ac="6E6E6EFF" sc="6" custom_name="" max_force_scalar="1" gear_ratio="2" input_velocity="1"><vp x="-2" y="3" z="-6"/><logic_slots><slot value="0"/><slot value="false"/><slot value="false"/><slot value="0"/></logic_slots></o></c><c d="multibody_compact_pivot_robotic_a" t="1"><o r="1,0,0,0,0,-1,0,1,0" bc="6E6E6EFF" ac="6E6E6EFF" sc="5" custom_name="" max_force_scalar="1" gear_ratio="0" input_velocity="1"><vp x="-9" y="3" z="-8"/><logic_slots><slot value="0"/><slot value="false"/><slot value="false"/><slot value="0"/></logic_slots></o></c><c d="rudder_surface" t="0"><o r="0,-1,0,0,0,-1,1,0,0" bc="6E6E6EFF" ac="6E6E6EFF" sc="11" custom_name=""><vp x="-3" y="3" z="-10"/><logic_slots><slot value="0"/></logic_slots></o></c><c d="rudder_surface" t="0"><o r="0,-1,0,0,0,-1,1,0,0" bc="6E6E6EFF" ac="6E6E6EFF" sc="11" custom_name=""><vp x="-6" y="3" z="-10"/><logic_slots><slot value="0"/></logic_slots></o></c></components></body><body unique_id="12"><initial_local_transform 00="1" 01="0" 02="0" 03="0" 10="0" 11="1" 12="0" 13="0" 20="0" 21="0" 22="1" 23="0" 30="0" 31="0" 32="0" 33="1"/><local_transform 00="1" 01="0" 02="0" 03="0" 10="0" 11="1" 12="0" 13="0" 20="0" 21="0" 22="1" 23="0" 30="0" 31="0" 32="0" 33="1"/><components><c d="ski_small" t="0"><o r="0,1,0,-1,0,0,0,0,1" bc="6E6E6EFF" ac="6E6E6EFF" sc="6" custom_name="" spring_factor="0.25"><vp x="-10" y="3" z="-9"/><logic_slots><slot value="0"/></logic_slots></o></c><c d="multibody_compact_pivot_b" t="1"><o r="1,0,0,0,0,-1,0,1,0" bc="6E6E6EFF" ac="6E6E6EFF" sc="6" custom_name="" max_force_scalar="1" gear_ratio="2" input_velocity="1"><vp x="-9" y="3" z="-9"/><logic_slots><slot value="0"/><slot value="false"/><slot value="false"/><slot value="0"/></logic_slots></o></c></components></body><body unique_id="13"><initial_local_transform 00="1" 01="0" 02="0" 03="0" 10="0" 11="1" 12="0" 13="0" 20="0" 21="0" 22="1" 23="0" 30="0" 31="0" 32="0" 33="1"/><local_transform 00="1" 01="0" 02="0" 03="0" 10="0" 11="1" 12="0" 13="0" 20="0" 21="0" 22="1" 23="0" 30="0" 31="0" 32="0" 33="1"/><components><c d="ski_small" t="0"><o r="0,-1,0,1,0,0,0,0,1" bc="6E6E6EFF" ac="6E6E6EFF" sc="6" custom_name="" spring_factor="0.25"><vp x="10" y="3" z="-9"/><logic_slots><slot value="0"/></logic_slots></o></c><c d="multibody_compact_pivot_b" t="0"><o r="1,0,0,0,0,-1,0,1,0" bc="6E6E6EFF" ac="6E6E6EFF" sc="6" custom_name="" max_force_scalar="1" gear_ratio="2" input_velocity="1"><vp x="9" y="3" z="-9"/><logic_slots><slot value="0"/><slot value="false"/><slot value="false"/><slot value="0"/></logic_slots></o></c></components></body><body unique_id="23"><initial_local_transform 00="1" 01="0" 02="0" 03="0" 10="0" 11="1" 12="0" 13="0" 20="0" 21="0" 22="1" 23="0" 30="0" 31="0" 32="0" 33="1"/><local_transform 00="1" 01="0" 02="0" 03="0" 10="0" 11="1" 12="0" 13="0" 20="0" 21="0" 22="1" 23="0" 30="0" 31="0" 32="0" 33="1"/><components><c d="multibody_compact_pivot_b" t="0"><o r="0,0,-1,1,0,0,0,-1,0" bc="6E6E6EFF" ac="6E6E6EFF" sc="6" custom_name="" max_force_scalar="1" gear_ratio="2" input_velocity="1"><vp x="1" y="1" z="20"/><logic_slots><slot value="0"/><slot value="false"/><slot value="false"/><slot value="0"/></logic_slots></o></c><c d="01_block" t="0"><o r="-1,0,0,0,-1,0,0,0,1" bc="6E6E6EFF" ac="6E6E6EFF" sc="6"><vp x="1" y="0" z="20"/></o></c><c d="01_block" t="0"><o r="-1,0,0,0,-1,0,0,0,1" bc="6E6E6EFF" ac="6E6E6EFF" sc="6"><vp x="1" y="-1" z="20"/></o></c><c d="01_block" t="0"><o r="-1,0,0,0,-1,0,0,0,1" bc="6E6E6EFF" ac="6E6E6EFF" sc="6"><vp x="1" y="-2" z="20"/></o></c><c d="multibody_compact_pivot_robotic_a" t="0"><o r="0,0,-1,-1,0,0,0,1,0" bc="6E6E6EFF" ac="6E6E6EFF" sc="5" custom_name="" max_force_scalar="1" gear_ratio="0" input_velocity="1"><vp x="1" y="-3" z="20"/><logic_slots><slot value="0"/><slot value="false"/><slot value="false"/><slot value="0"/></logic_slots></o></c></components></body><body unique_id="25"><initial_local_transform 00="1" 01="0" 02="0" 03="0" 10="0" 11="1" 12="0" 13="0" 20="0" 21="0" 22="1" 23="0" 30="0" 31="0" 32="0" 33="1"/><local_transform 00="1" 01="0" 02="0" 03="0" 10="0" 11="1" 12="0" 13="0" 20="0" 21="0" 22="1" 23="0" 30="0" 31="0" 32="0" 33="1"/><components><c d="multibody_compact_pivot_b" t="0"><o r="0,0,-1,-1,0,0,0,1,0" bc="6E6E6EFF" ac="6E6E6EFF" sc="6" custom_name="" max_force_scalar="1" gear_ratio="2" input_velocity="1"><vp x="0" y="-3" z="20"/><logic_slots><slot value="0"/><slot value="false"/><slot value="false"/><slot value="0"/></logic_slots></o></c><c d="ski" t="0"><o r="-1,0,0,0,-1,0,0,0,1" bc="6E6E6EFF" ac="6E6E6EFF" sc="6" custom_name="" spring_factor="0.25"><vp x="0" y="-3" z="21"/><logic_slots><slot value="0"/></logic_slots></o></c></components></body></bodies><logic_node_links><logic_node_link type="4"><voxel_pos_0 x="0" y="2" z="-7"/><voxel_pos_1 x="0" y="2" z="-11"/></logic_node_link><logic_node_link type="4"><voxel_pos_0 x="-8" y="3" z="-10"/><voxel_pos_1 x="-11" y="3" z="-9"/></logic_node_link><logic_node_link type="4"><voxel_pos_0 x="0" y="3" z="23"/><voxel_pos_1 x="0" y="2" z="-7"/></logic_node_link><logic_node_link type="4"><voxel_pos_0 x="0" y="3" z="23"/><voxel_pos_1 x="0" y="2" z="25"/></logic_node_link><logic_node_link type="4"><voxel_pos_0 x="0" y="2" z="25"/><voxel_pos_1 x="1" y="4" z="24"/></logic_node_link><logic_node_link type="4"><voxel_pos_0 x="0" y="2" z="25"/><voxel_pos_1 x="-1" y="4" z="24"/></logic_node_link><logic_node_link type="4"><voxel_pos_0 x="0" y="2" z="-7"/><voxel_pos_1 x="2" y="3" z="-5"/></logic_node_link><logic_node_link type="4"><voxel_pos_0 x="0" y="2" z="-7"/><voxel_pos_1 x="-2" y="3" z="-5"/></logic_node_link><logic_node_link type="4"><voxel_pos_0 x="-11" y="3" z="-9"/><voxel_pos_1 x="-9" y="3" z="-8"/></logic_node_link><logic_node_link type="4"><voxel_pos_0 x="11" y="3" z="-9"/><voxel_pos_1 x="8" y="3" z="-10"/></logic_node_link><logic_node_link type="4"><voxel_pos_0 x="9" y="3" z="-8"/><voxel_pos_1 x="11" y="3" z="-9"/></logic_node_link><logic_node_link type="4"><voxel_pos_0 x="0" y="1" z="-3"/><voxel_pos_1 x="0" y="2" z="-7"/></logic_node_link><logic_node_link type="1"><voxel_pos_0 x="0" y="1" z="-3"/><voxel_pos_1 x="0" y="3" z="-1"/></logic_node_link><logic_node_link type="1"><voxel_pos_0 x="1" y="3" z="-1"/><voxel_pos_1 x="9" y="3" z="-8"/></logic_node_link><logic_node_link type="1"><voxel_pos_0 x="1" y="3" z="-1"/><voxel_pos_1 x="2" y="3" z="-5"/></logic_node_link><logic_node_link type="1"><voxel_pos_0 x="1" y="3" z="-1"/><voxel_pos_1 x="-2" y="3" z="-5"/></logic_node_link><logic_node_link type="1"><voxel_pos_0 x="1" y="3" z="-1"/><voxel_pos_1 x="-9" y="3" z="-8"/></logic_node_link><logic_node_link type="4"><voxel_pos_0 x="0" y="1" z="20"/><voxel_pos_1 x="0" y="3" z="23"/></logic_node_link><logic_node_link type="4"><voxel_pos_0 x="0" y="1" z="20"/><voxel_pos_1 x="1" y="-3" z="20"/></logic_node_link><logic_node_link type="1"><voxel_pos_0 x="1" y="3" z="0"/><voxel_pos_1 x="1" y="-3" z="20"/></logic_node_link><logic_node_link type="1"><voxel_pos_0 x="1" y="3" z="0"/><voxel_pos_1 x="0" y="1" z="20"/></logic_node_link><logic_node_link type="4"><voxel_pos_0 x="1" y="-3" z="20"/><voxel_pos_1 x="0" y="-4" z="21"/></logic_node_link><logic_node_link type="4"><voxel_pos_0 x="0" y="5" z="6"/><voxel_pos_1 x="-1" y="5" z="3"/></logic_node_link><logic_node_link type="1"><voxel_pos_0 x="-1" y="3" z="0"/><voxel_pos_1 x="0" y="3" z="-7"/></logic_node_link><logic_node_link type="1"><voxel_pos_0 x="0" y="1" z="-5"/><voxel_pos_1 x="-1" y="3" z="-1"/></logic_node_link><logic_node_link type="1"><voxel_pos_0 x="0" y="1" z="-3"/><voxel_pos_1 x="0" y="3" z="0"/></logic_node_link><logic_node_link type="1"><voxel_pos_0 x="1" y="5" z="8"/><voxel_pos_1 x="5" y="3" z="-10"/></logic_node_link><logic_node_link type="1"><voxel_pos_0 x="1" y="5" z="8"/><voxel_pos_1 x="2" y="3" z="-10"/></logic_node_link><logic_node_link type="1"><voxel_pos_0 x="1" y="5" z="8"/><voxel_pos_1 x="-2" y="3" z="-10"/></logic_node_link><logic_node_link type="4"><voxel_pos_0 x="-8" y="3" z="-10"/><voxel_pos_1 x="-6" y="3" z="-10"/></logic_node_link><logic_node_link type="4"><voxel_pos_0 x="-6" y="3" z="-10"/><voxel_pos_1 x="-3" y="3" z="-10"/></logic_node_link><logic_node_link type="4"><voxel_pos_0 x="-3" y="3" z="-10"/><voxel_pos_1 x="0" y="2" z="-11"/></logic_node_link><logic_node_link type="4"><voxel_pos_0 x="0" y="2" z="-11"/><voxel_pos_1 x="3" y="3" z="-10"/></logic_node_link><logic_node_link type="4"><voxel_pos_0 x="3" y="3" z="-10"/><voxel_pos_1 x="6" y="3" z="-10"/></logic_node_link><logic_node_link type="4"><voxel_pos_0 x="6" y="3" z="-10"/><voxel_pos_1 x="8" y="3" z="-10"/></logic_node_link><logic_node_link type="1"><voxel_pos_0 x="1" y="5" z="8"/><voxel_pos_1 x="-5" y="3" z="-10"/></logic_node_link><logic_node_link type="4"><voxel_pos_0 x="0" y="5" z="6"/><voxel_pos_1 x="0" y="3" z="23"/></logic_node_link><logic_node_link type="1"><voxel_pos_0 x="0" y="5" z="3"/><voxel_pos_1 x="0" y="3" z="-12"/></logic_node_link><logic_node_link type="0"><voxel_pos_0 x="-1" y="5" z="3"/><voxel_pos_1 x="0" y="2" z="-7"/></logic_node_link><logic_node_link type="4"><voxel_pos_0 x="-6" y="2" z="7"/><voxel_pos_1 x="-15" y="2" z="7"/></logic_node_link><logic_node_link type="4"><voxel_pos_0 x="-2" y="3" z="-5"/><voxel_pos_1 x="-6" y="2" z="7"/></logic_node_link><logic_node_link type="1"><voxel_pos_0 x="1" y="5" z="5"/><voxel_pos_1 x="-14" y="2" z="7"/></logic_node_link><logic_node_link type="1"><voxel_pos_0 x="-1" y="5" z="8"/><voxel_pos_1 x="-5" y="2" z="7"/></logic_node_link><logic_node_link type="4"><voxel_pos_0 x="6" y="2" z="7"/><voxel_pos_1 x="15" y="2" z="7"/></logic_node_link><logic_node_link type="4"><voxel_pos_0 x="6" y="2" z="7"/><voxel_pos_1 x="2" y="3" z="-5"/></logic_node_link><logic_node_link type="1"><voxel_pos_0 x="1" y="5" z="5"/><voxel_pos_1 x="14" y="2" z="7"/></logic_node_link><logic_node_link type="1"><voxel_pos_0 x="-1" y="5" z="8"/><voxel_pos_1 x="5" y="2" z="7"/></logic_node_link></logic_node_links></vehicle>