<?xml version="1.0" encoding="UTF-8"?><vehicle data_version="2" is_advanced="true" is_static="false" bodies_id="22"><editor_placement_offset x="0" y="0" z="0"/><authors/><bodies><body unique_id="3"><initial_local_transform 00="1" 01="0" 02="0" 03="0" 10="0" 11="1" 12="0" 13="0" 20="0" 21="0" 22="1" 23="0" 30="0" 31="0" 32="0" 33="1"/><local_transform 00="1" 01="0" 02="0" 03="0" 10="0" 11="1" 12="0" 13="0" 20="0" 21="0" 22="1" 23="0" 30="0" 31="0" 32="0" 33="1"/><components><c d="01_block" t="0"><o r="1,0,0,0,1,0,0,0,1" bc="FFD727FF" ac="FFD727FF" sc="6"><vp x="0" y="3" z="0"/></o></c><c d="01_block" t="0"><o r="1,0,0,0,1,0,0,0,1" bc="FFD727FF" ac="FFD727FF" sc="6"><vp x="0" y="4" z="0"/></o></c><c d="01_block" t="0"><o r="1,0,0,0,1,0,0,0,1" bc="FFD727FF" ac="FFD727FF" sc="6"><vp x="0" y="8" z="0"/></o></c><c d="01_block" t="0"><o r="1,0,0,0,1,0,0,0,1" bc="FFD727FF" ac="FFD727FF" sc="6"><vp x="0" y="9" z="0"/></o></c><c d="gps_sensor" t="0"><o r="1,0,0,0,0,-1,0,1,0" bc="FFD727FF" ac="FFD727FF" sc="2" custom_name="" sensitivity="0.2" timer_scalar_1="0.183" timer_scalar_2="0.183" lss_mode="0" func_type="0" property_text=""><vp x="0" y="3" z="-1"/><logic_slots><slot value="false"/><slot value="false"/><slot value="0"/><slot value="0"/><slot value="0"/><slot value="false"/><slot value="false"/><slot value="0"/><slot value="0"/><slot value="0"/><slot value="0"/><slot><value bools="0" 01="0" 02="0" 03="0" 04="0" 05="0" 06="0" 07="0" 08="0" 09="0" 10="0" 11="0" 12="0" 13="0" 14="0" 15="0" 16="0" 17="0" 18="0" 19="0" 20="0" 21="0" 22="0" 23="0" 24="0" 25="0" 26="0" 27="0" 28="0" 29="0" 30="0" 31="0" 32="0"/></slot><slot><value/></slot><slot><value/></slot></logic_slots><property_output_float_val text="0" value="0"/><min_threshold text="0" value="0"/><max_threshold text="0" value="0"/><pid_controller_ki text="1" value="1"/><pid_controller_kp text="1" value="1"/><pid_controller_kd text="1" value="1"/><exp text="2" value="2"/><min_lever_value text="-1" value="-1"/><max_lever_value text="1" value="1"/><starting_lever_value text="0" value="0"/></o></c><c d="transponder_locator" t="0"><o r="1,0,0,0,1,0,0,0,1" bc="FFD727FF" ac="FFD727FF" sc="5" custom_name="" sensitivity="0.2" timer_scalar_1="0.183" timer_scalar_2="0.183" lss_mode="0" func_type="0" property_text=""><vp x="0" y="3" z="1"/><logic_slots><slot value="false"/><slot value="false"/><slot value="0"/><slot value="0"/><slot value="0"/><slot value="false"/><slot value="false"/><slot value="0"/><slot value="0"/><slot value="0"/><slot value="0"/><slot><value bools="0" 01="0" 02="0" 03="0" 04="0" 05="0" 06="0" 07="0" 08="0" 09="0" 10="0" 11="0" 12="0" 13="0" 14="0" 15="0" 16="0" 17="0" 18="0" 19="0" 20="0" 21="0" 22="0" 23="0" 24="0" 25="0" 26="0" 27="0" 28="0" 29="0" 30="0" 31="0" 32="0"/></slot><slot><value/></slot><slot><value/></slot></logic_slots><property_output_float_val text="0" value="0"/><min_threshold text="0" value="0"/><max_threshold text="0" value="0"/><pid_controller_ki text="1" value="1"/><pid_controller_kp text="1" value="1"/><pid_controller_kd text="1" value="1"/><exp text="2" value="2"/><min_lever_value text="-1" value="-1"/><max_lever_value text="1" value="1"/><starting_lever_value text="0" value="0"/></o></c><c d="no_sleep" t="0"><o r="1,0,0,0,1,0,0,0,1" bc="FFD727FF" ac="FFD727FF" sc="6" custom_name=""><vp x="0" y="1" z="0"/><logic_slots/></o></c><c d="battery_medium" t="0"><o r="-1,0,0,0,-1,0,0,0,1" bc="FFD727FF" ac="FFD727FF" sc="6" custom_name="" default_state="false"><vp x="0" y="1" z="-2"/><logic_slots><slot value="0"/><slot value="false"/><slot value="0"/></logic_slots></o></c><c d="battery_medium" t="0"><o r="-1,0,0,0,-1,0,0,0,1" bc="FFD727FF" ac="FFD727FF" sc="6" custom_name="" default_state="false"><vp x="0" y="1" z="1"/><logic_slots><slot value="0"/><slot value="false"/><slot value="0"/></logic_slots></o></c><c d="01_block" t="0"><o r="-1,0,0,0,-1,0,0,0,1" bc="FFD727FF" ac="FFD727FF" sc="6"><vp x="-1" y="0" z="0"/></o></c><c d="01_block" t="0"><o r="-1,0,0,0,-1,0,0,0,1" bc="FFD727FF" ac="FFD727FF" sc="6"><vp x="0" y="0" z="0"/></o></c><c d="01_block" t="0"><o r="-1,0,0,0,-1,0,0,0,1" bc="FFD727FF" ac="FFD727FF" sc="6"><vp x="1" y="0" z="0"/></o></c><c d="rope_hook_winch_large" t="0"><o r="-1,0,0,0,-1,0,0,0,1" bc="FFD727FF" ac="FFD727FF" sc="21" custom_name="" input_velocity="1" cable_pos="0"><vp x="0" y="-1" z="0"/><logic_slots><slot><value bools="0" 01="0" 02="0" 03="0" 04="0" 05="0" 06="0" 07="0" 08="0" 09="0" 10="0" 11="0" 12="0" 13="0" 14="0" 15="0" 16="0" 17="0" 18="0" 19="0" 20="0" 21="0" 22="0" 23="0" 24="0" 25="0" 26="0" 27="0" 28="0" 29="0" 30="0" 31="0" 32="0"/></slot><slot><value bools="0" 01="0" 02="0" 03="0" 04="0" 05="0" 06="0" 07="0" 08="0" 09="0" 10="0" 11="0" 12="0" 13="0" 14="0" 15="0" 16="0" 17="0" 18="0" 19="0" 20="0" 21="0" 22="0" 23="0" 24="0" 25="0" 26="0" 27="0" 28="0" 29="0" 30="0" 31="0" 32="0"/></slot><slot value="false"/><slot value="false"/><slot><value/></slot><slot><value/></slot><slot><value/></slot><slot><value/></slot><slot value="false"/><slot value="false"/><slot value="0"/></logic_slots></o></c><c d="01_block" t="0"><o r="0,0,1,-1,0,0,0,-1,0" bc="FFD727FF" ac="FFD727FF" sc="6"><vp x="-3" y="0" z="0"/></o></c><c d="01_block" t="0"><o r="0,0,1,-1,0,0,0,-1,0" bc="FFD727FF" ac="FFD727FF" sc="6"><vp x="-3" y="1" z="0"/></o></c><c d="01_block" t="0"><o r="0,0,1,-1,0,0,0,-1,0" bc="FFD727FF" ac="FFD727FF" sc="6"><vp x="-3" y="2" z="0"/></o></c><c d="01_block" t="2"><o r="0,0,1,-1,0,0,0,-1,0" bc="FFD727FF" ac="FFD727FF" sc="6"><vp x="3" y="0" z="0"/></o></c><c d="01_block" t="2"><o r="0,0,1,-1,0,0,0,-1,0" bc="FFD727FF" ac="FFD727FF" sc="6"><vp x="3" y="1" z="0"/></o></c><c d="01_block" t="2"><o r="0,0,1,-1,0,0,0,-1,0" bc="FFD727FF" ac="FFD727FF" sc="6"><vp x="3" y="2" z="0"/></o></c><c d="01_block" t="0"><o r="1,0,0,0,0,1,0,-1,0" bc="FFD727FF" ac="FFD727FF" sc="6"><vp x="0" y="2" z="3"/></o></c><c d="01_block" t="0"><o r="1,0,0,0,0,1,0,-1,0" bc="FFD727FF" ac="FFD727FF" sc="6"><vp x="0" y="1" z="3"/></o></c><c d="01_block" t="0"><o r="1,0,0,0,0,1,0,-1,0" bc="FFD727FF" ac="FFD727FF" sc="6"><vp x="0" y="0" z="3"/></o></c><c d="05_wedge_2" t="0"><o r="0,-1,0,-1,0,0,0,0,-1" bc="FFD727FF" ac="FFD727FF" sc="9"><vp x="-3" y="2" z="1"/></o></c><c d="05_wedge_2" t="0"><o r="0,-1,0,-1,0,0,0,0,-1" bc="FFD727FF" ac="FFD727FF" sc="9"><vp x="-3" y="1" z="1"/></o></c><c d="05_wedge_2" t="0"><o r="0,-1,0,-1,0,0,0,0,-1" bc="FFD727FF" ac="FFD727FF" sc="9"><vp x="-3" y="0" z="1"/></o></c><c d="05_wedge_2" t="2"><o r="0,-1,0,-1,0,0,0,0,-1" bc="FFD727FF" ac="FFD727FF" sc="9"><vp x="3" y="2" z="1"/></o></c><c d="05_wedge_2" t="2"><o r="0,-1,0,-1,0,0,0,0,-1" bc="FFD727FF" ac="FFD727FF" sc="9"><vp x="3" y="1" z="1"/></o></c><c d="05_wedge_2" t="2"><o r="0,-1,0,-1,0,0,0,0,-1" bc="FFD727FF" ac="FFD727FF" sc="9"><vp x="3" y="0" z="1"/></o></c><c d="05_wedge_2" t="0"><o r="0,1,0,0,0,1,1,0,0" bc="FFD727FF" ac="FFD727FF" sc="9"><vp x="-1" y="2" z="3"/></o></c><c d="05_wedge_2" t="0"><o r="0,1,0,0,0,1,1,0,0" bc="FFD727FF" ac="FFD727FF" sc="9"><vp x="-1" y="1" z="3"/></o></c><c d="05_wedge_2" t="0"><o r="0,1,0,0,0,1,1,0,0" bc="FFD727FF" ac="FFD727FF" sc="9"><vp x="-1" y="0" z="3"/></o></c><c d="05_wedge_2" t="4"><o r="0,1,0,0,0,1,1,0,0" bc="FFD727FF" ac="FFD727FF" sc="9"><vp x="1" y="2" z="3"/></o></c><c d="05_wedge_2" t="4"><o r="0,1,0,0,0,1,1,0,0" bc="FFD727FF" ac="FFD727FF" sc="9"><vp x="1" y="1" z="3"/></o></c><c d="05_wedge_2" t="4"><o r="0,1,0,0,0,1,1,0,0" bc="FFD727FF" ac="FFD727FF" sc="9"><vp x="1" y="0" z="3"/></o></c><c d="05_wedge_2" t="0"><o r="0,1,0,-1,0,0,0,0,1" bc="FFD727FF" ac="FFD727FF" sc="9"><vp x="-3" y="0" z="-1"/></o></c><c d="05_wedge_2" t="0"><o r="0,1,0,-1,0,0,0,0,1" bc="FFD727FF" ac="FFD727FF" sc="9"><vp x="-3" y="1" z="-1"/></o></c><c d="05_wedge_2" t="0"><o r="0,1,0,-1,0,0,0,0,1" bc="FFD727FF" ac="FFD727FF" sc="9"><vp x="-3" y="2" z="-1"/></o></c><c d="05_wedge_2" t="2"><o r="0,1,0,-1,0,0,0,0,1" bc="FFD727FF" ac="FFD727FF" sc="9"><vp x="3" y="0" z="-1"/></o></c><c d="05_wedge_2" t="2"><o r="0,1,0,-1,0,0,0,0,1" bc="FFD727FF" ac="FFD727FF" sc="9"><vp x="3" y="1" z="-1"/></o></c><c d="05_wedge_2" t="2"><o r="0,1,0,-1,0,0,0,0,1" bc="FFD727FF" ac="FFD727FF" sc="9"><vp x="3" y="2" z="-1"/></o></c><c d="01_block" t="0"><o r="1,0,0,0,0,-1,0,1,0" bc="FFD727FF" ac="FFD727FF" sc="6"><vp x="0" y="2" z="-3"/></o></c><c d="01_block" t="0"><o r="1,0,0,0,0,-1,0,1,0" bc="FFD727FF" ac="FFD727FF" sc="6"><vp x="0" y="1" z="-3"/></o></c><c d="01_block" t="0"><o r="1,0,0,0,0,-1,0,1,0" bc="FFD727FF" ac="FFD727FF" sc="6"><vp x="0" y="0" z="-3"/></o></c><c d="05_wedge_2" t="0"><o r="0,-1,0,0,0,-1,1,0,0" bc="FFD727FF" ac="FFD727FF" sc="9"><vp x="-1" y="2" z="-3"/></o></c><c d="05_wedge_2" t="0"><o r="0,-1,0,0,0,-1,1,0,0" bc="FFD727FF" ac="FFD727FF" sc="9"><vp x="-1" y="1" z="-3"/></o></c><c d="05_wedge_2" t="0"><o r="0,-1,0,0,0,-1,1,0,0" bc="FFD727FF" ac="FFD727FF" sc="9"><vp x="-1" y="0" z="-3"/></o></c><c d="05_wedge_2" t="4"><o r="0,-1,0,0,0,-1,1,0,0" bc="FFD727FF" ac="FFD727FF" sc="9"><vp x="1" y="2" z="-3"/></o></c><c d="05_wedge_2" t="4"><o r="0,-1,0,0,0,-1,1,0,0" bc="FFD727FF" ac="FFD727FF" sc="9"><vp x="1" y="1" z="-3"/></o></c><c d="05_wedge_2" t="4"><o r="0,-1,0,0,0,-1,1,0,0" bc="FFD727FF" ac="FFD727FF" sc="9"><vp x="1" y="0" z="-3"/></o></c><c d="11_pyramid_2x2" t="2"><o r="0,1,0,0,0,1,1,0,0" bc="FFD727FF" ac="FFD727FF" sc="10"><vp x="-1" y="-1" z="-3"/></o></c><c d="11_pyramid_2x2" t="6"><o r="0,1,0,0,0,1,1,0,0" bc="FFD727FF" ac="FFD727FF" sc="10"><vp x="1" y="-1" z="-3"/></o></c><c d="11_pyramid_2x2" t="0"><o r="0,1,0,-1,0,0,0,0,1" bc="FFD727FF" ac="FFD727FF" sc="10"><vp x="-3" y="-1" z="-1"/></o></c><c d="11_pyramid_2x2" t="2"><o r="0,1,0,-1,0,0,0,0,1" bc="FFD727FF" ac="FFD727FF" sc="10"><vp x="3" y="-1" z="-1"/></o></c><c d="11_pyramid_2x2" t="4"><o r="0,1,0,-1,0,0,0,0,1" bc="FFD727FF" ac="FFD727FF" sc="10"><vp x="-3" y="-1" z="1"/></o></c><c d="11_pyramid_2x2" t="6"><o r="0,1,0,-1,0,0,0,0,1" bc="FFD727FF" ac="FFD727FF" sc="10"><vp x="3" y="-1" z="1"/></o></c><c d="11_pyramid_2x2" t="6"><o r="0,1,0,0,0,-1,-1,0,0" bc="FFD727FF" ac="FFD727FF" sc="10"><vp x="-1" y="-1" z="3"/></o></c><c d="11_pyramid_2x2" t="2"><o r="0,1,0,0,0,-1,-1,0,0" bc="FFD727FF" ac="FFD727FF" sc="10"><vp x="1" y="-1" z="3"/></o></c><c d="04_invpyramid" t="0"><o r="1,0,0,0,-1,0,0,0,-1" bc="FFD727FF" ac="FFD727FF" sc="7"><vp x="-2" y="-1" z="2"/></o></c><c d="04_invpyramid" t="0"><o r="1,0,0,0,-1,0,0,0,-1" bc="FFD727FF" ac="FFD727FF" sc="7"><vp x="-2" y="-2" z="1"/></o></c><c d="03_pyramid" t="0"><o r="1,0,0,0,-1,0,0,0,-1" bc="FFD727FF" ac="FFD727FF" sc="4"><vp x="-2" y="-2" z="2"/></o></c><c d="04_invpyramid" t="1"><o r="1,0,0,0,-1,0,0,0,-1" bc="FFD727FF" ac="FFD727FF" sc="7"><vp x="2" y="-1" z="2"/></o></c><c d="04_invpyramid" t="1"><o r="1,0,0,0,-1,0,0,0,-1" bc="FFD727FF" ac="FFD727FF" sc="7"><vp x="2" y="-2" z="1"/></o></c><c d="03_pyramid" t="1"><o r="1,0,0,0,-1,0,0,0,-1" bc="FFD727FF" ac="FFD727FF" sc="4"><vp x="2" y="-2" z="2"/></o></c><c d="04_invpyramid" t="0"><o r="0,1,0,0,0,1,1,0,0" bc="FFD727FF" ac="FFD727FF" sc="7"><vp x="-1" y="-2" z="2"/></o></c><c d="04_invpyramid" t="4"><o r="0,1,0,0,0,1,1,0,0" bc="FFD727FF" ac="FFD727FF" sc="7"><vp x="1" y="-2" z="2"/></o></c><c d="05_wedge_2" t="0"><o r="0,0,-1,-1,0,0,0,1,0" bc="FFD727FF" ac="FFD727FF" sc="9"><vp x="-3" y="-1" z="0"/></o></c><c d="05_wedge_2" t="2"><o r="0,0,-1,-1,0,0,0,1,0" bc="FFD727FF" ac="FFD727FF" sc="9"><vp x="3" y="-1" z="0"/></o></c><c d="05_wedge_2" t="0"><o r="1,0,0,0,0,-1,0,1,0" bc="FFD727FF" ac="FFD727FF" sc="9"><vp x="0" y="-1" z="-3"/></o></c><c d="04_invpyramid" t="0"><o r="-1,0,0,0,-1,0,0,0,1" bc="FFD727FF" ac="FFD727FF" sc="7"><vp x="2" y="-1" z="-2"/></o></c><c d="04_invpyramid" t="0"><o r="-1,0,0,0,-1,0,0,0,1" bc="FFD727FF" ac="FFD727FF" sc="7"><vp x="2" y="-2" z="-1"/></o></c><c d="03_pyramid" t="0"><o r="-1,0,0,0,-1,0,0,0,1" bc="FFD727FF" ac="FFD727FF" sc="4"><vp x="2" y="-2" z="-2"/></o></c><c d="04_invpyramid" t="1"><o r="-1,0,0,0,-1,0,0,0,1" bc="FFD727FF" ac="FFD727FF" sc="7"><vp x="-2" y="-1" z="-2"/></o></c><c d="04_invpyramid" t="1"><o r="-1,0,0,0,-1,0,0,0,1" bc="FFD727FF" ac="FFD727FF" sc="7"><vp x="-2" y="-2" z="-1"/></o></c><c d="03_pyramid" t="1"><o r="-1,0,0,0,-1,0,0,0,1" bc="FFD727FF" ac="FFD727FF" sc="4"><vp x="-2" y="-2" z="-2"/></o></c><c d="04_invpyramid" t="0"><o r="0,0,1,1,0,0,0,1,0" bc="FFD727FF" ac="FFD727FF" sc="7"><vp x="1" y="-2" z="-2"/></o></c><c d="04_invpyramid" t="2"><o r="0,0,1,1,0,0,0,1,0" bc="FFD727FF" ac="FFD727FF" sc="7"><vp x="-1" y="-2" z="-2"/></o></c><c d="03_pyramid" t="0"><o r="-1,0,0,0,-1,0,0,0,1" bc="FFD727FF" ac="FFD727FF" sc="4"><vp x="1" y="-3" z="-2"/></o></c><c d="03_pyramid" t="1"><o r="-1,0,0,0,-1,0,0,0,1" bc="FFD727FF" ac="FFD727FF" sc="4"><vp x="-1" y="-3" z="-2"/></o></c><c d="03_pyramid" t="0"><o r="-1,0,0,0,-1,0,0,0,1" bc="FFD727FF" ac="FFD727FF" sc="4"><vp x="2" y="-3" z="-1"/></o></c><c d="03_pyramid" t="1"><o r="-1,0,0,0,-1,0,0,0,1" bc="FFD727FF" ac="FFD727FF" sc="4"><vp x="-2" y="-3" z="-1"/></o></c><c d="03_pyramid" t="0"><o r="0,0,-1,0,-1,0,-1,0,0" bc="FFD727FF" ac="FFD727FF" sc="4"><vp x="2" y="-3" z="1"/></o></c><c d="03_pyramid" t="4"><o r="0,0,-1,0,-1,0,-1,0,0" bc="FFD727FF" ac="FFD727FF" sc="4"><vp x="-2" y="-3" z="1"/></o></c><c d="03_pyramid" t="0"><o r="0,0,-1,0,-1,0,-1,0,0" bc="FFD727FF" ac="FFD727FF" sc="4"><vp x="1" y="-3" z="2"/></o></c><c d="03_pyramid" t="4"><o r="0,0,-1,0,-1,0,-1,0,0" bc="FFD727FF" ac="FFD727FF" sc="4"><vp x="-1" y="-3" z="2"/></o></c><c d="05_wedge_2" t="0"><o r="-1,0,0,0,0,1,0,1,0" bc="FFD727FF" ac="FFD727FF" sc="9"><vp x="0" y="-1" z="3"/></o></c><c d="01_block" t="0"><o r="1,0,0,0,1,0,0,0,1" bc="FFD727FF" ac="FFD727FF" sc="6"><vp x="-1" y="3" z="1"/></o></c><c d="01_block" t="0"><o r="1,0,0,0,1,0,0,0,1" bc="FFD727FF" ac="FFD727FF" sc="6"><vp x="-1" y="4" z="1"/></o></c><c d="01_block" t="0"><o r="1,0,0,0,1,0,0,0,1" bc="FFD727FF" ac="FFD727FF" sc="6"><vp x="-1" y="5" z="1"/></o></c><c d="01_block" t="0"><o r="1,0,0,0,1,0,0,0,1" bc="FFD727FF" ac="FFD727FF" sc="6"><vp x="0" y="5" z="1"/></o></c><c d="01_block" t="0"><o r="1,0,0,0,1,0,0,0,1" bc="FFD727FF" ac="FFD727FF" sc="6"><vp x="1" y="3" z="1"/></o></c><c d="01_block" t="0"><o r="1,0,0,0,1,0,0,0,1" bc="FFD727FF" ac="FFD727FF" sc="6"><vp x="1" y="4" z="1"/></o></c><c d="01_block" t="0"><o r="1,0,0,0,1,0,0,0,1" bc="FFD727FF" ac="FFD727FF" sc="6"><vp x="1" y="5" z="1"/></o></c><c d="01_block" t="0"><o r="1,0,0,0,1,0,0,0,1" bc="FFD727FF" ac="FFD727FF" sc="6"><vp x="-1" y="6" z="1"/></o></c><c d="01_block" t="1"><o r="1,0,0,0,1,0,0,0,1" bc="FFD727FF" ac="FFD727FF" sc="6"><vp x="1" y="6" z="1"/></o></c><c d="01_block" t="0"><o r="0,0,-1,1,0,0,0,-1,0" bc="FFD727FF" ac="FFD727FF" sc="6"><vp x="0" y="6" z="1"/></o></c><c d="01_block" t="0"><o r="0,0,-1,1,0,0,0,-1,0" bc="FFD727FF" ac="FFD727FF" sc="6"><vp x="0" y="7" z="1"/></o></c><c d="01_block_weight" t="0"><o r="1,0,0,0,0,-1,0,1,0" bc="FFD727FF" ac="FFD727FF" sc="6"><vp x="2" y="-3" z="0"/></o></c><c d="01_block_weight" t="1"><o r="1,0,0,0,0,-1,0,1,0" bc="FFD727FF" ac="FFD727FF" sc="6"><vp x="-2" y="-3" z="0"/></o></c><c d="01_block_weight" t="0"><o r="0,0,1,-1,0,0,0,-1,0" bc="FFD727FF" ac="FFD727FF" sc="6"><vp x="0" y="-3" z="2"/></o></c><c d="01_block_weight" t="0"><o r="0,0,1,-1,0,0,0,-1,0" bc="FFD727FF" ac="FFD727FF" sc="6"><vp x="0" y="-3" z="-2"/></o></c><c d="gauge_display" t="0"><o r="0,0,-1,-1,0,0,0,1,0" bc="FFD727FF" ac="FFD727FF" sc="8" custom_name="Battery Level" decimal_point_pos="3" audio="audio/fx3/stormworks_warningalarm.ogg" volume="1" pitch="1" is_infrared="false"><vp x="-3" y="3" z="0"/><logic_slots><slot value="0"/><slot value="0"/><slot value="false"/></logic_slots><min_value text="-1.0" value="-1"/><max_value text="1.0" value="1"/></o></c><c d="button_keypad_small" t="0"><o r="0,0,1,1,0,0,0,1,0" bc="FFD727FF" ac="FFD727FF" sc="5" custom_name="Bouy ID" hold_duration="1" default_state="false" sensitivity="1" val_1_name="" val_2_name=""><vp x="3" y="3" z="0"/><logic_slots><slot value="false"/><slot value="false"/><slot value="false"/><slot value="0"/><slot value="0"/></logic_slots><min_lever_value text="0" value="0"/><max_lever_value text="1" value="1"/><starting_lever_value text="0" value="0"/></o></c><c d="button_key" t="0"><o r="0,-1,0,1,0,0,0,0,1" bc="FFD727FF" ac="FFD727FF" sc="5" custom_name="ACTIVATE" hold_duration="1" default_state="true" sensitivity="1" val_1_name="" val_2_name=""><vp x="3" y="4" z="0"/><logic_slots><slot value="false"/><slot value="false"/><slot value="false"/><slot value="0"/><slot value="0"/></logic_slots><min_lever_value text="0" value="0"/><max_lever_value text="1" value="1"/><starting_lever_value text="0" value="0"/></o></c><c d="12_pyramid_2x4" t="2"><o r="0,0,1,-1,0,0,0,-1,0" bc="FFD727FF" ac="FFD727FF" sc="18"><vp x="3" y="3" z="-1"/></o></c><c d="12_pyramid_2x4" t="0"><o r="0,0,1,-1,0,0,0,-1,0" bc="FFD727FF" ac="FFD727FF" sc="18"><vp x="-3" y="3" z="-1"/></o></c><c d="12_pyramid_2x4" t="0"><o r="-1,0,0,0,0,-1,0,-1,0" bc="FFD727FF" ac="FFD727FF" sc="18"><vp x="1" y="3" z="-3"/></o></c><c d="12_pyramid_2x4" t="1"><o r="-1,0,0,0,0,-1,0,-1,0" bc="FFD727FF" ac="FFD727FF" sc="18"><vp x="-1" y="3" z="-3"/></o></c><c d="12_pyramid_2x4" t="0"><o r="0,0,-1,1,0,0,0,-1,0" bc="FFD727FF" ac="FFD727FF" sc="18"><vp x="3" y="3" z="1"/></o></c><c d="12_pyramid_2x4" t="2"><o r="0,0,-1,1,0,0,0,-1,0" bc="FFD727FF" ac="FFD727FF" sc="18"><vp x="-3" y="3" z="1"/></o></c><c d="12_pyramid_2x4" t="1"><o r="1,0,0,0,0,1,0,-1,0" bc="FFD727FF" ac="FFD727FF" sc="18"><vp x="1" y="3" z="3"/></o></c><c d="12_pyramid_2x4" t="0"><o r="1,0,0,0,0,1,0,-1,0" bc="FFD727FF" ac="FFD727FF" sc="18"><vp x="-1" y="3" z="3"/></o></c><c d="08_wedge_4" t="0"><o r="1,0,0,0,0,1,0,-1,0" bc="FFD727FF" ac="FFD727FF" sc="17"><vp x="0" y="3" z="3"/></o></c><c d="08_wedge_4" t="0"><o r="-1,0,0,0,0,-1,0,-1,0" bc="FFD727FF" ac="FFD727FF" sc="17"><vp x="0" y="3" z="-3"/></o></c><c d="07_invpyramid_2" t="0"><o r="0,0,-1,1,0,0,0,-1,0" bc="FFD727FF" ac="FFD727FF" sc="12"><vp x="2" y="3" z="2"/></o></c><c d="07_invpyramid_2" t="2"><o r="0,0,-1,1,0,0,0,-1,0" bc="FFD727FF" ac="FFD727FF" sc="12"><vp x="-2" y="3" z="2"/></o></c><c d="07_invpyramid_2" t="0"><o r="-1,0,0,0,0,-1,0,-1,0" bc="FFD727FF" ac="FFD727FF" sc="12"><vp x="2" y="3" z="-2"/></o></c><c d="07_invpyramid_2" t="1"><o r="-1,0,0,0,0,-1,0,-1,0" bc="FFD727FF" ac="FFD727FF" sc="12"><vp x="-2" y="3" z="-2"/></o></c><c d="07_invpyramid_2" t="0"><o r="-1,0,0,0,0,-1,0,-1,0" bc="FFD727FF" ac="FFD727FF" sc="12"><vp x="2" y="5" z="-1"/></o></c><c d="07_invpyramid_2" t="0"><o r="-1,0,0,0,0,-1,0,-1,0" bc="FFD727FF" ac="FFD727FF" sc="12"><vp x="1" y="5" z="-2"/></o></c><c d="06_pyramid_2" t="0"><o r="-1,0,0,0,0,-1,0,-1,0" bc="FFD727FF" ac="FFD727FF" sc="7"><vp x="2" y="5" z="-2"/></o></c><c d="07_invpyramid_2" t="1"><o r="-1,0,0,0,0,-1,0,-1,0" bc="FFD727FF" ac="FFD727FF" sc="12"><vp x="-2" y="5" z="-1"/></o></c><c d="07_invpyramid_2" t="1"><o r="-1,0,0,0,0,-1,0,-1,0" bc="FFD727FF" ac="FFD727FF" sc="12"><vp x="-1" y="5" z="-2"/></o></c><c d="06_pyramid_2" t="1"><o r="-1,0,0,0,0,-1,0,-1,0" bc="FFD727FF" ac="FFD727FF" sc="7"><vp x="-2" y="5" z="-2"/></o></c><c d="07_invpyramid_2" t="0"><o r="0,0,-1,1,0,0,0,-1,0" bc="FFD727FF" ac="FFD727FF" sc="12"><vp x="2" y="5" z="1"/></o></c><c d="07_invpyramid_2" t="0"><o r="0,0,-1,1,0,0,0,-1,0" bc="FFD727FF" ac="FFD727FF" sc="12"><vp x="1" y="5" z="2"/></o></c><c d="06_pyramid_2" t="0"><o r="0,0,-1,1,0,0,0,-1,0" bc="FFD727FF" ac="FFD727FF" sc="7"><vp x="2" y="5" z="2"/></o></c><c d="07_invpyramid_2" t="2"><o r="0,0,-1,1,0,0,0,-1,0" bc="FFD727FF" ac="FFD727FF" sc="12"><vp x="-2" y="5" z="1"/></o></c><c d="07_invpyramid_2" t="2"><o r="0,0,-1,1,0,0,0,-1,0" bc="FFD727FF" ac="FFD727FF" sc="12"><vp x="-1" y="5" z="2"/></o></c><c d="06_pyramid_2" t="2"><o r="0,0,-1,1,0,0,0,-1,0" bc="FFD727FF" ac="FFD727FF" sc="7"><vp x="-2" y="5" z="2"/></o></c><c d="05_wedge_2" t="0"><o r="0,0,-1,1,0,0,0,-1,0" bc="FFD727FF" ac="FFD727FF" sc="9"><vp x="3" y="5" z="0"/></o></c><c d="05_wedge_2" t="2"><o r="0,0,-1,1,0,0,0,-1,0" bc="FFD727FF" ac="FFD727FF" sc="9"><vp x="-3" y="5" z="0"/></o></c><c d="06_pyramid_2" t="0"><o r="1,0,0,0,0,1,0,-1,0" bc="FFD727FF" ac="FFD727FF" sc="7"><vp x="-2" y="7" z="1"/></o></c><c d="06_pyramid_2" t="0"><o r="1,0,0,0,0,1,0,-1,0" bc="FFD727FF" ac="FFD727FF" sc="7"><vp x="-1" y="7" z="2"/></o></c><c d="07_invpyramid_2" t="0"><o r="1,0,0,0,0,1,0,-1,0" bc="FFD727FF" ac="FFD727FF" sc="12"><vp x="-1" y="7" z="1"/></o></c><c d="06_pyramid_2" t="1"><o r="1,0,0,0,0,1,0,-1,0" bc="FFD727FF" ac="FFD727FF" sc="7"><vp x="2" y="7" z="1"/></o></c><c d="06_pyramid_2" t="1"><o r="1,0,0,0,0,1,0,-1,0" bc="FFD727FF" ac="FFD727FF" sc="7"><vp x="1" y="7" z="2"/></o></c><c d="07_invpyramid_2" t="1"><o r="1,0,0,0,0,1,0,-1,0" bc="FFD727FF" ac="FFD727FF" sc="12"><vp x="1" y="7" z="1"/></o></c><c d="06_pyramid_2" t="0"><o r="0,0,1,-1,0,0,0,-1,0" bc="FFD727FF" ac="FFD727FF" sc="7"><vp x="-2" y="7" z="-1"/></o></c><c d="06_pyramid_2" t="0"><o r="0,0,1,-1,0,0,0,-1,0" bc="FFD727FF" ac="FFD727FF" sc="7"><vp x="-1" y="7" z="-2"/></o></c><c d="07_invpyramid_2" t="0"><o r="0,0,1,-1,0,0,0,-1,0" bc="FFD727FF" ac="FFD727FF" sc="12"><vp x="-1" y="7" z="-1"/></o></c><c d="06_pyramid_2" t="2"><o r="0,0,1,-1,0,0,0,-1,0" bc="FFD727FF" ac="FFD727FF" sc="7"><vp x="2" y="7" z="-1"/></o></c><c d="06_pyramid_2" t="2"><o r="0,0,1,-1,0,0,0,-1,0" bc="FFD727FF" ac="FFD727FF" sc="7"><vp x="1" y="7" z="-2"/></o></c><c d="07_invpyramid_2" t="2"><o r="0,0,1,-1,0,0,0,-1,0" bc="FFD727FF" ac="FFD727FF" sc="12"><vp x="1" y="7" z="-1"/></o></c><c d="05_wedge_2" t="0"><o r="-1,0,0,0,0,-1,0,-1,0" bc="FFD727FF" ac="FFD727FF" sc="9"><vp x="0" y="7" z="-2"/></o></c><c d="05_wedge_2" t="0"><o r="0,0,1,-1,0,0,0,-1,0" bc="FFD727FF" ac="FFD727FF" sc="9"><vp x="-2" y="7" z="0"/></o></c><c d="05_wedge_2" t="2"><o r="0,0,1,-1,0,0,0,-1,0" bc="FFD727FF" ac="FFD727FF" sc="9"><vp x="2" y="7" z="0"/></o></c><c d="05_wedge_2" t="0"><o r="1,0,0,0,0,1,0,-1,0" bc="FFD727FF" ac="FFD727FF" sc="9"><vp x="0" y="7" z="2"/></o></c><c d="landing_float" t="0"><o r="0,0,1,0,-1,0,1,0,0" bc="FFD727FF" ac="FFD727FF" sc="74" custom_name=""><vp x="-8" y="0" z="0"/></o></c><c d="landing_float" t="4"><o r="0,0,1,0,-1,0,1,0,0" bc="FFD727FF" ac="FFD727FF" sc="74" custom_name=""><vp x="8" y="0" z="0"/></o></c><c d="landing_float" t="0"><o r="1,0,0,0,1,0,0,0,1" bc="FFD727FF" ac="FFD727FF" sc="74" custom_name=""><vp x="0" y="2" z="-8"/></o></c><c d="landing_float" t="0"><o r="-1,0,0,0,-1,0,0,0,1" bc="FFD727FF" ac="FFD727FF" sc="74" custom_name=""><vp x="0" y="0" z="8"/></o></c><c d="01_block" t="0"><o r="0,0,1,-1,0,0,0,-1,0" bc="FFD727FF" ac="FFD727FF" sc="6"><vp x="-13" y="1" z="0"/></o></c><c d="01_block" t="2"><o r="0,0,1,-1,0,0,0,-1,0" bc="FFD727FF" ac="FFD727FF" sc="6"><vp x="13" y="1" z="0"/></o></c><c d="01_block" t="0"><o r="1,0,0,0,0,1,0,-1,0" bc="FFD727FF" ac="FFD727FF" sc="6"><vp x="-14" y="1" z="1"/></o></c><c d="01_block" t="1"><o r="1,0,0,0,0,1,0,-1,0" bc="FFD727FF" ac="FFD727FF" sc="6"><vp x="14" y="1" z="1"/></o></c><c d="landing_float" t="0"><o r="0,-1,0,1,0,0,0,0,1" bc="FFD727FF" ac="FFD727FF" sc="74" custom_name=""><vp x="-13" y="1" z="6"/></o></c><c d="landing_float" t="2"><o r="0,-1,0,1,0,0,0,0,1" bc="FFD727FF" ac="FFD727FF" sc="74" custom_name=""><vp x="13" y="1" z="6"/></o></c><c d="01_block" t="0"><o r="1,0,0,0,0,-1,0,1,0" bc="FFD727FF" ac="FFD727FF" sc="6"><vp x="-14" y="1" z="0"/></o></c><c d="01_block" t="0"><o r="1,0,0,0,0,-1,0,1,0" bc="FFD727FF" ac="FFD727FF" sc="6"><vp x="-14" y="1" z="-1"/></o></c><c d="01_block" t="1"><o r="1,0,0,0,0,-1,0,1,0" bc="FFD727FF" ac="FFD727FF" sc="6"><vp x="14" y="1" z="0"/></o></c><c d="01_block" t="1"><o r="1,0,0,0,0,-1,0,1,0" bc="FFD727FF" ac="FFD727FF" sc="6"><vp x="14" y="1" z="-1"/></o></c><c d="landing_float" t="0"><o r="0,1,0,1,0,0,0,0,-1" bc="FFD727FF" ac="FFD727FF" sc="74" custom_name=""><vp x="-13" y="1" z="-6"/></o></c><c d="landing_float" t="2"><o r="0,1,0,1,0,0,0,0,-1" bc="FFD727FF" ac="FFD727FF" sc="74" custom_name=""><vp x="13" y="1" z="-6"/></o></c><c d="01_block" t="0"><o r="1,0,0,0,0,-1,0,1,0" bc="FFD727FF" ac="FFD727FF" sc="6"><vp x="0" y="1" z="-13"/></o></c><c d="01_block" t="0"><o r="1,0,0,0,0,-1,0,1,0" bc="FFD727FF" ac="FFD727FF" sc="6"><vp x="0" y="1" z="-14"/></o></c><c d="01_block" t="0"><o r="1,0,0,0,0,-1,0,1,0" bc="FFD727FF" ac="FFD727FF" sc="6"><vp x="-1" y="1" z="-14"/></o></c><c d="01_block" t="1"><o r="1,0,0,0,0,-1,0,1,0" bc="FFD727FF" ac="FFD727FF" sc="6"><vp x="1" y="1" z="-14"/></o></c><c d="landing_float" t="0"><o r="0,-1,0,0,0,1,-1,0,0" bc="FFD727FF" ac="FFD727FF" sc="74" custom_name=""><vp x="-6" y="1" z="-13"/></o></c><c d="landing_float" t="4"><o r="0,-1,0,0,0,1,-1,0,0" bc="FFD727FF" ac="FFD727FF" sc="74" custom_name=""><vp x="6" y="1" z="-13"/></o></c><c d="02_wedge" t="0"><o r="0,-1,0,0,0,-1,1,0,0" bc="FFD727FF" ac="FFD727FF" sc="5"><vp x="-11" y="1" z="-14"/></o></c><c d="02_wedge" t="7"><o r="0,-1,0,0,0,-1,1,0,0" bc="FFD727FF" ac="FFD727FF" sc="5"><vp x="-11" y="1" z="-13"/></o></c><c d="02_wedge" t="0"><o r="0,-1,0,0,0,-1,1,0,0" bc="FFD727FF" ac="FFD727FF" sc="5"><vp x="-14" y="1" z="-11"/></o></c><c d="02_wedge" t="7"><o r="0,-1,0,0,0,-1,1,0,0" bc="FFD727FF" ac="FFD727FF" sc="5"><vp x="-13" y="1" z="-11"/></o></c><c d="02_wedge" t="0"><o r="0,-1,0,0,0,-1,1,0,0" bc="FFD727FF" ac="FFD727FF" sc="5"><vp x="-12" y="1" z="-13"/></o></c><c d="02_wedge" t="0"><o r="0,-1,0,0,0,-1,1,0,0" bc="FFD727FF" ac="FFD727FF" sc="5"><vp x="-13" y="1" z="-12"/></o></c><c d="02_wedge" t="7"><o r="0,-1,0,0,0,-1,1,0,0" bc="FFD727FF" ac="FFD727FF" sc="5"><vp x="-12" y="1" z="-12"/></o></c><c d="02_wedge" t="4"><o r="0,-1,0,0,0,-1,1,0,0" bc="FFD727FF" ac="FFD727FF" sc="5"><vp x="11" y="1" z="-14"/></o></c><c d="02_wedge" t="3"><o r="0,-1,0,0,0,-1,1,0,0" bc="FFD727FF" ac="FFD727FF" sc="5"><vp x="11" y="1" z="-13"/></o></c><c d="02_wedge" t="4"><o r="0,-1,0,0,0,-1,1,0,0" bc="FFD727FF" ac="FFD727FF" sc="5"><vp x="14" y="1" z="-11"/></o></c><c d="02_wedge" t="3"><o r="0,-1,0,0,0,-1,1,0,0" bc="FFD727FF" ac="FFD727FF" sc="5"><vp x="13" y="1" z="-11"/></o></c><c d="02_wedge" t="4"><o r="0,-1,0,0,0,-1,1,0,0" bc="FFD727FF" ac="FFD727FF" sc="5"><vp x="12" y="1" z="-13"/></o></c><c d="02_wedge" t="4"><o r="0,-1,0,0,0,-1,1,0,0" bc="FFD727FF" ac="FFD727FF" sc="5"><vp x="13" y="1" z="-12"/></o></c><c d="02_wedge" t="3"><o r="0,-1,0,0,0,-1,1,0,0" bc="FFD727FF" ac="FFD727FF" sc="5"><vp x="12" y="1" z="-12"/></o></c><c d="02_wedge" t="0"><o r="0,-1,0,-1,0,0,0,0,-1" bc="FFD727FF" ac="FFD727FF" sc="5"><vp x="-14" y="1" z="11"/></o></c><c d="02_wedge" t="7"><o r="0,-1,0,-1,0,0,0,0,-1" bc="FFD727FF" ac="FFD727FF" sc="5"><vp x="-13" y="1" z="11"/></o></c><c d="02_wedge" t="0"><o r="0,-1,0,-1,0,0,0,0,-1" bc="FFD727FF" ac="FFD727FF" sc="5"><vp x="-13" y="1" z="12"/></o></c><c d="02_wedge" t="7"><o r="0,-1,0,-1,0,0,0,0,-1" bc="FFD727FF" ac="FFD727FF" sc="5"><vp x="-12" y="1" z="12"/></o></c><c d="02_wedge" t="0"><o r="0,-1,0,-1,0,0,0,0,-1" bc="FFD727FF" ac="FFD727FF" sc="5"><vp x="-12" y="1" z="13"/></o></c><c d="02_wedge" t="7"><o r="0,-1,0,-1,0,0,0,0,-1" bc="FFD727FF" ac="FFD727FF" sc="5"><vp x="-11" y="1" z="13"/></o></c><c d="02_wedge" t="0"><o r="0,-1,0,-1,0,0,0,0,-1" bc="FFD727FF" ac="FFD727FF" sc="5"><vp x="-11" y="1" z="14"/></o></c><c d="02_wedge" t="2"><o r="0,-1,0,-1,0,0,0,0,-1" bc="FFD727FF" ac="FFD727FF" sc="5"><vp x="14" y="1" z="11"/></o></c><c d="02_wedge" t="5"><o r="0,-1,0,-1,0,0,0,0,-1" bc="FFD727FF" ac="FFD727FF" sc="5"><vp x="13" y="1" z="11"/></o></c><c d="02_wedge" t="2"><o r="0,-1,0,-1,0,0,0,0,-1" bc="FFD727FF" ac="FFD727FF" sc="5"><vp x="13" y="1" z="12"/></o></c><c d="02_wedge" t="5"><o r="0,-1,0,-1,0,0,0,0,-1" bc="FFD727FF" ac="FFD727FF" sc="5"><vp x="12" y="1" z="12"/></o></c><c d="02_wedge" t="2"><o r="0,-1,0,-1,0,0,0,0,-1" bc="FFD727FF" ac="FFD727FF" sc="5"><vp x="12" y="1" z="13"/></o></c><c d="02_wedge" t="5"><o r="0,-1,0,-1,0,0,0,0,-1" bc="FFD727FF" ac="FFD727FF" sc="5"><vp x="11" y="1" z="13"/></o></c><c d="02_wedge" t="2"><o r="0,-1,0,-1,0,0,0,0,-1" bc="FFD727FF" ac="FFD727FF" sc="5"><vp x="11" y="1" z="14"/></o></c><c d="01_block" t="0"><o r="1,0,0,0,0,1,0,-1,0" bc="FFD727FF" ac="FFD727FF" sc="6"><vp x="0" y="1" z="13"/></o></c><c d="01_block" t="0"><o r="1,0,0,0,0,1,0,-1,0" bc="FFD727FF" ac="FFD727FF" sc="6"><vp x="0" y="1" z="14"/></o></c><c d="01_block" t="0"><o r="0,0,1,-1,0,0,0,-1,0" bc="FFD727FF" ac="FFD727FF" sc="6"><vp x="-1" y="1" z="14"/></o></c><c d="01_block" t="2"><o r="0,0,1,-1,0,0,0,-1,0" bc="FFD727FF" ac="FFD727FF" sc="6"><vp x="1" y="1" z="14"/></o></c><c d="landing_float" t="0"><o r="0,1,0,0,0,1,1,0,0" bc="FFD727FF" ac="FFD727FF" sc="74" custom_name=""><vp x="-6" y="1" z="15"/></o></c><c d="landing_float" t="4"><o r="0,1,0,0,0,1,1,0,0" bc="FFD727FF" ac="FFD727FF" sc="74" custom_name=""><vp x="6" y="1" z="15"/></o></c><c d="02_wedge" t="0"><o r="0,1,0,0,0,1,1,0,0" bc="FFD727FF" ac="FFD727FF" sc="5"><vp x="-1" y="1" z="-13"/></o></c><c d="02_wedge" t="4"><o r="0,1,0,0,0,1,1,0,0" bc="FFD727FF" ac="FFD727FF" sc="5"><vp x="1" y="1" z="-13"/></o></c><c d="02_wedge" t="0"><o r="0,-1,0,1,0,0,0,0,1" bc="FFD727FF" ac="FFD727FF" sc="5"><vp x="-13" y="1" z="-1"/></o></c><c d="02_wedge" t="2"><o r="0,-1,0,1,0,0,0,0,1" bc="FFD727FF" ac="FFD727FF" sc="5"><vp x="13" y="1" z="-1"/></o></c><c d="02_wedge" t="0"><o r="0,-1,0,0,0,1,-1,0,0" bc="FFD727FF" ac="FFD727FF" sc="5"><vp x="-13" y="1" z="1"/></o></c><c d="02_wedge" t="4"><o r="0,-1,0,0,0,1,-1,0,0" bc="FFD727FF" ac="FFD727FF" sc="5"><vp x="13" y="1" z="1"/></o></c><c d="02_wedge" t="0"><o r="0,-1,0,0,0,-1,1,0,0" bc="FFD727FF" ac="FFD727FF" sc="5"><vp x="-1" y="1" z="13"/></o></c><c d="02_wedge" t="4"><o r="0,-1,0,0,0,-1,1,0,0" bc="FFD727FF" ac="FFD727FF" sc="5"><vp x="1" y="1" z="13"/></o></c><c d="01_block" t="0"><o r="1,0,0,0,1,0,0,0,1" bc="FFD727FF" ac="FFD727FF" sc="6"><vp x="0" y="8" z="1"/></o></c><c d="06_pyramid_2" t="0"><o r="1,0,0,0,0,1,0,-1,0" bc="FFD727FF" ac="FFD727FF" sc="7"><vp x="-1" y="9" z="1"/></o></c><c d="06_pyramid_2" t="1"><o r="1,0,0,0,0,1,0,-1,0" bc="FFD727FF" ac="FFD727FF" sc="7"><vp x="1" y="9" z="1"/></o></c><c d="06_pyramid_2" t="0"><o r="0,0,1,-1,0,0,0,-1,0" bc="FFD727FF" ac="FFD727FF" sc="7"><vp x="-1" y="9" z="-1"/></o></c><c d="06_pyramid_2" t="2"><o r="0,0,1,-1,0,0,0,-1,0" bc="FFD727FF" ac="FFD727FF" sc="7"><vp x="1" y="9" z="-1"/></o></c><c d="05_wedge_2" t="0"><o r="0,0,1,-1,0,0,0,-1,0" bc="FFD727FF" ac="FFD727FF" sc="9"><vp x="-1" y="9" z="0"/></o></c><c d="05_wedge_2" t="2"><o r="0,0,1,-1,0,0,0,-1,0" bc="FFD727FF" ac="FFD727FF" sc="9"><vp x="1" y="9" z="0"/></o></c><c d="05_wedge_2" t="0"><o r="1,0,0,0,0,1,0,-1,0" bc="FFD727FF" ac="FFD727FF" sc="9"><vp x="0" y="9" z="1"/></o></c><c d="05_wedge_2" t="0"><o r="-1,0,0,0,0,-1,0,-1,0" bc="FFD727FF" ac="FFD727FF" sc="9"><vp x="0" y="9" z="-1"/></o></c><c d="clock" t="0"><o r="1,0,0,0,1,0,0,0,1" bc="FFD727FF" ac="FFD727FF" sc="5" custom_name="" sensitivity="0.2" timer_scalar_1="0.183" timer_scalar_2="0.183" lss_mode="0" func_type="0" property_text=""><vp x="-2" y="-2" z="0"/><logic_slots><slot value="false"/><slot value="false"/><slot value="0"/><slot value="0"/><slot value="0"/><slot value="false"/><slot value="false"/><slot value="0"/><slot value="0"/><slot value="0"/><slot value="0"/><slot><value bools="0" 01="0" 02="0" 03="0" 04="0" 05="0" 06="0" 07="0" 08="0" 09="0" 10="0" 11="0" 12="0" 13="0" 14="0" 15="0" 16="0" 17="0" 18="0" 19="0" 20="0" 21="0" 22="0" 23="0" 24="0" 25="0" 26="0" 27="0" 28="0" 29="0" 30="0" 31="0" 32="0"/></slot><slot><value/></slot><slot><value/></slot></logic_slots><property_output_float_val text="0" value="0"/><min_threshold text="0" value="0"/><max_threshold text="0" value="0"/><pid_controller_ki text="1" value="1"/><pid_controller_kp text="1" value="1"/><pid_controller_kd text="1" value="1"/><exp text="2" value="2"/><min_lever_value text="-1" value="-1"/><max_lever_value text="1" value="1"/><starting_lever_value text="0" value="0"/></o></c><c d="gate_bool_blink" t="0"><o r="1,0,0,0,0,-1,0,1,0" bc="FFD727FF" ac="FFD727FF" sc="2" custom_name="" sensitivity="0.2" timer_scalar_1="5" timer_scalar_2="0.5" lss_mode="0" func_type="0" property_text=""><vp x="2" y="-2" z="0"/><logic_slots><slot value="false"/><slot value="false"/><slot value="0"/><slot value="0"/><slot value="0"/><slot value="false"/><slot value="false"/><slot value="0"/><slot value="0"/><slot value="0"/><slot value="0"/><slot><value bools="0" 01="0" 02="0" 03="0" 04="0" 05="0" 06="0" 07="0" 08="0" 09="0" 10="0" 11="0" 12="0" 13="0" 14="0" 15="0" 16="0" 17="0" 18="0" 19="0" 20="0" 21="0" 22="0" 23="0" 24="0" 25="0" 26="0" 27="0" 28="0" 29="0" 30="0" 31="0" 32="0"/></slot><slot><value/></slot><slot><value/></slot></logic_slots><property_output_float_val text="0" value="0"/><min_threshold text="0" value="0"/><max_threshold text="0" value="0"/><pid_controller_ki text="1" value="1"/><pid_controller_kp text="1" value="1"/><pid_controller_kd text="1" value="1"/><exp text="2" value="2"/><min_lever_value text="-1" value="-1"/><max_lever_value text="1" value="1"/><starting_lever_value text="0" value="0"/></o></c><c d="multibody_compact_pivot_robotic_a" t="0"><o r="1,0,0,0,1,0,0,0,1" bc="FFD727FF" ac="FFD727FF" sc="5" custom_name="" max_force_scalar="1" gear_ratio="2" input_velocity="1"><vp x="0" y="10" z="0"/><logic_slots><slot value="0"/><slot value="false"/><slot value="false"/><slot value="0"/></logic_slots></o></c><c d="button_push" t="0"><o r="1,0,0,0,1,0,0,0,1" bc="FFFFFFFF" ac="FFFFFFFF" sc="5" custom_name="Winch UP" hold_duration="1" default_state="false" sensitivity="1" val_1_name="" val_2_name=""><vp x="7" y="3" z="0"/><logic_slots><slot value="false"/><slot value="false"/><slot value="false"/><slot value="0"/><slot value="0"/></logic_slots><min_lever_value text="0" value="0"/><max_lever_value text="1" value="1"/><starting_lever_value text="0" value="0"/></o></c><c d="button_push" t="0"><o r="1,0,0,0,1,0,0,0,1" bc="FFFFFFFF" ac="FFFFFFFF" sc="5" custom_name="Winch DOWN" hold_duration="1" default_state="false" sensitivity="1" val_1_name="" val_2_name=""><vp x="9" y="3" z="0"/><logic_slots><slot value="false"/><slot value="false"/><slot value="false"/><slot value="0"/><slot value="0"/></logic_slots><min_lever_value text="0" value="0"/><max_lever_value text="1" value="1"/><starting_lever_value text="0" value="0"/></o></c><c d="microprocessor" t="0"><o r="1,0,0,0,0,-1,0,1,0" bc="FFD727FF" ac="FFD727FF" sc="16" custom_name=""><microprocessor_definition name="Solar Panel Rotator" description="No description set." hide_in_inventory="false" width="2" length="2" id_counter="22" id_counter_node="4" transform_index="0" sym0="0" sym1="0" sym2="0" sym3="0" sym4="0" sym5="0" sym6="0" sym7="0" sym8="0" sym9="0" sym10="0" sym11="0" sym12="0" sym13="0" sym14="0" sym15="0"><nodes><n id="1" component_id="8" built_slot_index="0"><node label="Solarpanel Pivot" mode="0" type="1" description="The input signal to be processed." flags="0"><position x="1" y="0" z="1"/></node></n><n id="2" component_id="10" built_slot_index="0"><node label="Yaw Pivot" mode="0" type="1" description="The input signal to be processed." flags="0"><position x="1" y="0" z="0"/></node></n><n id="3" component_id="6" built_slot_index="0"><node label="Time" mode="1" type="1" description="The input signal to be processed." flags="0"><position x="0" y="0" z="0"/></node></n><n id="4" component_id="5" built_slot_index="0"><node label="Compass" mode="1" type="1" description="The input signal to be processed." flags="0"><position x="0" y="0" z="1"/></node></n></nodes><group id="0"><pos x="0" y="0"/><data type="0" name="" desc=""><inputs/><outputs/></data><components><c type="10"><object id="11" e="(x-y)*(2*1/(z-y))-1"><pos x="-1.5" y="1.75"/><in1 component_id="6" node_index="0"/><in2 component_id="14" node_index="0"/><in3 component_id="15" node_index="0"/><out1/></object></c><c type="19"><object id="12" name="Sunrise"><pos x="-4.5" y="1.75"/><out1/><min text="0" value="0"/><max text="12" value="12"/><int text="0.5" value="0.5"/><v text="4" value="4"/></object></c><c type="19"><object id="13" name="Sunset"><pos x="-4.5" y="1.25"/><out1/><min text="12" value="12"/><max text="24" value="24"/><int text="0.5" value="0.5"/><v text="21" value="21"/></object></c><c type="45"><object id="14" e="x/24"><pos x="-3" y="1.75"/><in1 component_id="12" node_index="0"/><out1/></object></c><c type="45"><object id="15" e="x/24"><pos x="-3" y="1.25"/><in1 component_id="13" node_index="0"/><out1/></object></c><c type="23"><object id="20"><pos x="-3" y="-0.5"/><in1 component_id="21" node_index="0"/><in2 component_id="5" node_index="0"/><in3 component_id="22" node_index="0"/><out1/><kp text="5" value="5"/><ki text="0.001" value="0.001"/><kd text="10" value="10"/></object></c><c type="15"><object id="21"><pos x="-4.5" y="0.25"/><out1/><n text="0.25" value="0.25"/></object></c><c type="16"><object id="22"><pos x="-4.5" y="-0.75"/><out1/></object></c></components><components_bridge><c type="2"><object id="5"><pos x="-4.5" y="-0.25"/><in1 component_id="0" node_index="0"/><out1/></object></c><c type="2"><object id="6"><pos x="-4.5" y="2.25"/><in1 component_id="0" node_index="0"/><out1/></object></c><c type="3"><object id="8"><pos x="0" y="2.25"/><in1 component_id="11" node_index="0"/><out1/></object></c><c type="3"><object id="10"><pos x="-1.5" y="0"/><in1 component_id="20" node_index="0"/><out1/></object></c></components_bridge><groups/></group></microprocessor_definition><vp x="1" y="3" z="0"/><logic_slots><slot value="0"/><slot value="0"/><slot value="0"/><slot value="0"/></logic_slots></o></c></components></body><body unique_id="4"><initial_local_transform 00="1" 01="0" 02="0" 03="0" 10="0" 11="1" 12="0" 13="0" 20="0" 21="0" 22="1" 23="0" 30="0" 31="0" 32="0" 33="1"/><local_transform 00="1" 01="0" 02="0" 03="0" 10="0" 11="1" 12="0" 13="0" 20="0" 21="0" 22="1" 23="0" 30="0" 31="0" 32="0" 33="1"/><components><c d="magall" t="0"><o r="1,0,0,0,-1,0,0,0,-1" bc="FFD727FF" ac="FFD727FF" sc="5" custom_name=""><vp x="0" y="-8" z="0"/><logic_slots><slot value="false"/><slot value="false"/><slot value="0"/></logic_slots></o></c><c d="rope_hook_composite" t="0"><o r="1,0,0,0,1,0,0,0,1" bc="FFD727FF" ac="FFD727FF" sc="6" custom_name="" input_velocity="1" cable_pos="0"><vp x="0" y="-7" z="0"/><logic_slots><slot><value bools="0" 01="0" 02="0" 03="0" 04="0" 05="0" 06="0" 07="0" 08="0" 09="0" 10="0" 11="0" 12="0" 13="0" 14="0" 15="0" 16="0" 17="0" 18="0" 19="0" 20="0" 21="0" 22="0" 23="0" 24="0" 25="0" 26="0" 27="0" 28="0" 29="0" 30="0" 31="0" 32="0"/></slot><slot><value bools="0" 01="0" 02="0" 03="0" 04="0" 05="0" 06="0" 07="0" 08="0" 09="0" 10="0" 11="0" 12="0" 13="0" 14="0" 15="0" 16="0" 17="0" 18="0" 19="0" 20="0" 21="0" 22="0" 23="0" 24="0" 25="0" 26="0" 27="0" 28="0" 29="0" 30="0" 31="0" 32="0"/></slot><slot value="false"/><slot value="false"/><slot><value/></slot><slot><value/></slot><slot><value/></slot><slot><value/></slot><slot value="false"/><slot value="false"/><slot value="0"/></logic_slots></o></c><c d="01_block_weight" t="0"><o r="0,0,1,-1,0,0,0,-1,0" bc="FFD727FF" ac="FFD727FF" sc="6"><vp x="-1" y="-8" z="0"/></o></c><c d="01_block_weight" t="0"><o r="1,0,0,0,0,1,0,-1,0" bc="FFD727FF" ac="FFD727FF" sc="6"><vp x="0" y="-8" z="1"/></o></c><c d="01_block_weight" t="0"><o r="0,0,-1,1,0,0,0,-1,0" bc="FFD727FF" ac="FFD727FF" sc="6"><vp x="1" y="-8" z="0"/></o></c><c d="01_block_weight" t="0"><o r="1,0,0,0,0,-1,0,1,0" bc="FFD727FF" ac="FFD727FF" sc="6"><vp x="0" y="-8" z="-1"/></o></c></components></body><body unique_id="11"><initial_local_transform 00="1" 01="0" 02="0" 03="0" 10="0" 11="1" 12="0" 13="0" 20="0" 21="0" 22="1" 23="0" 30="0" 31="0" 32="0" 33="1"/><local_transform 00="1" 01="0" 02="0" 03="0" 10="0" 11="1" 12="0" 13="0" 20="0" 21="0" 22="1" 23="0" 30="0" 31="0" 32="0" 33="1"/><components><c d="multibody_compact_pivot_b" t="0"><o r="1,0,0,0,1,0,0,0,1" bc="FFD727FF" ac="FFD727FF" sc="6" custom_name="" max_force_scalar="1" gear_ratio="2" input_velocity="1"><vp x="0" y="11" z="0"/><logic_slots><slot value="0"/><slot value="false"/><slot value="false"/><slot value="0"/></logic_slots></o></c><c d="01_block" t="0"><o r="1,0,0,0,0,1,0,-1,0" bc="FFD727FF" ac="FFD727FF" sc="6"><vp x="0" y="12" z="0"/></o></c><c d="01_block" t="0"><o r="1,0,0,0,0,1,0,-1,0" bc="FFD727FF" ac="FFD727FF" sc="6"><vp x="0" y="13" z="0"/></o></c><c d="01_block" t="0"><o r="1,0,0,0,0,1,0,-1,0" bc="FFD727FF" ac="FFD727FF" sc="6"><vp x="0" y="14" z="0"/></o></c><c d="01_block" t="0"><o r="1,0,0,0,0,1,0,-1,0" bc="FFD727FF" ac="FFD727FF" sc="6"><vp x="0" y="15" z="0"/></o></c><c d="01_block" t="0"><o r="1,0,0,0,0,1,0,-1,0" bc="FFD727FF" ac="FFD727FF" sc="6"><vp x="0" y="16" z="0"/></o></c><c d="01_block" t="0"><o r="1,0,0,0,0,1,0,-1,0" bc="FFD727FF" ac="FFD727FF" sc="6"><vp x="0" y="17" z="0"/></o></c><c d="01_block" t="0"><o r="1,0,0,0,0,1,0,-1,0" bc="FFD727FF" ac="FFD727FF" sc="6"><vp x="0" y="18" z="0"/></o></c><c d="multibody_compact_pivot_robotic_a" t="0"><o r="0,0,-1,-1,0,0,0,1,0" bc="FFD727FF" ac="FFD727FF" sc="5" custom_name="" max_force_scalar="1" gear_ratio="2" input_velocity="1"><vp x="-1" y="12" z="0"/><logic_slots><slot value="0"/><slot value="false"/><slot value="false"/><slot value="0"/></logic_slots></o></c><c d="multibody_compact_pivot_robotic_a" t="2"><o r="0,0,-1,-1,0,0,0,1,0" bc="FFD727FF" ac="FFD727FF" sc="5" custom_name="" max_force_scalar="1" gear_ratio="2" input_velocity="1"><vp x="1" y="12" z="0"/><logic_slots><slot value="0"/><slot value="false"/><slot value="false"/><slot value="0"/></logic_slots></o></c><c d="small_light" t="0"><o r="1,0,0,0,0,1,0,-1,0" bc="FFD727FF" ac="FFD727FF" sc="5" custom_name="" ir="false"><vp x="0" y="19" z="1"/><logic_slots><slot value="false"/></logic_slots></o></c><c d="small_light" t="0"><o r="0,0,1,-1,0,0,0,-1,0" bc="FFD727FF" ac="FFD727FF" sc="5" custom_name="" ir="false"><vp x="-1" y="19" z="0"/><logic_slots><slot value="false"/></logic_slots></o></c><c d="small_light" t="0"><o r="1,0,0,0,0,-1,0,1,0" bc="FFD727FF" ac="FFD727FF" sc="5" custom_name="" ir="false"><vp x="0" y="19" z="-1"/><logic_slots><slot value="false"/></logic_slots></o></c><c d="small_light" t="0"><o r="0,0,-1,1,0,0,0,-1,0" bc="FFD727FF" ac="FFD727FF" sc="5" custom_name="" ir="false"><vp x="1" y="19" z="0"/><logic_slots><slot value="false"/></logic_slots></o></c><c d="02_wedge" t="0"><o r="0,-1,0,1,0,0,0,0,1" bc="FFD727FF" ac="FFD727FF" sc="5"><vp x="1" y="19" z="-1"/></o></c><c d="02_wedge" t="0"><o r="0,-1,0,0,0,1,-1,0,0" bc="FFD727FF" ac="FFD727FF" sc="5"><vp x="1" y="19" z="1"/></o></c><c d="02_wedge" t="0"><o r="0,-1,0,-1,0,0,0,0,-1" bc="FFD727FF" ac="FFD727FF" sc="5"><vp x="-1" y="19" z="1"/></o></c><c d="02_wedge" t="0"><o r="0,1,0,-1,0,0,0,0,1" bc="FFD727FF" ac="FFD727FF" sc="5"><vp x="-1" y="19" z="-1"/></o></c><c d="03_pyramid" t="0"><o r="1,0,0,0,1,0,0,0,1" bc="FFD727FF" ac="FFD727FF" sc="4"><vp x="-1" y="20" z="-1"/></o></c><c d="03_pyramid" t="0"><o r="0,0,1,0,1,0,-1,0,0" bc="FFD727FF" ac="FFD727FF" sc="4"><vp x="1" y="20" z="-1"/></o></c><c d="03_pyramid" t="0"><o r="0,0,-1,0,1,0,1,0,0" bc="FFD727FF" ac="FFD727FF" sc="4"><vp x="-1" y="20" z="1"/></o></c><c d="03_pyramid" t="0"><o r="-1,0,0,0,1,0,0,0,-1" bc="FFD727FF" ac="FFD727FF" sc="4"><vp x="1" y="20" z="1"/></o></c><c d="03_pyramid" t="0"><o r="1,0,0,0,-1,0,0,0,-1" bc="FFD727FF" ac="FFD727FF" sc="4"><vp x="-1" y="18" z="1"/></o></c><c d="03_pyramid" t="0"><o r="0,1,0,1,0,0,0,0,-1" bc="FFD727FF" ac="FFD727FF" sc="4"><vp x="1" y="18" z="1"/></o></c><c d="02_wedge" t="0"><o r="-1,0,0,0,0,1,0,1,0" bc="FFD727FF" ac="FFD727FF" sc="5"><vp x="0" y="18" z="1"/></o></c><c d="02_wedge" t="0"><o r="0,0,1,0,-1,0,1,0,0" bc="FFD727FF" ac="FFD727FF" sc="5"><vp x="-1" y="18" z="0"/></o></c><c d="02_wedge" t="0"><o r="-1,0,0,0,-1,0,0,0,1" bc="FFD727FF" ac="FFD727FF" sc="5"><vp x="0" y="18" z="-1"/></o></c><c d="02_wedge" t="0"><o r="0,0,-1,0,-1,0,-1,0,0" bc="FFD727FF" ac="FFD727FF" sc="5"><vp x="1" y="18" z="0"/></o></c><c d="03_pyramid" t="0"><o r="0,0,1,1,0,0,0,1,0" bc="FFD727FF" ac="FFD727FF" sc="4"><vp x="1" y="18" z="-1"/></o></c><c d="03_pyramid" t="0"><o r="0,1,0,-1,0,0,0,0,1" bc="FFD727FF" ac="FFD727FF" sc="4"><vp x="-1" y="18" z="-1"/></o></c><c d="02_wedge" t="0"><o r="1,0,0,0,0,1,0,-1,0" bc="FFD727FF" ac="FFD727FF" sc="5"><vp x="0" y="20" z="1"/></o></c><c d="small_light" t="0"><o r="1,0,0,0,1,0,0,0,1" bc="FFD727FF" ac="E232FF" sc="5" custom_name="" ir="false"><vp x="0" y="21" z="0"/><logic_slots><slot value="false"/></logic_slots></o></c><c d="rx_huge_v2" t="0"><o r="1,0,0,0,1,0,0,0,1" bc="FFD727FF" ac="FFD727FF" sc="5" custom_name=""><vp x="1" y="20" z="0"/><logic_slots><slot><value bools="0" 01="0" 02="0" 03="0" 04="0" 05="0" 06="0" 07="0" 08="0" 09="0" 10="0" 11="0" 12="0" 13="0" 14="0" 15="0" 16="0" 17="0" 18="0" 19="0" 20="0" 21="0" 22="0" 23="0" 24="0" 25="0" 26="0" 27="0" 28="0" 29="0" 30="0" 31="0" 32="0"/></slot><slot><value bools="0" 01="0" 02="0" 03="0" 04="0" 05="0" 06="0" 07="0" 08="0" 09="0" 10="0" 11="0" 12="0" 13="0" 14="0" 15="0" 16="0" 17="0" 18="0" 19="0" 20="0" 21="0" 22="0" 23="0" 24="0" 25="0" 26="0" 27="0" 28="0" 29="0" 30="0" 31="0" 32="0"/></slot><slot><value/></slot><slot><value/></slot><slot><value/></slot><slot><value/></slot><slot value="0"/><slot value="0"/><slot value="0"/><slot value="false"/></logic_slots></o></c><c d="rx_huge_v2" t="1"><o r="1,0,0,0,1,0,0,0,1" bc="FFD727FF" ac="FFD727FF" sc="5" custom_name=""><vp x="-1" y="20" z="0"/><logic_slots><slot><value bools="0" 01="0" 02="0" 03="0" 04="0" 05="0" 06="0" 07="0" 08="0" 09="0" 10="0" 11="0" 12="0" 13="0" 14="0" 15="0" 16="0" 17="0" 18="0" 19="0" 20="0" 21="0" 22="0" 23="0" 24="0" 25="0" 26="0" 27="0" 28="0" 29="0" 30="0" 31="0" 32="0"/></slot><slot><value bools="0" 01="0" 02="0" 03="0" 04="0" 05="0" 06="0" 07="0" 08="0" 09="0" 10="0" 11="0" 12="0" 13="0" 14="0" 15="0" 16="0" 17="0" 18="0" 19="0" 20="0" 21="0" 22="0" 23="0" 24="0" 25="0" 26="0" 27="0" 28="0" 29="0" 30="0" 31="0" 32="0"/></slot><slot><value/></slot><slot><value/></slot><slot><value/></slot><slot><value/></slot><slot value="0"/><slot value="0"/><slot value="0"/><slot value="false"/></logic_slots></o></c><c d="compass_sensor" t="0"><o r="0,0,1,0,1,0,-1,0,0" bc="FFD727FF" ac="FFD727FF" sc="5" custom_name="" sensitivity="0.2" timer_scalar_1="0.183" timer_scalar_2="0.183" lss_mode="0" func_type="0" property_text=""><vp x="0" y="19" z="0"/><logic_slots><slot value="false"/><slot value="false"/><slot value="0"/><slot value="0"/><slot value="0"/><slot value="false"/><slot value="false"/><slot value="0"/><slot value="0"/><slot value="0"/><slot value="0"/><slot><value bools="0" 01="0" 02="0" 03="0" 04="0" 05="0" 06="0" 07="0" 08="0" 09="0" 10="0" 11="0" 12="0" 13="0" 14="0" 15="0" 16="0" 17="0" 18="0" 19="0" 20="0" 21="0" 22="0" 23="0" 24="0" 25="0" 26="0" 27="0" 28="0" 29="0" 30="0" 31="0" 32="0"/></slot><slot><value/></slot><slot><value/></slot></logic_slots><property_output_float_val text="0" value="0"/><min_threshold text="0" value="0"/><max_threshold text="0" value="0"/><pid_controller_ki text="1" value="1"/><pid_controller_kp text="1" value="1"/><pid_controller_kd text="1" value="1"/><exp text="2" value="2"/><min_lever_value text="-1" value="-1"/><max_lever_value text="1" value="1"/><starting_lever_value text="0" value="0"/></o></c></components></body><body unique_id="13"><initial_local_transform 00="1" 01="0" 02="0" 03="0" 10="0" 11="1" 12="0" 13="0" 20="0" 21="0" 22="1" 23="0" 30="0" 31="0" 32="0" 33="1"/><local_transform 00="1" 01="0" 02="0" 03="0" 10="0" 11="1" 12="0" 13="0" 20="0" 21="0" 22="1" 23="0" 30="0" 31="0" 32="0" 33="1"/><components><c d="multibody_compact_pivot_b" t="0"><o r="0,0,-1,-1,0,0,0,1,0" bc="FFD727FF" ac="FFD727FF" sc="6" custom_name="" max_force_scalar="1" gear_ratio="2" input_velocity="1"><vp x="-2" y="12" z="0"/><logic_slots><slot value="0"/><slot value="false"/><slot value="false"/><slot value="0"/></logic_slots></o></c><c d="01_block" t="0"><o r="0,0,1,-1,0,0,0,-1,0" bc="FFD727FF" ac="FFD727FF" sc="6"><vp x="-3" y="12" z="0"/></o></c><c d="solar" t="0"><o r="1,0,0,0,1,0,0,0,1" bc="FFD727FF" ac="FFD727FF" sc="5" custom_name="" default_state="false"><vp x="-4" y="12" z="0"/><logic_slots><slot value="0"/><slot value="false"/><slot value="0"/></logic_slots></o></c><c d="solar" t="0"><o r="1,0,0,0,1,0,0,0,1" bc="FFD727FF" ac="FFD727FF" sc="5" custom_name="" default_state="false"><vp x="-5" y="12" z="0"/><logic_slots><slot value="0"/><slot value="false"/><slot value="0"/></logic_slots></o></c><c d="solar" t="0"><o r="1,0,0,0,1,0,0,0,1" bc="FFD727FF" ac="FFD727FF" sc="5" custom_name="" default_state="false"><vp x="-6" y="12" z="0"/><logic_slots><slot value="0"/><slot value="false"/><slot value="0"/></logic_slots></o></c><c d="solar" t="0"><o r="1,0,0,0,1,0,0,0,1" bc="FFD727FF" ac="FFD727FF" sc="5" custom_name="" default_state="false"><vp x="-7" y="12" z="0"/><logic_slots><slot value="0"/><slot value="false"/><slot value="0"/></logic_slots></o></c><c d="solar" t="0"><o r="1,0,0,0,1,0,0,0,1" bc="FFD727FF" ac="FFD727FF" sc="5" custom_name="" default_state="false"><vp x="-8" y="12" z="0"/><logic_slots><slot value="0"/><slot value="false"/><slot value="0"/></logic_slots></o></c><c d="solar" t="0"><o r="1,0,0,0,1,0,0,0,1" bc="FFD727FF" ac="FFD727FF" sc="5" custom_name="" default_state="false"><vp x="-9" y="12" z="0"/><logic_slots><slot value="0"/><slot value="false"/><slot value="0"/></logic_slots></o></c><c d="solar" t="0"><o r="1,0,0,0,1,0,0,0,1" bc="FFD727FF" ac="FFD727FF" sc="5" custom_name="" default_state="false"><vp x="-10" y="12" z="0"/><logic_slots><slot value="0"/><slot value="false"/><slot value="0"/></logic_slots></o></c><c d="solar" t="0"><o r="1,0,0,0,1,0,0,0,1" bc="FFD727FF" ac="FFD727FF" sc="5" custom_name="" default_state="false"><vp x="-11" y="12" z="0"/><logic_slots><slot value="0"/><slot value="false"/><slot value="0"/></logic_slots></o></c><c d="solar" t="0"><o r="1,0,0,0,1,0,0,0,1" bc="FFD727FF" ac="FFD727FF" sc="5" custom_name="" default_state="false"><vp x="-4" y="12" z="-1"/><logic_slots><slot value="0"/><slot value="false"/><slot value="0"/></logic_slots></o></c><c d="solar" t="0"><o r="1,0,0,0,1,0,0,0,1" bc="FFD727FF" ac="FFD727FF" sc="5" custom_name="" default_state="false"><vp x="-11" y="12" z="-1"/><logic_slots><slot value="0"/><slot value="false"/><slot value="0"/></logic_slots></o></c><c d="solar" t="0"><o r="1,0,0,0,1,0,0,0,1" bc="FFD727FF" ac="FFD727FF" sc="5" custom_name="" default_state="false"><vp x="-10" y="12" z="-1"/><logic_slots><slot value="0"/><slot value="false"/><slot value="0"/></logic_slots></o></c><c d="solar" t="0"><o r="1,0,0,0,1,0,0,0,1" bc="FFD727FF" ac="FFD727FF" sc="5" custom_name="" default_state="false"><vp x="-9" y="12" z="-1"/><logic_slots><slot value="0"/><slot value="false"/><slot value="0"/></logic_slots></o></c><c d="solar" t="0"><o r="1,0,0,0,1,0,0,0,1" bc="FFD727FF" ac="FFD727FF" sc="5" custom_name="" default_state="false"><vp x="-8" y="12" z="-1"/><logic_slots><slot value="0"/><slot value="false"/><slot value="0"/></logic_slots></o></c><c d="solar" t="0"><o r="1,0,0,0,1,0,0,0,1" bc="FFD727FF" ac="FFD727FF" sc="5" custom_name="" default_state="false"><vp x="-7" y="12" z="-1"/><logic_slots><slot value="0"/><slot value="false"/><slot value="0"/></logic_slots></o></c><c d="solar" t="0"><o r="1,0,0,0,1,0,0,0,1" bc="FFD727FF" ac="FFD727FF" sc="5" custom_name="" default_state="false"><vp x="-6" y="12" z="-1"/><logic_slots><slot value="0"/><slot value="false"/><slot value="0"/></logic_slots></o></c><c d="solar" t="0"><o r="1,0,0,0,1,0,0,0,1" bc="FFD727FF" ac="FFD727FF" sc="5" custom_name="" default_state="false"><vp x="-5" y="12" z="-1"/><logic_slots><slot value="0"/><slot value="false"/><slot value="0"/></logic_slots></o></c><c d="solar" t="0"><o r="1,0,0,0,1,0,0,0,1" bc="FFD727FF" ac="FFD727FF" sc="5" custom_name="" default_state="false"><vp x="-11" y="12" z="1"/><logic_slots><slot value="0"/><slot value="false"/><slot value="0"/></logic_slots></o></c><c d="solar" t="0"><o r="1,0,0,0,1,0,0,0,1" bc="FFD727FF" ac="FFD727FF" sc="5" custom_name="" default_state="false"><vp x="-10" y="12" z="1"/><logic_slots><slot value="0"/><slot value="false"/><slot value="0"/></logic_slots></o></c><c d="solar" t="0"><o r="1,0,0,0,1,0,0,0,1" bc="FFD727FF" ac="FFD727FF" sc="5" custom_name="" default_state="false"><vp x="-9" y="12" z="1"/><logic_slots><slot value="0"/><slot value="false"/><slot value="0"/></logic_slots></o></c><c d="solar" t="0"><o r="1,0,0,0,1,0,0,0,1" bc="FFD727FF" ac="FFD727FF" sc="5" custom_name="" default_state="false"><vp x="-8" y="12" z="1"/><logic_slots><slot value="0"/><slot value="false"/><slot value="0"/></logic_slots></o></c><c d="solar" t="0"><o r="1,0,0,0,1,0,0,0,1" bc="FFD727FF" ac="FFD727FF" sc="5" custom_name="" default_state="false"><vp x="-7" y="12" z="1"/><logic_slots><slot value="0"/><slot value="false"/><slot value="0"/></logic_slots></o></c><c d="solar" t="0"><o r="1,0,0,0,1,0,0,0,1" bc="FFD727FF" ac="FFD727FF" sc="5" custom_name="" default_state="false"><vp x="-6" y="12" z="1"/><logic_slots><slot value="0"/><slot value="false"/><slot value="0"/></logic_slots></o></c><c d="solar" t="0"><o r="1,0,0,0,1,0,0,0,1" bc="FFD727FF" ac="FFD727FF" sc="5" custom_name="" default_state="false"><vp x="-5" y="12" z="1"/><logic_slots><slot value="0"/><slot value="false"/><slot value="0"/></logic_slots></o></c><c d="solar" t="0"><o r="1,0,0,0,1,0,0,0,1" bc="FFD727FF" ac="FFD727FF" sc="5" custom_name="" default_state="false"><vp x="-4" y="12" z="1"/><logic_slots><slot value="0"/><slot value="false"/><slot value="0"/></logic_slots></o></c><c d="solar" t="0"><o r="1,0,0,0,1,0,0,0,1" bc="FFD727FF" ac="FFD727FF" sc="5" custom_name="" default_state="false"><vp x="-11" y="12" z="2"/><logic_slots><slot value="0"/><slot value="false"/><slot value="0"/></logic_slots></o></c><c d="solar" t="0"><o r="1,0,0,0,1,0,0,0,1" bc="FFD727FF" ac="FFD727FF" sc="5" custom_name="" default_state="false"><vp x="-10" y="12" z="2"/><logic_slots><slot value="0"/><slot value="false"/><slot value="0"/></logic_slots></o></c><c d="solar" t="0"><o r="1,0,0,0,1,0,0,0,1" bc="FFD727FF" ac="FFD727FF" sc="5" custom_name="" default_state="false"><vp x="-9" y="12" z="2"/><logic_slots><slot value="0"/><slot value="false"/><slot value="0"/></logic_slots></o></c><c d="solar" t="0"><o r="1,0,0,0,1,0,0,0,1" bc="FFD727FF" ac="FFD727FF" sc="5" custom_name="" default_state="false"><vp x="-8" y="12" z="2"/><logic_slots><slot value="0"/><slot value="false"/><slot value="0"/></logic_slots></o></c><c d="solar" t="0"><o r="1,0,0,0,1,0,0,0,1" bc="FFD727FF" ac="FFD727FF" sc="5" custom_name="" default_state="false"><vp x="-7" y="12" z="2"/><logic_slots><slot value="0"/><slot value="false"/><slot value="0"/></logic_slots></o></c><c d="solar" t="0"><o r="1,0,0,0,1,0,0,0,1" bc="FFD727FF" ac="FFD727FF" sc="5" custom_name="" default_state="false"><vp x="-6" y="12" z="2"/><logic_slots><slot value="0"/><slot value="false"/><slot value="0"/></logic_slots></o></c><c d="solar" t="0"><o r="1,0,0,0,1,0,0,0,1" bc="FFD727FF" ac="FFD727FF" sc="5" custom_name="" default_state="false"><vp x="-5" y="12" z="2"/><logic_slots><slot value="0"/><slot value="false"/><slot value="0"/></logic_slots></o></c><c d="solar" t="0"><o r="1,0,0,0,1,0,0,0,1" bc="FFD727FF" ac="FFD727FF" sc="5" custom_name="" default_state="false"><vp x="-4" y="12" z="2"/><logic_slots><slot value="0"/><slot value="false"/><slot value="0"/></logic_slots></o></c><c d="solar" t="0"><o r="-1,0,0,0,1,0,0,0,-1" bc="FFD727FF" ac="FFD727FF" sc="5" custom_name="" default_state="false"><vp x="-11" y="12" z="-2"/><logic_slots><slot value="0"/><slot value="false"/><slot value="0"/></logic_slots></o></c><c d="solar" t="0"><o r="-1,0,0,0,1,0,0,0,-1" bc="FFD727FF" ac="FFD727FF" sc="5" custom_name="" default_state="false"><vp x="-10" y="12" z="-2"/><logic_slots><slot value="0"/><slot value="false"/><slot value="0"/></logic_slots></o></c><c d="solar" t="0"><o r="-1,0,0,0,1,0,0,0,-1" bc="FFD727FF" ac="FFD727FF" sc="5" custom_name="" default_state="false"><vp x="-9" y="12" z="-2"/><logic_slots><slot value="0"/><slot value="false"/><slot value="0"/></logic_slots></o></c><c d="solar" t="0"><o r="-1,0,0,0,1,0,0,0,-1" bc="FFD727FF" ac="FFD727FF" sc="5" custom_name="" default_state="false"><vp x="-8" y="12" z="-2"/><logic_slots><slot value="0"/><slot value="false"/><slot value="0"/></logic_slots></o></c><c d="solar" t="0"><o r="-1,0,0,0,1,0,0,0,-1" bc="FFD727FF" ac="FFD727FF" sc="5" custom_name="" default_state="false"><vp x="-7" y="12" z="-2"/><logic_slots><slot value="0"/><slot value="false"/><slot value="0"/></logic_slots></o></c><c d="solar" t="0"><o r="-1,0,0,0,1,0,0,0,-1" bc="FFD727FF" ac="FFD727FF" sc="5" custom_name="" default_state="false"><vp x="-6" y="12" z="-2"/><logic_slots><slot value="0"/><slot value="false"/><slot value="0"/></logic_slots></o></c><c d="solar" t="0"><o r="-1,0,0,0,1,0,0,0,-1" bc="FFD727FF" ac="FFD727FF" sc="5" custom_name="" default_state="false"><vp x="-5" y="12" z="-2"/><logic_slots><slot value="0"/><slot value="false"/><slot value="0"/></logic_slots></o></c><c d="solar" t="0"><o r="-1,0,0,0,1,0,0,0,-1" bc="FFD727FF" ac="FFD727FF" sc="5" custom_name="" default_state="false"><vp x="-4" y="12" z="-2"/><logic_slots><slot value="0"/><slot value="false"/><slot value="0"/></logic_slots></o></c><c d="solar" t="0"><o r="1,0,0,0,1,0,0,0,1" bc="FFD727FF" ac="FFD727FF" sc="5" custom_name="" default_state="false"><vp x="-12" y="12" z="-2"/><logic_slots><slot value="0"/><slot value="false"/><slot value="0"/></logic_slots></o></c><c d="solar" t="0"><o r="1,0,0,0,1,0,0,0,1" bc="FFD727FF" ac="FFD727FF" sc="5" custom_name="" default_state="false"><vp x="-12" y="12" z="-1"/><logic_slots><slot value="0"/><slot value="false"/><slot value="0"/></logic_slots></o></c><c d="solar" t="0"><o r="1,0,0,0,1,0,0,0,1" bc="FFD727FF" ac="FFD727FF" sc="5" custom_name="" default_state="false"><vp x="-12" y="12" z="0"/><logic_slots><slot value="0"/><slot value="false"/><slot value="0"/></logic_slots></o></c><c d="solar" t="0"><o r="1,0,0,0,1,0,0,0,1" bc="FFD727FF" ac="FFD727FF" sc="5" custom_name="" default_state="false"><vp x="-12" y="12" z="1"/><logic_slots><slot value="0"/><slot value="false"/><slot value="0"/></logic_slots></o></c><c d="solar" t="0"><o r="1,0,0,0,1,0,0,0,1" bc="FFD727FF" ac="FFD727FF" sc="5" custom_name="" default_state="false"><vp x="-12" y="12" z="2"/><logic_slots><slot value="0"/><slot value="false"/><slot value="0"/></logic_slots></o></c><c d="solar" t="0"><o r="1,0,0,0,1,0,0,0,1" bc="FFD727FF" ac="FFD727FF" sc="5" custom_name="" default_state="false"><vp x="-12" y="12" z="3"/><logic_slots><slot value="0"/><slot value="false"/><slot value="0"/></logic_slots></o></c><c d="solar" t="0"><o r="1,0,0,0,1,0,0,0,1" bc="FFD727FF" ac="FFD727FF" sc="5" custom_name="" default_state="false"><vp x="-11" y="12" z="3"/><logic_slots><slot value="0"/><slot value="false"/><slot value="0"/></logic_slots></o></c><c d="solar" t="0"><o r="1,0,0,0,1,0,0,0,1" bc="FFD727FF" ac="FFD727FF" sc="5" custom_name="" default_state="false"><vp x="-10" y="12" z="3"/><logic_slots><slot value="0"/><slot value="false"/><slot value="0"/></logic_slots></o></c><c d="solar" t="0"><o r="1,0,0,0,1,0,0,0,1" bc="FFD727FF" ac="FFD727FF" sc="5" custom_name="" default_state="false"><vp x="-9" y="12" z="3"/><logic_slots><slot value="0"/><slot value="false"/><slot value="0"/></logic_slots></o></c><c d="solar" t="0"><o r="1,0,0,0,1,0,0,0,1" bc="FFD727FF" ac="FFD727FF" sc="5" custom_name="" default_state="false"><vp x="-8" y="12" z="3"/><logic_slots><slot value="0"/><slot value="false"/><slot value="0"/></logic_slots></o></c><c d="solar" t="0"><o r="1,0,0,0,1,0,0,0,1" bc="FFD727FF" ac="FFD727FF" sc="5" custom_name="" default_state="false"><vp x="-7" y="12" z="3"/><logic_slots><slot value="0"/><slot value="false"/><slot value="0"/></logic_slots></o></c><c d="solar" t="0"><o r="1,0,0,0,1,0,0,0,1" bc="FFD727FF" ac="FFD727FF" sc="5" custom_name="" default_state="false"><vp x="-6" y="12" z="3"/><logic_slots><slot value="0"/><slot value="false"/><slot value="0"/></logic_slots></o></c><c d="solar" t="0"><o r="1,0,0,0,1,0,0,0,1" bc="FFD727FF" ac="FFD727FF" sc="5" custom_name="" default_state="false"><vp x="-5" y="12" z="3"/><logic_slots><slot value="0"/><slot value="false"/><slot value="0"/></logic_slots></o></c><c d="solar" t="0"><o r="1,0,0,0,1,0,0,0,1" bc="FFD727FF" ac="FFD727FF" sc="5" custom_name="" default_state="false"><vp x="-4" y="12" z="3"/><logic_slots><slot value="0"/><slot value="false"/><slot value="0"/></logic_slots></o></c><c d="solar" t="0"><o r="-1,0,0,0,1,0,0,0,-1" bc="FFD727FF" ac="FFD727FF" sc="5" custom_name="" default_state="false"><vp x="-13" y="12" z="-2"/><logic_slots><slot value="0"/><slot value="false"/><slot value="0"/></logic_slots></o></c><c d="solar" t="0"><o r="-1,0,0,0,1,0,0,0,-1" bc="FFD727FF" ac="FFD727FF" sc="5" custom_name="" default_state="false"><vp x="-13" y="12" z="-1"/><logic_slots><slot value="0"/><slot value="false"/><slot value="0"/></logic_slots></o></c><c d="solar" t="0"><o r="-1,0,0,0,1,0,0,0,-1" bc="FFD727FF" ac="FFD727FF" sc="5" custom_name="" default_state="false"><vp x="-13" y="12" z="0"/><logic_slots><slot value="0"/><slot value="false"/><slot value="0"/></logic_slots></o></c><c d="solar" t="0"><o r="-1,0,0,0,1,0,0,0,-1" bc="FFD727FF" ac="FFD727FF" sc="5" custom_name="" default_state="false"><vp x="-13" y="12" z="1"/><logic_slots><slot value="0"/><slot value="false"/><slot value="0"/></logic_slots></o></c><c d="solar" t="0"><o r="-1,0,0,0,1,0,0,0,-1" bc="FFD727FF" ac="FFD727FF" sc="5" custom_name="" default_state="false"><vp x="-13" y="12" z="2"/><logic_slots><slot value="0"/><slot value="false"/><slot value="0"/></logic_slots></o></c><c d="solar" t="0"><o r="-1,0,0,0,1,0,0,0,-1" bc="FFD727FF" ac="FFD727FF" sc="5" custom_name="" default_state="false"><vp x="-13" y="12" z="3"/><logic_slots><slot value="0"/><slot value="false"/><slot value="0"/></logic_slots></o></c><c d="solar" t="0"><o r="-1,0,0,0,1,0,0,0,-1" bc="FFD727FF" ac="FFD727FF" sc="5" custom_name="" default_state="false"><vp x="-12" y="12" z="-3"/><logic_slots><slot value="0"/><slot value="false"/><slot value="0"/></logic_slots></o></c><c d="solar" t="0"><o r="-1,0,0,0,1,0,0,0,-1" bc="FFD727FF" ac="FFD727FF" sc="5" custom_name="" default_state="false"><vp x="-11" y="12" z="-3"/><logic_slots><slot value="0"/><slot value="false"/><slot value="0"/></logic_slots></o></c><c d="solar" t="0"><o r="-1,0,0,0,1,0,0,0,-1" bc="FFD727FF" ac="FFD727FF" sc="5" custom_name="" default_state="false"><vp x="-10" y="12" z="-3"/><logic_slots><slot value="0"/><slot value="false"/><slot value="0"/></logic_slots></o></c><c d="solar" t="0"><o r="-1,0,0,0,1,0,0,0,-1" bc="FFD727FF" ac="FFD727FF" sc="5" custom_name="" default_state="false"><vp x="-9" y="12" z="-3"/><logic_slots><slot value="0"/><slot value="false"/><slot value="0"/></logic_slots></o></c><c d="solar" t="0"><o r="-1,0,0,0,1,0,0,0,-1" bc="FFD727FF" ac="FFD727FF" sc="5" custom_name="" default_state="false"><vp x="-8" y="12" z="-3"/><logic_slots><slot value="0"/><slot value="false"/><slot value="0"/></logic_slots></o></c><c d="solar" t="0"><o r="-1,0,0,0,1,0,0,0,-1" bc="FFD727FF" ac="FFD727FF" sc="5" custom_name="" default_state="false"><vp x="-7" y="12" z="-3"/><logic_slots><slot value="0"/><slot value="false"/><slot value="0"/></logic_slots></o></c><c d="solar" t="0"><o r="-1,0,0,0,1,0,0,0,-1" bc="FFD727FF" ac="FFD727FF" sc="5" custom_name="" default_state="false"><vp x="-6" y="12" z="-3"/><logic_slots><slot value="0"/><slot value="false"/><slot value="0"/></logic_slots></o></c><c d="solar" t="0"><o r="-1,0,0,0,1,0,0,0,-1" bc="FFD727FF" ac="FFD727FF" sc="5" custom_name="" default_state="false"><vp x="-5" y="12" z="-3"/><logic_slots><slot value="0"/><slot value="false"/><slot value="0"/></logic_slots></o></c><c d="solar" t="0"><o r="-1,0,0,0,1,0,0,0,-1" bc="FFD727FF" ac="FFD727FF" sc="5" custom_name="" default_state="false"><vp x="-4" y="12" z="-3"/><logic_slots><slot value="0"/><slot value="false"/><slot value="0"/></logic_slots></o></c><c d="solar" t="0"><o r="-1,0,0,0,1,0,0,0,-1" bc="FFD727FF" ac="FFD727FF" sc="5" custom_name="" default_state="false"><vp x="-13" y="12" z="-3"/><logic_slots><slot value="0"/><slot value="false"/><slot value="0"/></logic_slots></o></c></components></body><body unique_id="14"><initial_local_transform 00="1" 01="0" 02="0" 03="0" 10="0" 11="1" 12="0" 13="0" 20="0" 21="0" 22="1" 23="0" 30="0" 31="0" 32="0" 33="1"/><local_transform 00="1" 01="0" 02="0" 03="0" 10="0" 11="1" 12="0" 13="0" 20="0" 21="0" 22="1" 23="0" 30="0" 31="0" 32="0" 33="1"/><components><c d="multibody_compact_pivot_b" t="2"><o r="0,0,-1,-1,0,0,0,1,0" bc="FFD727FF" ac="FFD727FF" sc="6" custom_name="" max_force_scalar="1" gear_ratio="2" input_velocity="1"><vp x="2" y="12" z="0"/><logic_slots><slot value="0"/><slot value="false"/><slot value="false"/><slot value="0"/></logic_slots></o></c><c d="01_block" t="2"><o r="0,0,1,-1,0,0,0,-1,0" bc="FFD727FF" ac="FFD727FF" sc="6"><vp x="3" y="12" z="0"/></o></c><c d="solar" t="1"><o r="1,0,0,0,1,0,0,0,1" bc="FFD727FF" ac="FFD727FF" sc="5" custom_name="" default_state="false"><vp x="4" y="12" z="0"/><logic_slots><slot value="0"/><slot value="false"/><slot value="0"/></logic_slots></o></c><c d="solar" t="1"><o r="1,0,0,0,1,0,0,0,1" bc="FFD727FF" ac="FFD727FF" sc="5" custom_name="" default_state="false"><vp x="5" y="12" z="0"/><logic_slots><slot value="0"/><slot value="false"/><slot value="0"/></logic_slots></o></c><c d="solar" t="1"><o r="1,0,0,0,1,0,0,0,1" bc="FFD727FF" ac="FFD727FF" sc="5" custom_name="" default_state="false"><vp x="6" y="12" z="0"/><logic_slots><slot value="0"/><slot value="false"/><slot value="0"/></logic_slots></o></c><c d="solar" t="1"><o r="1,0,0,0,1,0,0,0,1" bc="FFD727FF" ac="FFD727FF" sc="5" custom_name="" default_state="false"><vp x="7" y="12" z="0"/><logic_slots><slot value="0"/><slot value="false"/><slot value="0"/></logic_slots></o></c><c d="solar" t="1"><o r="1,0,0,0,1,0,0,0,1" bc="FFD727FF" ac="FFD727FF" sc="5" custom_name="" default_state="false"><vp x="8" y="12" z="0"/><logic_slots><slot value="0"/><slot value="false"/><slot value="0"/></logic_slots></o></c><c d="solar" t="1"><o r="1,0,0,0,1,0,0,0,1" bc="FFD727FF" ac="FFD727FF" sc="5" custom_name="" default_state="false"><vp x="9" y="12" z="0"/><logic_slots><slot value="0"/><slot value="false"/><slot value="0"/></logic_slots></o></c><c d="solar" t="1"><o r="1,0,0,0,1,0,0,0,1" bc="FFD727FF" ac="FFD727FF" sc="5" custom_name="" default_state="false"><vp x="10" y="12" z="0"/><logic_slots><slot value="0"/><slot value="false"/><slot value="0"/></logic_slots></o></c><c d="solar" t="1"><o r="1,0,0,0,1,0,0,0,1" bc="FFD727FF" ac="FFD727FF" sc="5" custom_name="" default_state="false"><vp x="11" y="12" z="0"/><logic_slots><slot value="0"/><slot value="false"/><slot value="0"/></logic_slots></o></c><c d="solar" t="1"><o r="1,0,0,0,1,0,0,0,1" bc="FFD727FF" ac="FFD727FF" sc="5" custom_name="" default_state="false"><vp x="4" y="12" z="-1"/><logic_slots><slot value="0"/><slot value="false"/><slot value="0"/></logic_slots></o></c><c d="solar" t="1"><o r="1,0,0,0,1,0,0,0,1" bc="FFD727FF" ac="FFD727FF" sc="5" custom_name="" default_state="false"><vp x="11" y="12" z="-1"/><logic_slots><slot value="0"/><slot value="false"/><slot value="0"/></logic_slots></o></c><c d="solar" t="1"><o r="1,0,0,0,1,0,0,0,1" bc="FFD727FF" ac="FFD727FF" sc="5" custom_name="" default_state="false"><vp x="10" y="12" z="-1"/><logic_slots><slot value="0"/><slot value="false"/><slot value="0"/></logic_slots></o></c><c d="solar" t="1"><o r="1,0,0,0,1,0,0,0,1" bc="FFD727FF" ac="FFD727FF" sc="5" custom_name="" default_state="false"><vp x="9" y="12" z="-1"/><logic_slots><slot value="0"/><slot value="false"/><slot value="0"/></logic_slots></o></c><c d="solar" t="1"><o r="1,0,0,0,1,0,0,0,1" bc="FFD727FF" ac="FFD727FF" sc="5" custom_name="" default_state="false"><vp x="8" y="12" z="-1"/><logic_slots><slot value="0"/><slot value="false"/><slot value="0"/></logic_slots></o></c><c d="solar" t="1"><o r="1,0,0,0,1,0,0,0,1" bc="FFD727FF" ac="FFD727FF" sc="5" custom_name="" default_state="false"><vp x="7" y="12" z="-1"/><logic_slots><slot value="0"/><slot value="false"/><slot value="0"/></logic_slots></o></c><c d="solar" t="1"><o r="1,0,0,0,1,0,0,0,1" bc="FFD727FF" ac="FFD727FF" sc="5" custom_name="" default_state="false"><vp x="6" y="12" z="-1"/><logic_slots><slot value="0"/><slot value="false"/><slot value="0"/></logic_slots></o></c><c d="solar" t="1"><o r="1,0,0,0,1,0,0,0,1" bc="FFD727FF" ac="FFD727FF" sc="5" custom_name="" default_state="false"><vp x="5" y="12" z="-1"/><logic_slots><slot value="0"/><slot value="false"/><slot value="0"/></logic_slots></o></c><c d="solar" t="1"><o r="1,0,0,0,1,0,0,0,1" bc="FFD727FF" ac="FFD727FF" sc="5" custom_name="" default_state="false"><vp x="11" y="12" z="1"/><logic_slots><slot value="0"/><slot value="false"/><slot value="0"/></logic_slots></o></c><c d="solar" t="1"><o r="1,0,0,0,1,0,0,0,1" bc="FFD727FF" ac="FFD727FF" sc="5" custom_name="" default_state="false"><vp x="10" y="12" z="1"/><logic_slots><slot value="0"/><slot value="false"/><slot value="0"/></logic_slots></o></c><c d="solar" t="1"><o r="1,0,0,0,1,0,0,0,1" bc="FFD727FF" ac="FFD727FF" sc="5" custom_name="" default_state="false"><vp x="9" y="12" z="1"/><logic_slots><slot value="0"/><slot value="false"/><slot value="0"/></logic_slots></o></c><c d="solar" t="1"><o r="1,0,0,0,1,0,0,0,1" bc="FFD727FF" ac="FFD727FF" sc="5" custom_name="" default_state="false"><vp x="8" y="12" z="1"/><logic_slots><slot value="0"/><slot value="false"/><slot value="0"/></logic_slots></o></c><c d="solar" t="1"><o r="1,0,0,0,1,0,0,0,1" bc="FFD727FF" ac="FFD727FF" sc="5" custom_name="" default_state="false"><vp x="7" y="12" z="1"/><logic_slots><slot value="0"/><slot value="false"/><slot value="0"/></logic_slots></o></c><c d="solar" t="1"><o r="1,0,0,0,1,0,0,0,1" bc="FFD727FF" ac="FFD727FF" sc="5" custom_name="" default_state="false"><vp x="6" y="12" z="1"/><logic_slots><slot value="0"/><slot value="false"/><slot value="0"/></logic_slots></o></c><c d="solar" t="1"><o r="1,0,0,0,1,0,0,0,1" bc="FFD727FF" ac="FFD727FF" sc="5" custom_name="" default_state="false"><vp x="5" y="12" z="1"/><logic_slots><slot value="0"/><slot value="false"/><slot value="0"/></logic_slots></o></c><c d="solar" t="1"><o r="1,0,0,0,1,0,0,0,1" bc="FFD727FF" ac="FFD727FF" sc="5" custom_name="" default_state="false"><vp x="4" y="12" z="1"/><logic_slots><slot value="0"/><slot value="false"/><slot value="0"/></logic_slots></o></c><c d="solar" t="1"><o r="1,0,0,0,1,0,0,0,1" bc="FFD727FF" ac="FFD727FF" sc="5" custom_name="" default_state="false"><vp x="11" y="12" z="2"/><logic_slots><slot value="0"/><slot value="false"/><slot value="0"/></logic_slots></o></c><c d="solar" t="1"><o r="1,0,0,0,1,0,0,0,1" bc="FFD727FF" ac="FFD727FF" sc="5" custom_name="" default_state="false"><vp x="10" y="12" z="2"/><logic_slots><slot value="0"/><slot value="false"/><slot value="0"/></logic_slots></o></c><c d="solar" t="1"><o r="1,0,0,0,1,0,0,0,1" bc="FFD727FF" ac="FFD727FF" sc="5" custom_name="" default_state="false"><vp x="9" y="12" z="2"/><logic_slots><slot value="0"/><slot value="false"/><slot value="0"/></logic_slots></o></c><c d="solar" t="1"><o r="1,0,0,0,1,0,0,0,1" bc="FFD727FF" ac="FFD727FF" sc="5" custom_name="" default_state="false"><vp x="8" y="12" z="2"/><logic_slots><slot value="0"/><slot value="false"/><slot value="0"/></logic_slots></o></c><c d="solar" t="1"><o r="1,0,0,0,1,0,0,0,1" bc="FFD727FF" ac="FFD727FF" sc="5" custom_name="" default_state="false"><vp x="7" y="12" z="2"/><logic_slots><slot value="0"/><slot value="false"/><slot value="0"/></logic_slots></o></c><c d="solar" t="1"><o r="1,0,0,0,1,0,0,0,1" bc="FFD727FF" ac="FFD727FF" sc="5" custom_name="" default_state="false"><vp x="6" y="12" z="2"/><logic_slots><slot value="0"/><slot value="false"/><slot value="0"/></logic_slots></o></c><c d="solar" t="1"><o r="1,0,0,0,1,0,0,0,1" bc="FFD727FF" ac="FFD727FF" sc="5" custom_name="" default_state="false"><vp x="5" y="12" z="2"/><logic_slots><slot value="0"/><slot value="false"/><slot value="0"/></logic_slots></o></c><c d="solar" t="1"><o r="1,0,0,0,1,0,0,0,1" bc="FFD727FF" ac="FFD727FF" sc="5" custom_name="" default_state="false"><vp x="4" y="12" z="2"/><logic_slots><slot value="0"/><slot value="false"/><slot value="0"/></logic_slots></o></c><c d="solar" t="1"><o r="-1,0,0,0,1,0,0,0,-1" bc="FFD727FF" ac="FFD727FF" sc="5" custom_name="" default_state="false"><vp x="11" y="12" z="-2"/><logic_slots><slot value="0"/><slot value="false"/><slot value="0"/></logic_slots></o></c><c d="solar" t="1"><o r="-1,0,0,0,1,0,0,0,-1" bc="FFD727FF" ac="FFD727FF" sc="5" custom_name="" default_state="false"><vp x="10" y="12" z="-2"/><logic_slots><slot value="0"/><slot value="false"/><slot value="0"/></logic_slots></o></c><c d="solar" t="1"><o r="-1,0,0,0,1,0,0,0,-1" bc="FFD727FF" ac="FFD727FF" sc="5" custom_name="" default_state="false"><vp x="9" y="12" z="-2"/><logic_slots><slot value="0"/><slot value="false"/><slot value="0"/></logic_slots></o></c><c d="solar" t="1"><o r="-1,0,0,0,1,0,0,0,-1" bc="FFD727FF" ac="FFD727FF" sc="5" custom_name="" default_state="false"><vp x="8" y="12" z="-2"/><logic_slots><slot value="0"/><slot value="false"/><slot value="0"/></logic_slots></o></c><c d="solar" t="1"><o r="-1,0,0,0,1,0,0,0,-1" bc="FFD727FF" ac="FFD727FF" sc="5" custom_name="" default_state="false"><vp x="7" y="12" z="-2"/><logic_slots><slot value="0"/><slot value="false"/><slot value="0"/></logic_slots></o></c><c d="solar" t="1"><o r="-1,0,0,0,1,0,0,0,-1" bc="FFD727FF" ac="FFD727FF" sc="5" custom_name="" default_state="false"><vp x="6" y="12" z="-2"/><logic_slots><slot value="0"/><slot value="false"/><slot value="0"/></logic_slots></o></c><c d="solar" t="1"><o r="-1,0,0,0,1,0,0,0,-1" bc="FFD727FF" ac="FFD727FF" sc="5" custom_name="" default_state="false"><vp x="5" y="12" z="-2"/><logic_slots><slot value="0"/><slot value="false"/><slot value="0"/></logic_slots></o></c><c d="solar" t="1"><o r="-1,0,0,0,1,0,0,0,-1" bc="FFD727FF" ac="FFD727FF" sc="5" custom_name="" default_state="false"><vp x="4" y="12" z="-2"/><logic_slots><slot value="0"/><slot value="false"/><slot value="0"/></logic_slots></o></c><c d="solar" t="1"><o r="1,0,0,0,1,0,0,0,1" bc="FFD727FF" ac="FFD727FF" sc="5" custom_name="" default_state="false"><vp x="12" y="12" z="-2"/><logic_slots><slot value="0"/><slot value="false"/><slot value="0"/></logic_slots></o></c><c d="solar" t="1"><o r="1,0,0,0,1,0,0,0,1" bc="FFD727FF" ac="FFD727FF" sc="5" custom_name="" default_state="false"><vp x="12" y="12" z="-1"/><logic_slots><slot value="0"/><slot value="false"/><slot value="0"/></logic_slots></o></c><c d="solar" t="1"><o r="1,0,0,0,1,0,0,0,1" bc="FFD727FF" ac="FFD727FF" sc="5" custom_name="" default_state="false"><vp x="12" y="12" z="0"/><logic_slots><slot value="0"/><slot value="false"/><slot value="0"/></logic_slots></o></c><c d="solar" t="1"><o r="1,0,0,0,1,0,0,0,1" bc="FFD727FF" ac="FFD727FF" sc="5" custom_name="" default_state="false"><vp x="12" y="12" z="1"/><logic_slots><slot value="0"/><slot value="false"/><slot value="0"/></logic_slots></o></c><c d="solar" t="1"><o r="1,0,0,0,1,0,0,0,1" bc="FFD727FF" ac="FFD727FF" sc="5" custom_name="" default_state="false"><vp x="12" y="12" z="2"/><logic_slots><slot value="0"/><slot value="false"/><slot value="0"/></logic_slots></o></c><c d="solar" t="1"><o r="1,0,0,0,1,0,0,0,1" bc="FFD727FF" ac="FFD727FF" sc="5" custom_name="" default_state="false"><vp x="12" y="12" z="3"/><logic_slots><slot value="0"/><slot value="false"/><slot value="0"/></logic_slots></o></c><c d="solar" t="1"><o r="1,0,0,0,1,0,0,0,1" bc="FFD727FF" ac="FFD727FF" sc="5" custom_name="" default_state="false"><vp x="11" y="12" z="3"/><logic_slots><slot value="0"/><slot value="false"/><slot value="0"/></logic_slots></o></c><c d="solar" t="1"><o r="1,0,0,0,1,0,0,0,1" bc="FFD727FF" ac="FFD727FF" sc="5" custom_name="" default_state="false"><vp x="10" y="12" z="3"/><logic_slots><slot value="0"/><slot value="false"/><slot value="0"/></logic_slots></o></c><c d="solar" t="1"><o r="1,0,0,0,1,0,0,0,1" bc="FFD727FF" ac="FFD727FF" sc="5" custom_name="" default_state="false"><vp x="9" y="12" z="3"/><logic_slots><slot value="0"/><slot value="false"/><slot value="0"/></logic_slots></o></c><c d="solar" t="1"><o r="1,0,0,0,1,0,0,0,1" bc="FFD727FF" ac="FFD727FF" sc="5" custom_name="" default_state="false"><vp x="8" y="12" z="3"/><logic_slots><slot value="0"/><slot value="false"/><slot value="0"/></logic_slots></o></c><c d="solar" t="1"><o r="1,0,0,0,1,0,0,0,1" bc="FFD727FF" ac="FFD727FF" sc="5" custom_name="" default_state="false"><vp x="7" y="12" z="3"/><logic_slots><slot value="0"/><slot value="false"/><slot value="0"/></logic_slots></o></c><c d="solar" t="1"><o r="1,0,0,0,1,0,0,0,1" bc="FFD727FF" ac="FFD727FF" sc="5" custom_name="" default_state="false"><vp x="6" y="12" z="3"/><logic_slots><slot value="0"/><slot value="false"/><slot value="0"/></logic_slots></o></c><c d="solar" t="1"><o r="1,0,0,0,1,0,0,0,1" bc="FFD727FF" ac="FFD727FF" sc="5" custom_name="" default_state="false"><vp x="5" y="12" z="3"/><logic_slots><slot value="0"/><slot value="false"/><slot value="0"/></logic_slots></o></c><c d="solar" t="1"><o r="1,0,0,0,1,0,0,0,1" bc="FFD727FF" ac="FFD727FF" sc="5" custom_name="" default_state="false"><vp x="4" y="12" z="3"/><logic_slots><slot value="0"/><slot value="false"/><slot value="0"/></logic_slots></o></c><c d="solar" t="1"><o r="-1,0,0,0,1,0,0,0,-1" bc="FFD727FF" ac="FFD727FF" sc="5" custom_name="" default_state="false"><vp x="13" y="12" z="-2"/><logic_slots><slot value="0"/><slot value="false"/><slot value="0"/></logic_slots></o></c><c d="solar" t="1"><o r="-1,0,0,0,1,0,0,0,-1" bc="FFD727FF" ac="FFD727FF" sc="5" custom_name="" default_state="false"><vp x="13" y="12" z="-1"/><logic_slots><slot value="0"/><slot value="false"/><slot value="0"/></logic_slots></o></c><c d="solar" t="1"><o r="-1,0,0,0,1,0,0,0,-1" bc="FFD727FF" ac="FFD727FF" sc="5" custom_name="" default_state="false"><vp x="13" y="12" z="0"/><logic_slots><slot value="0"/><slot value="false"/><slot value="0"/></logic_slots></o></c><c d="solar" t="1"><o r="-1,0,0,0,1,0,0,0,-1" bc="FFD727FF" ac="FFD727FF" sc="5" custom_name="" default_state="false"><vp x="13" y="12" z="1"/><logic_slots><slot value="0"/><slot value="false"/><slot value="0"/></logic_slots></o></c><c d="solar" t="1"><o r="-1,0,0,0,1,0,0,0,-1" bc="FFD727FF" ac="FFD727FF" sc="5" custom_name="" default_state="false"><vp x="13" y="12" z="2"/><logic_slots><slot value="0"/><slot value="false"/><slot value="0"/></logic_slots></o></c><c d="solar" t="1"><o r="-1,0,0,0,1,0,0,0,-1" bc="FFD727FF" ac="FFD727FF" sc="5" custom_name="" default_state="false"><vp x="13" y="12" z="3"/><logic_slots><slot value="0"/><slot value="false"/><slot value="0"/></logic_slots></o></c><c d="solar" t="1"><o r="-1,0,0,0,1,0,0,0,-1" bc="FFD727FF" ac="FFD727FF" sc="5" custom_name="" default_state="false"><vp x="12" y="12" z="-3"/><logic_slots><slot value="0"/><slot value="false"/><slot value="0"/></logic_slots></o></c><c d="solar" t="1"><o r="-1,0,0,0,1,0,0,0,-1" bc="FFD727FF" ac="FFD727FF" sc="5" custom_name="" default_state="false"><vp x="11" y="12" z="-3"/><logic_slots><slot value="0"/><slot value="false"/><slot value="0"/></logic_slots></o></c><c d="solar" t="1"><o r="-1,0,0,0,1,0,0,0,-1" bc="FFD727FF" ac="FFD727FF" sc="5" custom_name="" default_state="false"><vp x="10" y="12" z="-3"/><logic_slots><slot value="0"/><slot value="false"/><slot value="0"/></logic_slots></o></c><c d="solar" t="1"><o r="-1,0,0,0,1,0,0,0,-1" bc="FFD727FF" ac="FFD727FF" sc="5" custom_name="" default_state="false"><vp x="9" y="12" z="-3"/><logic_slots><slot value="0"/><slot value="false"/><slot value="0"/></logic_slots></o></c><c d="solar" t="1"><o r="-1,0,0,0,1,0,0,0,-1" bc="FFD727FF" ac="FFD727FF" sc="5" custom_name="" default_state="false"><vp x="8" y="12" z="-3"/><logic_slots><slot value="0"/><slot value="false"/><slot value="0"/></logic_slots></o></c><c d="solar" t="1"><o r="-1,0,0,0,1,0,0,0,-1" bc="FFD727FF" ac="FFD727FF" sc="5" custom_name="" default_state="false"><vp x="7" y="12" z="-3"/><logic_slots><slot value="0"/><slot value="false"/><slot value="0"/></logic_slots></o></c><c d="solar" t="1"><o r="-1,0,0,0,1,0,0,0,-1" bc="FFD727FF" ac="FFD727FF" sc="5" custom_name="" default_state="false"><vp x="6" y="12" z="-3"/><logic_slots><slot value="0"/><slot value="false"/><slot value="0"/></logic_slots></o></c><c d="solar" t="1"><o r="-1,0,0,0,1,0,0,0,-1" bc="FFD727FF" ac="FFD727FF" sc="5" custom_name="" default_state="false"><vp x="5" y="12" z="-3"/><logic_slots><slot value="0"/><slot value="false"/><slot value="0"/></logic_slots></o></c><c d="solar" t="1"><o r="-1,0,0,0,1,0,0,0,-1" bc="FFD727FF" ac="FFD727FF" sc="5" custom_name="" default_state="false"><vp x="4" y="12" z="-3"/><logic_slots><slot value="0"/><slot value="false"/><slot value="0"/></logic_slots></o></c><c d="solar" t="1"><o r="-1,0,0,0,1,0,0,0,-1" bc="FFD727FF" ac="FFD727FF" sc="5" custom_name="" default_state="false"><vp x="13" y="12" z="-3"/><logic_slots><slot value="0"/><slot value="false"/><slot value="0"/></logic_slots></o></c></components></body></bodies><logic_node_links><logic_node_link type="4"><voxel_pos_0 x="0" y="0" z="-1"/><voxel_pos_1 x="0" y="3" z="-1"/></logic_node_link><logic_node_link type="4"><voxel_pos_0 x="0" y="3" z="-1"/><voxel_pos_1 x="0" y="3" z="1"/></logic_node_link><logic_node_link type="4"><voxel_pos_0 x="0" y="3" z="1"/><voxel_pos_1 x="0" y="0" z="2"/></logic_node_link><logic_node_link type="0"><voxel_pos_0 x="0" y="-6" z="0"/><voxel_pos_1 x="0" y="-8" z="0"/></logic_node_link><logic_node_link type="8"><voxel_pos_0 x="0" y="-2" z="0"/><voxel_pos_1 x="0" y="-6" z="0"/></logic_node_link><logic_node_link type="4"><voxel_pos_0 x="0" y="0" z="-1"/><voxel_pos_1 x="0" y="-1" z="0"/></logic_node_link><logic_node_link type="4"><voxel_pos_0 x="0" y="-1" z="0"/><voxel_pos_1 x="0" y="0" z="2"/></logic_node_link><logic_node_link type="4"><voxel_pos_0 x="0" y="-7" z="0"/><voxel_pos_1 x="0" y="-8" z="0"/></logic_node_link><logic_node_link type="4"><voxel_pos_0 x="-3" y="3" z="0"/><voxel_pos_1 x="0" y="3" z="-1"/></logic_node_link><logic_node_link type="1"><voxel_pos_0 x="1" y="0" z="-1"/><voxel_pos_1 x="-3" y="3" z="0"/></logic_node_link><logic_node_link type="1"><voxel_pos_0 x="1" y="0" z="2"/><voxel_pos_1 x="-3" y="4" z="0"/></logic_node_link><logic_node_link type="4"><voxel_pos_0 x="3" y="4" z="0"/><voxel_pos_1 x="3" y="3" z="0"/></logic_node_link><logic_node_link type="0"><voxel_pos_0 x="3" y="4" z="0"/><voxel_pos_1 x="0" y="3" z="1"/></logic_node_link><logic_node_link type="4"><voxel_pos_0 x="-3" y="3" z="0"/><voxel_pos_1 x="3" y="4" z="0"/></logic_node_link><logic_node_link type="0"><voxel_pos_0 x="3" y="4" z="0"/><voxel_pos_1 x="2" y="-1" z="0"/></logic_node_link><logic_node_link type="4"><voxel_pos_0 x="-2" y="-2" z="0"/><voxel_pos_1 x="0" y="-1" z="0"/></logic_node_link><logic_node_link type="4"><voxel_pos_0 x="-11" y="12" z="-2"/><voxel_pos_1 x="-10" y="12" z="-2"/></logic_node_link><logic_node_link type="4"><voxel_pos_0 x="-10" y="12" z="-2"/><voxel_pos_1 x="-9" y="12" z="-2"/></logic_node_link><logic_node_link type="4"><voxel_pos_0 x="-9" y="12" z="-2"/><voxel_pos_1 x="-8" y="12" z="-2"/></logic_node_link><logic_node_link type="4"><voxel_pos_0 x="-8" y="12" z="-2"/><voxel_pos_1 x="-7" y="12" z="-2"/></logic_node_link><logic_node_link type="4"><voxel_pos_0 x="-7" y="12" z="-2"/><voxel_pos_1 x="-6" y="12" z="-2"/></logic_node_link><logic_node_link type="4"><voxel_pos_0 x="-6" y="12" z="-2"/><voxel_pos_1 x="-5" y="12" z="-2"/></logic_node_link><logic_node_link type="4"><voxel_pos_0 x="-5" y="12" z="-2"/><voxel_pos_1 x="-4" y="12" z="-2"/></logic_node_link><logic_node_link type="4"><voxel_pos_0 x="-11" y="12" z="-1"/><voxel_pos_1 x="-10" y="12" z="-1"/></logic_node_link><logic_node_link type="4"><voxel_pos_0 x="-10" y="12" z="-1"/><voxel_pos_1 x="-9" y="12" z="-1"/></logic_node_link><logic_node_link type="4"><voxel_pos_0 x="-9" y="12" z="-1"/><voxel_pos_1 x="-8" y="12" z="-1"/></logic_node_link><logic_node_link type="4"><voxel_pos_0 x="-8" y="12" z="-1"/><voxel_pos_1 x="-7" y="12" z="-1"/></logic_node_link><logic_node_link type="4"><voxel_pos_0 x="-7" y="12" z="-1"/><voxel_pos_1 x="-6" y="12" z="-1"/></logic_node_link><logic_node_link type="4"><voxel_pos_0 x="-6" y="12" z="-1"/><voxel_pos_1 x="-5" y="12" z="-1"/></logic_node_link><logic_node_link type="4"><voxel_pos_0 x="-5" y="12" z="-1"/><voxel_pos_1 x="-4" y="12" z="-1"/></logic_node_link><logic_node_link type="4"><voxel_pos_0 x="-11" y="12" z="0"/><voxel_pos_1 x="-10" y="12" z="0"/></logic_node_link><logic_node_link type="4"><voxel_pos_0 x="-10" y="12" z="0"/><voxel_pos_1 x="-9" y="12" z="0"/></logic_node_link><logic_node_link type="4"><voxel_pos_0 x="-9" y="12" z="0"/><voxel_pos_1 x="-8" y="12" z="0"/></logic_node_link><logic_node_link type="4"><voxel_pos_0 x="-8" y="12" z="0"/><voxel_pos_1 x="-7" y="12" z="0"/></logic_node_link><logic_node_link type="4"><voxel_pos_0 x="-7" y="12" z="0"/><voxel_pos_1 x="-6" y="12" z="0"/></logic_node_link><logic_node_link type="4"><voxel_pos_0 x="-6" y="12" z="0"/><voxel_pos_1 x="-5" y="12" z="0"/></logic_node_link><logic_node_link type="4"><voxel_pos_0 x="-5" y="12" z="0"/><voxel_pos_1 x="-4" y="12" z="0"/></logic_node_link><logic_node_link type="4"><voxel_pos_0 x="-11" y="12" z="1"/><voxel_pos_1 x="-10" y="12" z="1"/></logic_node_link><logic_node_link type="4"><voxel_pos_0 x="-10" y="12" z="1"/><voxel_pos_1 x="-9" y="12" z="1"/></logic_node_link><logic_node_link type="4"><voxel_pos_0 x="-9" y="12" z="1"/><voxel_pos_1 x="-8" y="12" z="1"/></logic_node_link><logic_node_link type="4"><voxel_pos_0 x="-8" y="12" z="1"/><voxel_pos_1 x="-7" y="12" z="1"/></logic_node_link><logic_node_link type="4"><voxel_pos_0 x="-7" y="12" z="1"/><voxel_pos_1 x="-6" y="12" z="1"/></logic_node_link><logic_node_link type="4"><voxel_pos_0 x="-6" y="12" z="1"/><voxel_pos_1 x="-5" y="12" z="1"/></logic_node_link><logic_node_link type="4"><voxel_pos_0 x="-5" y="12" z="1"/><voxel_pos_1 x="-4" y="12" z="1"/></logic_node_link><logic_node_link type="4"><voxel_pos_0 x="-11" y="12" z="2"/><voxel_pos_1 x="-10" y="12" z="2"/></logic_node_link><logic_node_link type="4"><voxel_pos_0 x="-10" y="12" z="2"/><voxel_pos_1 x="-9" y="12" z="2"/></logic_node_link><logic_node_link type="4"><voxel_pos_0 x="-9" y="12" z="2"/><voxel_pos_1 x="-8" y="12" z="2"/></logic_node_link><logic_node_link type="4"><voxel_pos_0 x="-8" y="12" z="2"/><voxel_pos_1 x="-7" y="12" z="2"/></logic_node_link><logic_node_link type="4"><voxel_pos_0 x="-7" y="12" z="2"/><voxel_pos_1 x="-6" y="12" z="2"/></logic_node_link><logic_node_link type="4"><voxel_pos_0 x="-6" y="12" z="2"/><voxel_pos_1 x="-5" y="12" z="2"/></logic_node_link><logic_node_link type="4"><voxel_pos_0 x="-5" y="12" z="2"/><voxel_pos_1 x="-4" y="12" z="2"/></logic_node_link><logic_node_link type="4"><voxel_pos_0 x="-4" y="12" z="2"/><voxel_pos_1 x="-4" y="12" z="1"/></logic_node_link><logic_node_link type="4"><voxel_pos_0 x="-4" y="12" z="1"/><voxel_pos_1 x="-4" y="12" z="0"/></logic_node_link><logic_node_link type="4"><voxel_pos_0 x="-4" y="12" z="0"/><voxel_pos_1 x="-4" y="12" z="-1"/></logic_node_link><logic_node_link type="4"><voxel_pos_0 x="-4" y="12" z="-1"/><voxel_pos_1 x="-4" y="12" z="-2"/></logic_node_link><logic_node_link type="4"><voxel_pos_0 x="-4" y="12" z="0"/><voxel_pos_1 x="-1" y="19" z="0"/></logic_node_link><logic_node_link type="4"><voxel_pos_0 x="-1" y="19" z="0"/><voxel_pos_1 x="0" y="19" z="-1"/></logic_node_link><logic_node_link type="4"><voxel_pos_0 x="0" y="19" z="-1"/><voxel_pos_1 x="0" y="19" z="1"/></logic_node_link><logic_node_link type="4"><voxel_pos_0 x="0" y="19" z="1"/><voxel_pos_1 x="1" y="19" z="0"/></logic_node_link><logic_node_link type="4"><voxel_pos_0 x="4" y="12" z="-2"/><voxel_pos_1 x="4" y="12" z="-1"/></logic_node_link><logic_node_link type="4"><voxel_pos_0 x="4" y="12" z="-1"/><voxel_pos_1 x="4" y="12" z="0"/></logic_node_link><logic_node_link type="4"><voxel_pos_0 x="4" y="12" z="0"/><voxel_pos_1 x="4" y="12" z="1"/></logic_node_link><logic_node_link type="4"><voxel_pos_0 x="4" y="12" z="1"/><voxel_pos_1 x="4" y="12" z="2"/></logic_node_link><logic_node_link type="4"><voxel_pos_0 x="4" y="12" z="2"/><voxel_pos_1 x="5" y="12" z="2"/></logic_node_link><logic_node_link type="4"><voxel_pos_0 x="5" y="12" z="2"/><voxel_pos_1 x="6" y="12" z="2"/></logic_node_link><logic_node_link type="4"><voxel_pos_0 x="6" y="12" z="2"/><voxel_pos_1 x="7" y="12" z="2"/></logic_node_link><logic_node_link type="4"><voxel_pos_0 x="7" y="12" z="2"/><voxel_pos_1 x="8" y="12" z="2"/></logic_node_link><logic_node_link type="4"><voxel_pos_0 x="9" y="12" z="2"/><voxel_pos_1 x="8" y="12" z="2"/></logic_node_link><logic_node_link type="4"><voxel_pos_0 x="9" y="12" z="2"/><voxel_pos_1 x="10" y="12" z="2"/></logic_node_link><logic_node_link type="4"><voxel_pos_0 x="10" y="12" z="2"/><voxel_pos_1 x="11" y="12" z="2"/></logic_node_link><logic_node_link type="4"><voxel_pos_0 x="11" y="12" z="1"/><voxel_pos_1 x="10" y="12" z="1"/></logic_node_link><logic_node_link type="4"><voxel_pos_0 x="10" y="12" z="1"/><voxel_pos_1 x="9" y="12" z="1"/></logic_node_link><logic_node_link type="4"><voxel_pos_0 x="9" y="12" z="1"/><voxel_pos_1 x="8" y="12" z="1"/></logic_node_link><logic_node_link type="4"><voxel_pos_0 x="8" y="12" z="1"/><voxel_pos_1 x="7" y="12" z="1"/></logic_node_link><logic_node_link type="4"><voxel_pos_0 x="7" y="12" z="1"/><voxel_pos_1 x="6" y="12" z="1"/></logic_node_link><logic_node_link type="4"><voxel_pos_0 x="6" y="12" z="1"/><voxel_pos_1 x="5" y="12" z="1"/></logic_node_link><logic_node_link type="4"><voxel_pos_0 x="5" y="12" z="1"/><voxel_pos_1 x="4" y="12" z="1"/></logic_node_link><logic_node_link type="4"><voxel_pos_0 x="4" y="12" z="0"/><voxel_pos_1 x="5" y="12" z="0"/></logic_node_link><logic_node_link type="4"><voxel_pos_0 x="5" y="12" z="0"/><voxel_pos_1 x="6" y="12" z="0"/></logic_node_link><logic_node_link type="4"><voxel_pos_0 x="6" y="12" z="0"/><voxel_pos_1 x="7" y="12" z="0"/></logic_node_link><logic_node_link type="4"><voxel_pos_0 x="7" y="12" z="0"/><voxel_pos_1 x="8" y="12" z="0"/></logic_node_link><logic_node_link type="4"><voxel_pos_0 x="8" y="12" z="0"/><voxel_pos_1 x="9" y="12" z="0"/></logic_node_link><logic_node_link type="4"><voxel_pos_0 x="9" y="12" z="0"/><voxel_pos_1 x="10" y="12" z="0"/></logic_node_link><logic_node_link type="4"><voxel_pos_0 x="10" y="12" z="0"/><voxel_pos_1 x="11" y="12" z="0"/></logic_node_link><logic_node_link type="4"><voxel_pos_0 x="11" y="12" z="-1"/><voxel_pos_1 x="10" y="12" z="-1"/></logic_node_link><logic_node_link type="4"><voxel_pos_0 x="10" y="12" z="-1"/><voxel_pos_1 x="9" y="12" z="-1"/></logic_node_link><logic_node_link type="4"><voxel_pos_0 x="9" y="12" z="-1"/><voxel_pos_1 x="8" y="12" z="-1"/></logic_node_link><logic_node_link type="4"><voxel_pos_0 x="8" y="12" z="-1"/><voxel_pos_1 x="7" y="12" z="-1"/></logic_node_link><logic_node_link type="4"><voxel_pos_0 x="7" y="12" z="-1"/><voxel_pos_1 x="6" y="12" z="-1"/></logic_node_link><logic_node_link type="4"><voxel_pos_0 x="6" y="12" z="-1"/><voxel_pos_1 x="5" y="12" z="-1"/></logic_node_link><logic_node_link type="4"><voxel_pos_0 x="5" y="12" z="-1"/><voxel_pos_1 x="4" y="12" z="-1"/></logic_node_link><logic_node_link type="4"><voxel_pos_0 x="11" y="12" z="-2"/><voxel_pos_1 x="10" y="12" z="-2"/></logic_node_link><logic_node_link type="4"><voxel_pos_0 x="10" y="12" z="-2"/><voxel_pos_1 x="9" y="12" z="-2"/></logic_node_link><logic_node_link type="4"><voxel_pos_0 x="9" y="12" z="-2"/><voxel_pos_1 x="8" y="12" z="-2"/></logic_node_link><logic_node_link type="4"><voxel_pos_0 x="8" y="12" z="-2"/><voxel_pos_1 x="7" y="12" z="-2"/></logic_node_link><logic_node_link type="4"><voxel_pos_0 x="7" y="12" z="-2"/><voxel_pos_1 x="6" y="12" z="-2"/></logic_node_link><logic_node_link type="4"><voxel_pos_0 x="5" y="12" z="-2"/><voxel_pos_1 x="6" y="12" z="-2"/></logic_node_link><logic_node_link type="4"><voxel_pos_0 x="5" y="12" z="-2"/><voxel_pos_1 x="4" y="12" z="-2"/></logic_node_link><logic_node_link type="4"><voxel_pos_0 x="4" y="12" z="0"/><voxel_pos_1 x="1" y="19" z="0"/></logic_node_link><logic_node_link type="0"><voxel_pos_0 x="2" y="-2" z="0"/><voxel_pos_1 x="0" y="19" z="-1"/></logic_node_link><logic_node_link type="0"><voxel_pos_0 x="2" y="-2" z="0"/><voxel_pos_1 x="0" y="19" z="1"/></logic_node_link><logic_node_link type="0"><voxel_pos_0 x="2" y="-2" z="0"/><voxel_pos_1 x="1" y="19" z="0"/></logic_node_link><logic_node_link type="0"><voxel_pos_0 x="2" y="-2" z="0"/><voxel_pos_1 x="-1" y="19" z="0"/></logic_node_link><logic_node_link type="4"><voxel_pos_0 x="-4" y="12" z="0"/><voxel_pos_1 x="-3" y="3" z="0"/></logic_node_link><logic_node_link type="4"><voxel_pos_0 x="3" y="4" z="0"/><voxel_pos_1 x="4" y="12" z="0"/></logic_node_link><logic_node_link type="4"><voxel_pos_0 x="0" y="21" z="0"/><voxel_pos_1 x="1" y="20" z="0"/></logic_node_link><logic_node_link type="4"><voxel_pos_0 x="-1" y="20" z="0"/><voxel_pos_1 x="0" y="21" z="0"/></logic_node_link><logic_node_link type="0"><voxel_pos_0 x="3" y="4" z="0"/><voxel_pos_1 x="1" y="20" z="0"/></logic_node_link><logic_node_link type="0"><voxel_pos_0 x="0" y="4" z="1"/><voxel_pos_1 x="0" y="21" z="0"/></logic_node_link><logic_node_link type="4"><voxel_pos_0 x="1" y="19" z="0"/><voxel_pos_1 x="1" y="20" z="0"/></logic_node_link><logic_node_link type="0"><voxel_pos_0 x="3" y="4" z="0"/><voxel_pos_1 x="0" y="-1" z="0"/></logic_node_link><logic_node_link type="4"><voxel_pos_0 x="3" y="3" z="0"/><voxel_pos_1 x="7" y="3" z="0"/></logic_node_link><logic_node_link type="4"><voxel_pos_0 x="7" y="3" z="0"/><voxel_pos_1 x="9" y="3" z="0"/></logic_node_link><logic_node_link type="0"><voxel_pos_0 x="7" y="3" z="0"/><voxel_pos_1 x="-1" y="-2" z="0"/></logic_node_link><logic_node_link type="0"><voxel_pos_0 x="9" y="3" z="0"/><voxel_pos_1 x="1" y="-2" z="0"/></logic_node_link><logic_node_link type="4"><voxel_pos_0 x="-4" y="12" z="0"/><voxel_pos_1 x="-1" y="12" z="0"/></logic_node_link><logic_node_link type="4"><voxel_pos_0 x="-1" y="12" z="0"/><voxel_pos_1 x="0" y="10" z="0"/></logic_node_link><logic_node_link type="4"><voxel_pos_0 x="0" y="10" z="0"/><voxel_pos_1 x="1" y="12" z="0"/></logic_node_link><logic_node_link type="4"><voxel_pos_0 x="1" y="12" z="0"/><voxel_pos_1 x="4" y="12" z="0"/></logic_node_link><logic_node_link type="4"><voxel_pos_0 x="-1" y="19" z="0"/><voxel_pos_1 x="-1" y="20" z="0"/></logic_node_link><logic_node_link type="4"><voxel_pos_0 x="0" y="19" z="0"/><voxel_pos_1 x="0" y="19" z="1"/></logic_node_link><logic_node_link type="1"><voxel_pos_0 x="-2" y="-2" z="0"/><voxel_pos_1 x="1" y="3" z="0"/></logic_node_link><logic_node_link type="1"><voxel_pos_0 x="2" y="4" z="0"/><voxel_pos_1 x="-1" y="12" z="0"/></logic_node_link><logic_node_link type="1"><voxel_pos_0 x="2" y="4" z="0"/><voxel_pos_1 x="1" y="12" z="0"/></logic_node_link><logic_node_link type="1"><voxel_pos_0 x="2" y="3" z="0"/><voxel_pos_1 x="0" y="10" z="0"/></logic_node_link><logic_node_link type="1"><voxel_pos_0 x="0" y="19" z="0"/><voxel_pos_1 x="1" y="4" z="0"/></logic_node_link></logic_node_links></vehicle>