<?xml version="1.0" encoding="UTF-8"?><vehicle data_version="2" is_advanced="true" is_static="false" bodies_id="58"><editor_placement_offset x="0" y="0" z="0"/><authors/><bodies><body unique_id="57"><initial_local_transform 00="1" 01="0" 02="0" 03="0" 10="0" 11="1" 12="0" 13="0" 20="0" 21="0" 22="1" 23="0" 30="0" 31="0" 32="0" 33="1"/><local_transform 00="1" 01="0" 02="0" 03="0" 10="0" 11="1" 12="0" 13="0" 20="0" 21="0" 22="1" 23="0" 30="0" 31="0" 32="0" 33="1"/><components><c d="01_block" t="0"><o r="-1,0,0,0,1,0,0,0,-1" bc="FFFFFFFF" ac="FFFFFFFF" sc="6,FFFFFFFF,FFFFFFFF,FFFFFFFF,FFFFFFFF,454545FF,FFFFFFFF"><vp x="35" y="-3" z="97"/></o></c><c d="01_block" t="0"><o r="-1,0,0,0,1,0,0,0,-1" bc="FFFFFFFF" ac="FFFFFFFF" sc="6,FFFFFFFF,FFFFFFFF,FFFFFFFF,FFFFFFFF,454545FF,FFFFFFFF"><vp x="35" y="-3" z="95"/></o></c><c d="01_block" t="1"><o r="-1,0,0,0,1,0,0,0,-1" bc="FFFFFFFF" ac="FFFFFFFF" sc="6,FFFFFFFF,FFFFFFFF,FFFFFFFF,FFFFFFFF,454545FF,FFFFFFFF"><vp x="27" y="-3" z="97"/></o></c><c d="01_block" t="1"><o r="-1,0,0,0,1,0,0,0,-1" bc="FFFFFFFF" ac="FFFFFFFF" sc="6,FFFFFFFF,FFFFFFFF,FFFFFFFF,FFFFFFFF,454545FF,FFFFFFFF"><vp x="27" y="-3" z="95"/></o></c><c d="01_block" t="0"><o r="-1,0,0,0,1,0,0,0,-1" bc="FFFFFFFF" ac="FFFFFFFF" sc="6,FFFFFFFF,FFFFFFFF,FFFFFFFF,FFFFFFFF,454545FF,FFFFFFFF"><vp x="35" y="-2" z="97"/></o></c><c d="01_block" t="0"><o r="-1,0,0,0,1,0,0,0,-1" bc="FFFFFFFF" ac="FFFFFFFF" sc="6,FFFFFFFF,FFFFFFFF,FFFFFFFF,FFFFFFFF,454545FF,FFFFFFFF"><vp x="35" y="-2" z="95"/></o></c><c d="01_block" t="1"><o r="-1,0,0,0,1,0,0,0,-1" bc="FFFFFFFF" ac="FFFFFFFF" sc="6,FFFFFFFF,FFFFFFFF,FFFFFFFF,FFFFFFFF,454545FF,FFFFFFFF"><vp x="27" y="-2" z="97"/></o></c><c d="01_block" t="1"><o r="-1,0,0,0,1,0,0,0,-1" bc="FFFFFFFF" ac="FFFFFFFF" sc="6,FFFFFFFF,FFFFFFFF,FFFFFFFF,FFFFFFFF,454545FF,FFFFFFFF"><vp x="27" y="-2" z="95"/></o></c><c d="01_block" t="0"><o r="-1,0,0,0,1,0,0,0,-1" bc="FFFFFFFF" ac="FFFFFFFF" sc="6,454545FF,FFFFFFFF,FFFFFFFF,FFFFFFFF,FFFFFFFF,FFFFFFFF"><vp x="32" y="-3" z="92"/></o></c><c d="01_block" t="0"><o r="-1,0,0,0,1,0,0,0,-1" bc="FFFFFFFF" ac="FFFFFFFF" sc="6,454545FF,FFFFFFFF,FFFFFFFF,FFFFFFFF,FFFFFFFF,FFFFFFFF"><vp x="32" y="-2" z="92"/></o></c><c d="01_block" t="0"><o r="-1,0,0,0,1,0,0,0,-1" bc="FFFFFFFF" ac="FFFFFFFF" sc="6,454545FF,FFFFFFFF,FFFFFFFF,FFFFFFFF,FFFFFFFF,FFFFFFFF"><vp x="31" y="-3" z="92"/></o></c><c d="01_block" t="0"><o r="-1,0,0,0,1,0,0,0,-1" bc="FFFFFFFF" ac="FFFFFFFF" sc="6,454545FF,FFFFFFFF,FFFFFFFF,FFFFFFFF,FFFFFFFF,FFFFFFFF"><vp x="31" y="-2" z="92"/></o></c><c d="01_block" t="0"><o r="-1,0,0,0,1,0,0,0,-1" bc="FFFFFFFF" ac="FFFFFFFF" sc="6,454545FF,FFFFFFFF,FFFFFFFF,FFFFFFFF,FFFFFFFF,FFFFFFFF"><vp x="30" y="-3" z="92"/></o></c><c d="01_block" t="0"><o r="-1,0,0,0,1,0,0,0,-1" bc="FFFFFFFF" ac="FFFFFFFF" sc="6,454545FF,FFFFFFFF,FFFFFFFF,FFFFFFFF,FFFFFFFF,FFFFFFFF"><vp x="30" y="-2" z="92"/></o></c><c d="01_block" t="0"><o r="-1,0,0,0,1,0,0,0,-1" bc="FFFFFFFF" ac="FFFFFFFF" sc="6,FFFFFFFF,454545FF,FFFFFFFF,FFFFFFFF,FFFFFFFF,FFFFFFFF"><vp x="32" y="-3" z="100"/></o></c><c d="01_block" t="0"><o r="-1,0,0,0,1,0,0,0,-1" bc="FFFFFFFF" ac="FFFFFFFF" sc="6,FFFFFFFF,454545FF,FFFFFFFF,FFFFFFFF,FFFFFFFF,FFFFFFFF"><vp x="31" y="-3" z="100"/></o></c><c d="01_block" t="0"><o r="-1,0,0,0,1,0,0,0,-1" bc="FFFFFFFF" ac="FFFFFFFF" sc="6,FFFFFFFF,454545FF,FFFFFFFF,FFFFFFFF,FFFFFFFF,FFFFFFFF"><vp x="30" y="-3" z="100"/></o></c><c d="01_block" t="0"><o r="-1,0,0,0,1,0,0,0,-1" bc="FFFFFFFF" ac="FFFFFFFF" sc="6,FFFFFFFF,454545FF,FFFFFFFF,FFFFFFFF,FFFFFFFF,FFFFFFFF"><vp x="32" y="-2" z="100"/></o></c><c d="01_block" t="0"><o r="-1,0,0,0,1,0,0,0,-1" bc="FFFFFFFF" ac="FFFFFFFF" sc="6,FFFFFFFF,454545FF,FFFFFFFF,FFFFFFFF,FFFFFFFF,FFFFFFFF"><vp x="31" y="-2" z="100"/></o></c><c d="01_block" t="0"><o r="-1,0,0,0,1,0,0,0,-1" bc="FFFFFFFF" ac="FFFFFFFF" sc="6,FFFFFFFF,454545FF,FFFFFFFF,FFFFFFFF,FFFFFFFF,FFFFFFFF"><vp x="30" y="-2" z="100"/></o></c><c d="01_block" t="0"><o r="-1,0,0,0,1,0,0,0,-1" bc="FFFFFFFF" ac="FFFFFFFF" sc="6,FFFFFFFF,FFFFFFFF,FFFFFFFF,FFFFFFFF,454545FF,FFFFFFFF"><vp x="35" y="-1" z="97"/></o></c><c d="01_block" t="0"><o r="-1,0,0,0,1,0,0,0,-1" bc="FFFFFFFF" ac="FFFFFFFF" sc="6,FFFFFFFF,FFFFFFFF,FFFFFFFF,FFFFFFFF,454545FF,FFFFFFFF"><vp x="35" y="-1" z="95"/></o></c><c d="01_block" t="0"><o r="-1,0,0,0,1,0,0,0,-1" bc="FFFFFFFF" ac="FFFFFFFF" sc="6,454545FF,FFFFFFFF,FFFFFFFF,FFFFFFFF,FFFFFFFF,FFFFFFFF"><vp x="32" y="-1" z="92"/></o></c><c d="01_block" t="0"><o r="-1,0,0,0,1,0,0,0,-1" bc="FFFFFFFF" ac="FFFFFFFF" sc="6,454545FF,FFFFFFFF,FFFFFFFF,FFFFFFFF,FFFFFFFF,FFFFFFFF"><vp x="31" y="-1" z="92"/></o></c><c d="01_block" t="0"><o r="-1,0,0,0,1,0,0,0,-1" bc="FFFFFFFF" ac="FFFFFFFF" sc="6,454545FF,FFFFFFFF,FFFFFFFF,FFFFFFFF,FFFFFFFF,FFFFFFFF"><vp x="30" y="-1" z="92"/></o></c><c d="01_block" t="0"><o r="-1,0,0,0,1,0,0,0,-1" bc="FFFFFFFF" ac="FFFFFFFF" sc="6,FFFFFFFF,FFFFFFFF,FFFFFFFF,FFFFFFFF,FFFFFFFF,454545FF"><vp x="27" y="-1" z="97"/></o></c><c d="01_block" t="0"><o r="-1,0,0,0,1,0,0,0,-1" bc="FFFFFFFF" ac="FFFFFFFF" sc="6,FFFFFFFF,FFFFFFFF,FFFFFFFF,FFFFFFFF,FFFFFFFF,454545FF"><vp x="27" y="-1" z="95"/></o></c><c d="01_block" t="0"><o r="-1,0,0,0,1,0,0,0,-1" bc="FFFFFFFF" ac="FFFFFFFF" sc="6,FFFFFFFF,454545FF,FFFFFFFF,FFFFFFFF,FFFFFFFF,FFFFFFFF"><vp x="32" y="-1" z="100"/></o></c><c d="01_block" t="0"><o r="-1,0,0,0,1,0,0,0,-1" bc="FFFFFFFF" ac="FFFFFFFF" sc="6,FFFFFFFF,454545FF,FFFFFFFF,FFFFFFFF,FFFFFFFF,FFFFFFFF"><vp x="31" y="-1" z="100"/></o></c><c d="01_block" t="0"><o r="-1,0,0,0,1,0,0,0,-1" bc="FFFFFFFF" ac="FFFFFFFF" sc="6,FFFFFFFF,454545FF,FFFFFFFF,FFFFFFFF,FFFFFFFF,FFFFFFFF"><vp x="30" y="-1" z="100"/></o></c><c d="01_block" t="0"><o r="-1,0,0,0,0,-1,0,-1,0" bc="FFFFFFFF" ac="FFFFFFFF" sc="6,FFFFFFFF,FFFFFFFF,FFFFFFFF,FFFFFFFF,FFFFFFFF,454545FF"><vp x="27" y="-3" z="96"/></o></c><c d="01_block" t="0"><o r="-1,0,0,0,0,-1,0,-1,0" bc="FFFFFFFF" ac="FFFFFFFF" sc="6,FFFFFFFF,FFFFFFFF,FFFFFFFF,FFFFFFFF,FFFFFFFF,454545FF"><vp x="27" y="-2" z="96"/></o></c><c d="01_block" t="0"><o r="-1,0,0,0,0,-1,0,-1,0" bc="FFFFFFFF" ac="FFFFFFFF" sc="6,FFFFFFFF,FFFFFFFF,FFFFFFFF,FFFFFFFF,FFFFFFFF,454545FF"><vp x="27" y="-1" z="96"/></o></c><c d="01_block" t="1"><o r="-1,0,0,0,0,-1,0,-1,0" bc="FFFFFFFF" ac="FFFFFFFF" sc="6,FFFFFFFF,FFFFFFFF,FFFFFFFF,FFFFFFFF,FFFFFFFF,454545FF"><vp x="35" y="-3" z="96"/></o></c><c d="01_block" t="1"><o r="-1,0,0,0,0,-1,0,-1,0" bc="FFFFFFFF" ac="FFFFFFFF" sc="6,FFFFFFFF,FFFFFFFF,FFFFFFFF,FFFFFFFF,FFFFFFFF,454545FF"><vp x="35" y="-2" z="96"/></o></c><c d="01_block" t="1"><o r="-1,0,0,0,0,-1,0,-1,0" bc="FFFFFFFF" ac="FFFFFFFF" sc="6,FFFFFFFF,FFFFFFFF,FFFFFFFF,FFFFFFFF,FFFFFFFF,454545FF"><vp x="35" y="-1" z="96"/></o></c><c d="05_wedge_2" t="0"><o r="0,-1,0,1,0,0,0,0,1" bc="FFFFFFFF" ac="FFFFFFFF" sc="9,FFFFFFFF,FFFFFFFF,FFFFFFFF,FFFFFFFF,454545FF,FFFFFFFF,454545FF,FFFFFFFF,FFFFFFFF"><vp x="35" y="-3" z="94"/></o></c><c d="05_wedge_2" t="2"><o r="0,-1,0,1,0,0,0,0,1" bc="FFFFFFFF" ac="FFFFFFFF" sc="9,FFFFFFFF,FFFFFFFF,FFFFFFFF,FFFFFFFF,454545FF,FFFFFFFF,454545FF,FFFFFFFF,FFFFFFFF"><vp x="27" y="-3" z="94"/></o></c><c d="05_wedge_2" t="0"><o r="0,-1,0,1,0,0,0,0,1" bc="FFFFFFFF" ac="FFFFFFFF" sc="9,FFFFFFFF,FFFFFFFF,FFFFFFFF,FFFFFFFF,454545FF,FFFFFFFF,454545FF,FFFFFFFF,FFFFFFFF"><vp x="35" y="-1" z="94"/></o></c><c d="05_wedge_2" t="0"><o r="0,-1,0,1,0,0,0,0,1" bc="FFFFFFFF" ac="FFFFFFFF" sc="9,FFFFFFFF,FFFFFFFF,FFFFFFFF,FFFFFFFF,454545FF,FFFFFFFF,454545FF,FFFFFFFF,FFFFFFFF"><vp x="35" y="-2" z="94"/></o></c><c d="05_wedge_2" t="2"><o r="0,-1,0,1,0,0,0,0,1" bc="FFFFFFFF" ac="FFFFFFFF" sc="9,FFFFFFFF,FFFFFFFF,FFFFFFFF,FFFFFFFF,454545FF,FFFFFFFF,454545FF,FFFFFFFF,FFFFFFFF"><vp x="27" y="-1" z="94"/></o></c><c d="05_wedge_2" t="2"><o r="0,-1,0,1,0,0,0,0,1" bc="FFFFFFFF" ac="FFFFFFFF" sc="9,FFFFFFFF,FFFFFFFF,FFFFFFFF,FFFFFFFF,454545FF,FFFFFFFF,454545FF,FFFFFFFF,FFFFFFFF"><vp x="27" y="-2" z="94"/></o></c><c d="05_wedge_2" t="0"><o r="0,1,0,0,0,-1,-1,0,0" bc="FFFFFFFF" ac="FFFFFFFF" sc="9,FFFFFFFF,FFFFFFFF,FFFFFFFF,FFFFFFFF,454545FF,FFFFFFFF,454545FF,FFFFFFFF,FFFFFFFF"><vp x="33" y="-3" z="92"/></o></c><c d="05_wedge_2" t="0"><o r="0,1,0,0,0,-1,-1,0,0" bc="FFFFFFFF" ac="FFFFFFFF" sc="9,FFFFFFFF,FFFFFFFF,FFFFFFFF,FFFFFFFF,454545FF,FFFFFFFF,454545FF,FFFFFFFF,FFFFFFFF"><vp x="33" y="-2" z="92"/></o></c><c d="05_wedge_2" t="0"><o r="0,1,0,0,0,-1,-1,0,0" bc="FFFFFFFF" ac="FFFFFFFF" sc="9,FFFFFFFF,FFFFFFFF,FFFFFFFF,FFFFFFFF,454545FF,FFFFFFFF,454545FF,FFFFFFFF,FFFFFFFF"><vp x="33" y="-1" z="92"/></o></c><c d="05_wedge_2" t="4"><o r="0,1,0,0,0,-1,-1,0,0" bc="FFFFFFFF" ac="FFFFFFFF" sc="9,FFFFFFFF,FFFFFFFF,FFFFFFFF,FFFFFFFF,454545FF,FFFFFFFF,454545FF,FFFFFFFF,FFFFFFFF"><vp x="29" y="-3" z="92"/></o></c><c d="05_wedge_2" t="4"><o r="0,1,0,0,0,-1,-1,0,0" bc="FFFFFFFF" ac="FFFFFFFF" sc="9,FFFFFFFF,FFFFFFFF,FFFFFFFF,FFFFFFFF,454545FF,FFFFFFFF,454545FF,FFFFFFFF,FFFFFFFF"><vp x="29" y="-2" z="92"/></o></c><c d="05_wedge_2" t="4"><o r="0,1,0,0,0,-1,-1,0,0" bc="FFFFFFFF" ac="FFFFFFFF" sc="9,FFFFFFFF,FFFFFFFF,FFFFFFFF,FFFFFFFF,454545FF,FFFFFFFF,454545FF,FFFFFFFF,FFFFFFFF"><vp x="29" y="-1" z="92"/></o></c><c d="05_wedge_2" t="0"><o r="0,1,0,1,0,0,0,0,-1" bc="FFFFFFFF" ac="FFFFFFFF" sc="9,FFFFFFFF,FFFFFFFF,FFFFFFFF,FFFFFFFF,454545FF,FFFFFFFF,454545FF,FFFFFFFF,FFFFFFFF"><vp x="35" y="-3" z="98"/></o></c><c d="05_wedge_2" t="0"><o r="0,1,0,1,0,0,0,0,-1" bc="FFFFFFFF" ac="FFFFFFFF" sc="9,FFFFFFFF,FFFFFFFF,FFFFFFFF,FFFFFFFF,454545FF,FFFFFFFF,454545FF,FFFFFFFF,FFFFFFFF"><vp x="35" y="-2" z="98"/></o></c><c d="05_wedge_2" t="0"><o r="0,1,0,1,0,0,0,0,-1" bc="FFFFFFFF" ac="FFFFFFFF" sc="9,FFFFFFFF,FFFFFFFF,FFFFFFFF,FFFFFFFF,454545FF,FFFFFFFF,454545FF,FFFFFFFF,FFFFFFFF"><vp x="35" y="-1" z="98"/></o></c><c d="05_wedge_2" t="2"><o r="0,1,0,1,0,0,0,0,-1" bc="FFFFFFFF" ac="FFFFFFFF" sc="9,FFFFFFFF,FFFFFFFF,FFFFFFFF,FFFFFFFF,454545FF,FFFFFFFF,454545FF,FFFFFFFF,FFFFFFFF"><vp x="27" y="-3" z="98"/></o></c><c d="05_wedge_2" t="2"><o r="0,1,0,1,0,0,0,0,-1" bc="FFFFFFFF" ac="FFFFFFFF" sc="9,FFFFFFFF,FFFFFFFF,FFFFFFFF,FFFFFFFF,454545FF,FFFFFFFF,454545FF,FFFFFFFF,FFFFFFFF"><vp x="27" y="-2" z="98"/></o></c><c d="05_wedge_2" t="2"><o r="0,1,0,1,0,0,0,0,-1" bc="FFFFFFFF" ac="FFFFFFFF" sc="9,FFFFFFFF,FFFFFFFF,FFFFFFFF,FFFFFFFF,454545FF,FFFFFFFF,454545FF,FFFFFFFF,FFFFFFFF"><vp x="27" y="-1" z="98"/></o></c><c d="05_wedge_2" t="0"><o r="0,-1,0,0,0,1,-1,0,0" bc="FFFFFFFF" ac="FFFFFFFF" sc="9,FFFFFFFF,FFFFFFFF,FFFFFFFF,FFFFFFFF,454545FF,FFFFFFFF,454545FF,FFFFFFFF,FFFFFFFF"><vp x="33" y="-3" z="100"/></o></c><c d="05_wedge_2" t="0"><o r="0,-1,0,0,0,1,-1,0,0" bc="FFFFFFFF" ac="FFFFFFFF" sc="9,FFFFFFFF,FFFFFFFF,FFFFFFFF,FFFFFFFF,454545FF,FFFFFFFF,454545FF,FFFFFFFF,FFFFFFFF"><vp x="33" y="-2" z="100"/></o></c><c d="05_wedge_2" t="0"><o r="0,-1,0,0,0,1,-1,0,0" bc="FFFFFFFF" ac="FFFFFFFF" sc="9,FFFFFFFF,FFFFFFFF,FFFFFFFF,FFFFFFFF,454545FF,FFFFFFFF,454545FF,FFFFFFFF,FFFFFFFF"><vp x="33" y="-1" z="100"/></o></c><c d="05_wedge_2" t="4"><o r="0,-1,0,0,0,1,-1,0,0" bc="FFFFFFFF" ac="FFFFFFFF" sc="9,FFFFFFFF,FFFFFFFF,FFFFFFFF,FFFFFFFF,454545FF,FFFFFFFF,454545FF,FFFFFFFF,FFFFFFFF"><vp x="29" y="-3" z="100"/></o></c><c d="05_wedge_2" t="4"><o r="0,-1,0,0,0,1,-1,0,0" bc="FFFFFFFF" ac="FFFFFFFF" sc="9,FFFFFFFF,FFFFFFFF,FFFFFFFF,FFFFFFFF,454545FF,FFFFFFFF,454545FF,FFFFFFFF,FFFFFFFF"><vp x="29" y="-2" z="100"/></o></c><c d="05_wedge_2" t="4"><o r="0,-1,0,0,0,1,-1,0,0" bc="FFFFFFFF" ac="FFFFFFFF" sc="9,FFFFFFFF,FFFFFFFF,FFFFFFFF,FFFFFFFF,454545FF,FFFFFFFF,454545FF,FFFFFFFF,FFFFFFFF"><vp x="29" y="-1" z="100"/></o></c><c d="01_block" t="0"><o r="-1,0,0,0,1,0,0,0,-1" bc="FFFFFFFF" ac="FFFFFFFF" sc="6,FFFFFFFF,FFFFFFFF,FFFFFFFF,FFFFFFFF,FFE727FF,FFFFFFFF"><vp x="35" y="0" z="97"/></o></c><c d="01_block" t="0"><o r="-1,0,0,0,1,0,0,0,-1" bc="FFFFFFFF" ac="FFFFFFFF" sc="6,FFFFFFFF,FFFFFFFF,FFFFFFFF,FFFFFFFF,FFE727FF,FFFFFFFF"><vp x="35" y="0" z="96"/></o></c><c d="01_block" t="0"><o r="-1,0,0,0,1,0,0,0,-1" bc="FFFFFFFF" ac="FFFFFFFF" sc="6,FFFFFFFF,FFFFFFFF,FFFFFFFF,FFFFFFFF,FFE727FF,FFFFFFFF"><vp x="35" y="0" z="95"/></o></c><c d="01_block" t="1"><o r="-1,0,0,0,1,0,0,0,-1" bc="FFFFFFFF" ac="FFFFFFFF" sc="6,FFFFFFFF,FFFFFFFF,FFFFFFFF,FFFFFFFF,FFE727FF,FFFFFFFF"><vp x="27" y="0" z="97"/></o></c><c d="01_block" t="1"><o r="-1,0,0,0,1,0,0,0,-1" bc="FFFFFFFF" ac="FFFFFFFF" sc="6,FFFFFFFF,FFFFFFFF,FFFFFFFF,FFFFFFFF,FFE727FF,FFFFFFFF"><vp x="27" y="0" z="96"/></o></c><c d="01_block" t="1"><o r="-1,0,0,0,1,0,0,0,-1" bc="FFFFFFFF" ac="FFFFFFFF" sc="6,FFFFFFFF,FFFFFFFF,FFFFFFFF,FFFFFFFF,FFE727FF,FFFFFFFF"><vp x="27" y="0" z="95"/></o></c><c d="01_block" t="0"><o r="-1,0,0,0,1,0,0,0,-1" bc="FFFFFFFF" ac="FFFFFFFF" sc="6,FFE727FF,FFFFFFFF,FFFFFFFF,FFFFFFFF,FFFFFFFF,FFFFFFFF"><vp x="30" y="0" z="92"/></o></c><c d="01_block" t="1"><o r="-1,0,0,0,1,0,0,0,-1" bc="FFFFFFFF" ac="FFFFFFFF" sc="6,FFE727FF,FFFFFFFF,FFFFFFFF,FFFFFFFF,FFFFFFFF,FFFFFFFF"><vp x="32" y="0" z="92"/></o></c><c d="01_block" t="0"><o r="-1,0,0,0,1,0,0,0,-1" bc="FFFFFFFF" ac="FFFFFFFF" sc="6,FFFFFFFF,FFE727FF,FFFFFFFF,FFFFFFFF,FFFFFFFF,FFFFFFFF"><vp x="31" y="0" z="100"/></o></c><c d="01_block" t="0"><o r="-1,0,0,0,1,0,0,0,-1" bc="FFFFFFFF" ac="FFFFFFFF" sc="6,FFFFFFFF,FFE727FF,FFFFFFFF,FFFFFFFF,FFFFFFFF,FFFFFFFF"><vp x="30" y="0" z="100"/></o></c><c d="01_block" t="1"><o r="-1,0,0,0,1,0,0,0,-1" bc="FFFFFFFF" ac="FFFFFFFF" sc="6,FFFFFFFF,FFE727FF,FFFFFFFF,FFFFFFFF,FFFFFFFF,FFFFFFFF"><vp x="32" y="0" z="100"/></o></c><c d="05_wedge_2" t="0"><o r="0,-1,0,0,0,1,-1,0,0" bc="FFFFFFFF" ac="FFFFFFFF" sc="9,FFFFFFFF,FFFFFFFF,FFFFFFFF,FFFFFFFF,FFE727FF,FFFFFFFF,FFE727FF,FFFFFFFF,FFFFFFFF"><vp x="33" y="0" z="100"/></o></c><c d="05_wedge_2" t="4"><o r="0,-1,0,0,0,1,-1,0,0" bc="FFFFFFFF" ac="FFFFFFFF" sc="9,FFFFFFFF,FFFFFFFF,FFFFFFFF,FFFFFFFF,FFE727FF,FFFFFFFF,FFE727FF,FFFFFFFF,FFFFFFFF"><vp x="29" y="0" z="100"/></o></c><c d="05_wedge_2" t="0"><o r="0,1,0,1,0,0,0,0,-1" bc="FFFFFFFF" ac="FFFFFFFF" sc="9,FFFFFFFF,FFFFFFFF,FFFFFFFF,FFFFFFFF,FFE727FF,FFFFFFFF,FFE727FF,FFFFFFFF,FFFFFFFF"><vp x="35" y="0" z="98"/></o></c><c d="05_wedge_2" t="2"><o r="0,1,0,1,0,0,0,0,-1" bc="FFFFFFFF" ac="FFFFFFFF" sc="9,FFFFFFFF,FFFFFFFF,FFFFFFFF,FFFFFFFF,FFE727FF,FFFFFFFF,FFE727FF,FFFFFFFF,FFFFFFFF"><vp x="27" y="0" z="98"/></o></c><c d="05_wedge_2" t="0"><o r="0,-1,0,1,0,0,0,0,1" bc="FFFFFFFF" ac="FFFFFFFF" sc="9,FFFFFFFF,FFFFFFFF,FFFFFFFF,FFFFFFFF,FFE727FF,FFFFFFFF,FFE727FF,FFFFFFFF,FFFFFFFF"><vp x="35" y="0" z="94"/></o></c><c d="05_wedge_2" t="2"><o r="0,-1,0,1,0,0,0,0,1" bc="FFFFFFFF" ac="FFFFFFFF" sc="9,FFFFFFFF,FFFFFFFF,FFFFFFFF,FFFFFFFF,FFE727FF,FFFFFFFF,FFE727FF,FFFFFFFF,FFFFFFFF"><vp x="27" y="0" z="94"/></o></c><c d="05_wedge_2" t="0"><o r="0,1,0,0,0,-1,-1,0,0" bc="FFFFFFFF" ac="FFFFFFFF" sc="9,FFFFFFFF,FFFFFFFF,FFFFFFFF,FFFFFFFF,FFE727FF,FFFFFFFF,FFE727FF,FFFFFFFF,FFFFFFFF"><vp x="33" y="0" z="92"/></o></c><c d="05_wedge_2" t="4"><o r="0,1,0,0,0,-1,-1,0,0" bc="FFFFFFFF" ac="FFFFFFFF" sc="9,FFFFFFFF,FFFFFFFF,FFFFFFFF,FFFFFFFF,FFE727FF,FFFFFFFF,FFE727FF,FFFFFFFF,FFFFFFFF"><vp x="29" y="0" z="92"/></o></c><c d="small_light" t="0"><o r="-1,0,0,0,1,0,0,0,-1" bc="FFE727FF" ac="FFFFFFFF" sc="5,FFE727FF,454545FF,FFE727FF,454545FF,FFFFFFFF" custom_name="" ir="false"><vp x="31" y="16" z="96"/><logic_slots><slot value="false"/></logic_slots></o></c><c d="01_block" t="0"><o r="1,0,0,0,-1,0,0,0,-1" bc="FFFFFFFF" ac="FFFFFFFF" sc="6,FFE727FF,FFE727FF,FFFFFFFF,FFFFFFFF,FFE727FF,FFE727FF"><vp x="31" y="13" z="96"/></o></c><c d="06_pyramid_2" t="1"><o r="0,0,-1,0,1,0,1,0,0" bc="FFFFFFFF" ac="FFFFFFFF" sc="7,FFFFFFFF,FFFFFFFF,FFFFFFFF,FFFFFFFF,FFFFFFFF,FFE727FF,FFE727FF"><vp x="29" y="1" z="92"/></o></c><c d="06_pyramid_2" t="5"><o r="0,0,-1,0,1,0,1,0,0" bc="FFFFFFFF" ac="FFFFFFFF" sc="7,FFFFFFFF,FFFFFFFF,FFFFFFFF,FFFFFFFF,FFFFFFFF,FFE727FF,FFE727FF"><vp x="33" y="1" z="92"/></o></c><c d="06_pyramid_2" t="4"><o r="1,0,0,0,1,0,0,0,1" bc="FFFFFFFF" ac="FFFFFFFF" sc="7,FFFFFFFF,FFFFFFFF,FFFFFFFF,FFFFFFFF,FFFFFFFF,FFE727FF,FFE727FF"><vp x="27" y="1" z="98"/></o></c><c d="06_pyramid_2" t="5"><o r="1,0,0,0,1,0,0,0,1" bc="FFFFFFFF" ac="FFFFFFFF" sc="7,FFFFFFFF,FFFFFFFF,FFFFFFFF,FFFFFFFF,FFFFFFFF,FFE727FF,FFE727FF"><vp x="35" y="1" z="98"/></o></c><c d="06_pyramid_2" t="5"><o r="0,0,1,0,1,0,-1,0,0" bc="FFFFFFFF" ac="FFFFFFFF" sc="7,FFFFFFFF,FFFFFFFF,FFFFFFFF,FFFFFFFF,FFFFFFFF,FFE727FF,FFE727FF"><vp x="29" y="1" z="100"/></o></c><c d="06_pyramid_2" t="1"><o r="0,0,1,0,1,0,-1,0,0" bc="FFFFFFFF" ac="FFFFFFFF" sc="7,FFFFFFFF,FFFFFFFF,FFFFFFFF,FFFFFFFF,FFFFFFFF,FFE727FF,FFE727FF"><vp x="33" y="1" z="100"/></o></c><c d="14_invpyramid_2x2" t="0"><o r="-1,0,0,0,1,0,0,0,-1" bc="FFFFFFFF" ac="FFFFFFFF" sc="18,FFFFFFFF,FFFFFFFF,FFFFFFFF,FFFFFFFF,FFFFFFFF,FFFFFFFF,FFFFFFFF,FFFFFFFF,FFE727FF,FFFFFFFF,FFE727FF,FFFFFFFF,FFE727FF,FFFFFFFF,FFFFFFFF,FFFFFFFF,FFFFFFFF,FFFFFFFF"><vp x="33" y="1" z="98"/></o></c><c d="14_invpyramid_2x2" t="1"><o r="-1,0,0,0,1,0,0,0,-1" bc="FFFFFFFF" ac="FFFFFFFF" sc="18,FFFFFFFF,FFFFFFFF,FFFFFFFF,FFFFFFFF,FFFFFFFF,FFFFFFFF,FFFFFFFF,FFFFFFFF,FFE727FF,FFFFFFFF,FFE727FF,FFFFFFFF,FFE727FF,FFFFFFFF,FFFFFFFF,FFFFFFFF,FFFFFFFF,FFFFFFFF"><vp x="29" y="1" z="98"/></o></c><c d="14_invpyramid_2x2" t="0"><o r="0,0,1,0,1,0,-1,0,0" bc="FFFFFFFF" ac="FFFFFFFF" sc="18,FFFFFFFF,FFFFFFFF,FFFFFFFF,FFFFFFFF,FFFFFFFF,FFFFFFFF,FFFFFFFF,FFFFFFFF,FFE727FF,FFFFFFFF,FFE727FF,FFFFFFFF,FFE727FF,FFFFFFFF,FFFFFFFF,FFFFFFFF,FFFFFFFF,FFFFFFFF"><vp x="33" y="1" z="94"/></o></c><c d="14_invpyramid_2x2" t="4"><o r="0,0,1,0,1,0,-1,0,0" bc="FFFFFFFF" ac="FFFFFFFF" sc="18,FFFFFFFF,FFFFFFFF,FFFFFFFF,FFFFFFFF,FFFFFFFF,FFFFFFFF,FFFFFFFF,FFFFFFFF,FFE727FF,FFFFFFFF,FFE727FF,FFFFFFFF,FFE727FF,FFFFFFFF,FFFFFFFF,FFFFFFFF,FFFFFFFF,FFFFFFFF"><vp x="29" y="1" z="94"/></o></c><c d="11_pyramid_2x2" t="0"><o r="1,0,0,0,1,0,0,0,1" bc="FFFFFFFF" ac="FFFFFFFF" sc="10,FFFFFFFF,FFFFFFFF,FFFFFFFF,FFFFFFFF,FFFFFFFF,FFFFFFFF,FFFFFFFF,FFE727FF,FFE727FF,FFE727FF"><vp x="29" y="2" z="94"/></o></c><c d="11_pyramid_2x2" t="1"><o r="1,0,0,0,1,0,0,0,1" bc="FFFFFFFF" ac="FFFFFFFF" sc="10,FFFFFFFF,FFFFFFFF,FFFFFFFF,FFFFFFFF,FFFFFFFF,FFFFFFFF,FFFFFFFF,FFE727FF,FFE727FF,FFE727FF"><vp x="33" y="2" z="94"/></o></c><c d="11_pyramid_2x2" t="0"><o r="0,0,-1,0,1,0,1,0,0" bc="FFFFFFFF" ac="FFFFFFFF" sc="10,FFFFFFFF,FFFFFFFF,FFFFFFFF,FFFFFFFF,FFFFFFFF,FFFFFFFF,FFFFFFFF,FFE727FF,FFE727FF,FFE727FF"><vp x="29" y="2" z="98"/></o></c><c d="11_pyramid_2x2" t="4"><o r="0,0,-1,0,1,0,1,0,0" bc="FFFFFFFF" ac="FFFFFFFF" sc="10,FFFFFFFF,FFFFFFFF,FFFFFFFF,FFFFFFFF,FFFFFFFF,FFFFFFFF,FFFFFFFF,FFE727FF,FFE727FF,FFE727FF"><vp x="33" y="2" z="98"/></o></c><c d="04_invpyramid" t="0"><o r="0,0,1,-1,0,0,0,-1,0" bc="FFFFFFFF" ac="FFFFFFFF" sc="7,FFFFFFFF,FFFFFFFF,FFFFFFFF,FFFFFFFF,FFFFFFFF,FFFFFFFF,FFE727FF"><vp x="30" y="3" z="95"/></o></c><c d="04_invpyramid" t="2"><o r="0,0,1,-1,0,0,0,-1,0" bc="FFFFFFFF" ac="FFFFFFFF" sc="7,FFFFFFFF,FFFFFFFF,FFFFFFFF,FFFFFFFF,FFFFFFFF,FFFFFFFF,FFE727FF"><vp x="32" y="3" z="95"/></o></c><c d="04_invpyramid" t="0"><o r="0,0,-1,0,1,0,1,0,0" bc="FFFFFFFF" ac="FFFFFFFF" sc="7,FFFFFFFF,FFFFFFFF,FFFFFFFF,FFFFFFFF,FFFFFFFF,FFFFFFFF,FFE727FF"><vp x="30" y="3" z="97"/></o></c><c d="04_invpyramid" t="4"><o r="0,0,-1,0,1,0,1,0,0" bc="FFFFFFFF" ac="FFFFFFFF" sc="7,FFFFFFFF,FFFFFFFF,FFFFFFFF,FFFFFFFF,FFFFFFFF,FFFFFFFF,FFE727FF"><vp x="32" y="3" z="97"/></o></c><c d="09_pyramid_4" t="0"><o r="0,0,1,-1,0,0,0,-1,0" bc="FFFFFFFF" ac="FFFFFFFF" sc="13,FFFFFFFF,FFFFFFFF,FFFFFFFF,FFE727FF,FFE727FF,FFE727FF,FFE727FF,FFFFFFFF,FFFFFFFF,FFFFFFFF,FFFFFFFF,FFFFFFFF,FFFFFFFF"><vp x="30" y="4" z="95"/></o></c><c d="09_pyramid_4" t="2"><o r="0,0,1,-1,0,0,0,-1,0" bc="FFFFFFFF" ac="FFFFFFFF" sc="13,FFFFFFFF,FFFFFFFF,FFFFFFFF,FFE727FF,FFE727FF,FFE727FF,FFE727FF,FFFFFFFF,FFFFFFFF,FFE727FF,FFFFFFFF,FFFFFFFF,FFFFFFFF"><vp x="32" y="4" z="95"/></o></c><c d="08_wedge_4" t="0"><o r="-1,0,0,0,0,-1,0,-1,0" bc="FFFFFFFF" ac="FFFFFFFF" sc="17,454545FF,454545FF,FFFFFFFF,FFFFFFFF,454545FF,454545FF,FFFFFFFF,454545FF,454545FF,FFFFFFFF,FFFFFFFF,454545FF,454545FF,FFE727FF,FFE727FF,FFE727FF,FFE727FF"><vp x="31" y="4" z="95"/></o></c><c d="08_wedge_4" t="0"><o r="1,0,0,0,0,1,0,-1,0" bc="FFFFFFFF" ac="FFFFFFFF" sc="17,454545FF,454545FF,FFFFFFFF,FFFFFFFF,454545FF,454545FF,FFFFFFFF,454545FF,454545FF,FFFFFFFF,FFFFFFFF,454545FF,454545FF,FFE727FF,FFE727FF,FFE727FF,FFE727FF"><vp x="31" y="4" z="97"/></o></c><c d="09_pyramid_4" t="0"><o r="1,0,0,0,0,1,0,-1,0" bc="FFFFFFFF" ac="FFFFFFFF" sc="13,FFFFFFFF,FFFFFFFF,FFFFFFFF,FFE727FF,FFE727FF,FFE727FF,FFE727FF,FFFFFFFF,FFFFFFFF,FFFFFFFF,FFFFFFFF,FFFFFFFF,FFE727FF"><vp x="30" y="4" z="97"/></o></c><c d="09_pyramid_4" t="1"><o r="1,0,0,0,0,1,0,-1,0" bc="FFFFFFFF" ac="FFFFFFFF" sc="13,FFFFFFFF,FFFFFFFF,FFFFFFFF,FFE727FF,FFE727FF,FFE727FF,FFE727FF,FFFFFFFF,FFFFFFFF,FFFFFFFF,FFFFFFFF,FFFFFFFF,FFE727FF"><vp x="32" y="4" z="97"/></o></c><c d="01_block" t="0"><o r="-1,0,0,0,0,-1,0,-1,0" bc="FFFFFFFF" ac="FFFFFFFF" sc="6,FFFFFFFF,FFFFFFFF,FFE727FF,FFE727FF,FFE727FF,FFE727FF"><vp x="31" y="8" z="96"/></o></c><c d="01_block" t="0"><o r="-1,0,0,0,0,-1,0,-1,0" bc="FFFFFFFF" ac="FFFFFFFF" sc="6,FFFFFFFF,FFFFFFFF,FFE727FF,FFE727FF,FFE727FF,FFE727FF"><vp x="31" y="9" z="96"/></o></c><c d="01_block" t="0"><o r="-1,0,0,0,0,-1,0,-1,0" bc="FFFFFFFF" ac="FFFFFFFF" sc="6,FFFFFFFF,FFFFFFFF,FFE727FF,FFE727FF,FFE727FF,FFE727FF"><vp x="31" y="10" z="96"/></o></c><c d="01_block" t="0"><o r="-1,0,0,0,0,-1,0,-1,0" bc="FFFFFFFF" ac="FFFFFFFF" sc="6,FFFFFFFF,FFFFFFFF,FFE727FF,FFE727FF,FFE727FF,FFE727FF"><vp x="31" y="11" z="96"/></o></c><c d="01_block" t="0"><o r="-1,0,0,0,0,-1,0,-1,0" bc="FFFFFFFF" ac="FFFFFFFF" sc="6,FFFFFFFF,FFFFFFFF,FFE727FF,FFE727FF,FFE727FF,FFE727FF"><vp x="31" y="12" z="96"/></o></c><c d="07_invpyramid_2" t="0"><o r="1,0,0,0,1,0,0,0,1" bc="FFFFFFFF" ac="FFFFFFFF" sc="12,FFFFFFFF,FFFFFFFF,FFFFFFFF,FFFFFFFF,FFFFFFFF,FFE727FF,FFFFFFFF,FFFFFFFF,FFFFFFFF,FFFFFFFF,FFE727FF,FFFFFFFF"><vp x="30" y="2" z="94"/></o></c><c d="07_invpyramid_2" t="1"><o r="1,0,0,0,1,0,0,0,1" bc="FFFFFFFF" ac="FFFFFFFF" sc="12,FFFFFFFF,FFFFFFFF,FFFFFFFF,FFFFFFFF,FFFFFFFF,FFE727FF,FFFFFFFF,FFFFFFFF,FFFFFFFF,FFFFFFFF,FFE727FF,FFFFFFFF"><vp x="32" y="2" z="94"/></o></c><c d="04_invpyramid" t="0"><o r="0,0,1,0,1,0,-1,0,0" bc="FFFFFFFF" ac="FFFFFFFF" sc="7,FFFFFFFF,FFFFFFFF,FFFFFFFF,FFFFFFFF,FFE727FF,FFFFFFFF,FFE727FF"><vp x="32" y="1" z="92"/></o></c><c d="04_invpyramid" t="4"><o r="0,0,1,0,1,0,-1,0,0" bc="FFFFFFFF" ac="FFFFFFFF" sc="7,FFFFFFFF,FFFFFFFF,FFFFFFFF,FFFFFFFF,FFE727FF,FFFFFFFF,FFE727FF"><vp x="30" y="1" z="92"/></o></c><c d="03_pyramid" t="0"><o r="1,0,0,0,1,0,0,0,1" bc="FFFFFFFF" ac="FFFFFFFF" sc="4,FFFFFFFF,FFFFFFFF,FFFFFFFF,FFE727FF"><vp x="30" y="2" z="92"/></o></c><c d="03_pyramid" t="1"><o r="1,0,0,0,1,0,0,0,1" bc="FFFFFFFF" ac="FFFFFFFF" sc="4,FFFFFFFF,FFFFFFFF,FFFFFFFF,FFE727FF"><vp x="32" y="2" z="92"/></o></c><c d="06_pyramid_2" t="0"><o r="1,0,0,0,1,0,0,0,1" bc="FFFFFFFF" ac="FFFFFFFF" sc="7,FFFFFFFF,FFFFFFFF,FFFFFFFF,FFFFFFFF,FFFFFFFF,FFE727FF,FFE727FF"><vp x="30" y="3" z="94"/></o></c><c d="06_pyramid_2" t="1"><o r="1,0,0,0,1,0,0,0,1" bc="FFFFFFFF" ac="FFFFFFFF" sc="7,FFFFFFFF,FFFFFFFF,FFFFFFFF,FFFFFFFF,FFFFFFFF,FFE727FF,FFE727FF"><vp x="32" y="3" z="94"/></o></c><c d="06_pyramid_2" t="4"><o r="-1,0,0,0,1,0,0,0,-1" bc="FFFFFFFF" ac="FFFFFFFF" sc="7,FFFFFFFF,FFFFFFFF,FFFFFFFF,FFFFFFFF,FFFFFFFF,FFE727FF,FFE727FF"><vp x="35" y="1" z="94"/></o></c><c d="06_pyramid_2" t="5"><o r="-1,0,0,0,1,0,0,0,-1" bc="FFFFFFFF" ac="FFFFFFFF" sc="7,FFFFFFFF,FFFFFFFF,FFFFFFFF,FFFFFFFF,FFFFFFFF,FFE727FF,FFE727FF"><vp x="27" y="1" z="94"/></o></c><c d="04_invpyramid" t="0"><o r="-1,0,0,0,0,-1,0,-1,0" bc="FFFFFFFF" ac="FFFFFFFF" sc="7,FFFFFFFF,FFFFFFFF,FFFFFFFF,FFFFFFFF,FFE727FF,FFFFFFFF,FFE727FF"><vp x="35" y="1" z="95"/></o></c><c d="04_invpyramid" t="1"><o r="-1,0,0,0,0,-1,0,-1,0" bc="FFFFFFFF" ac="FFFFFFFF" sc="7,FFFFFFFF,FFFFFFFF,FFFFFFFF,FFFFFFFF,FFE727FF,FFFFFFFF,FFE727FF"><vp x="27" y="1" z="95"/></o></c><c d="04_invpyramid" t="0"><o r="0,0,-1,1,0,0,0,-1,0" bc="FFFFFFFF" ac="FFFFFFFF" sc="7,FFFFFFFF,FFFFFFFF,FFFFFFFF,FFE727FF,FFFFFFFF,FFFFFFFF,FFE727FF"><vp x="35" y="1" z="97"/></o></c><c d="04_invpyramid" t="2"><o r="0,0,-1,1,0,0,0,-1,0" bc="FFFFFFFF" ac="FFFFFFFF" sc="7,FFFFFFFF,FFFFFFFF,FFFFFFFF,FFE727FF,FFFFFFFF,FFFFFFFF,FFE727FF"><vp x="27" y="1" z="97"/></o></c><c d="01_block" t="0"><o r="-1,0,0,0,0,-1,0,-1,0" bc="FFFFFFFF" ac="FFFFFFFF" sc="6,FFFFFFFF,FFFFFFFF,FFFFFFFF,FFFFFFFF,FFE727FF,FFFFFFFF"><vp x="35" y="1" z="96"/></o></c><c d="01_block" t="1"><o r="-1,0,0,0,0,-1,0,-1,0" bc="FFFFFFFF" ac="FFFFFFFF" sc="6,FFFFFFFF,FFFFFFFF,FFFFFFFF,FFFFFFFF,FFE727FF,FFFFFFFF"><vp x="27" y="1" z="96"/></o></c><c d="03_pyramid" t="0"><o r="0,0,1,0,1,0,-1,0,0" bc="FFFFFFFF" ac="FFFFFFFF" sc="4,FFFFFFFF,FFFFFFFF,FFFFFFFF,FFE727FF"><vp x="35" y="2" z="95"/></o></c><c d="03_pyramid" t="4"><o r="0,0,1,0,1,0,-1,0,0" bc="FFFFFFFF" ac="FFFFFFFF" sc="4,FFFFFFFF,FFFFFFFF,FFFFFFFF,FFE727FF"><vp x="27" y="2" z="95"/></o></c><c d="03_pyramid" t="0"><o r="-1,0,0,0,1,0,0,0,-1" bc="FFFFFFFF" ac="FFFFFFFF" sc="4,FFFFFFFF,FFFFFFFF,FFFFFFFF,FFE727FF"><vp x="35" y="2" z="97"/></o></c><c d="03_pyramid" t="1"><o r="-1,0,0,0,1,0,0,0,-1" bc="FFFFFFFF" ac="FFFFFFFF" sc="4,FFFFFFFF,FFFFFFFF,FFFFFFFF,FFE727FF"><vp x="27" y="2" z="97"/></o></c><c d="07_invpyramid_2" t="0"><o r="0,0,1,0,1,0,-1,0,0" bc="FFFFFFFF" ac="FFFFFFFF" sc="12,FFFFFFFF,FFFFFFFF,FFFFFFFF,FFFFFFFF,FFFFFFFF,FFE727FF,FFFFFFFF,FFFFFFFF,FFFFFFFF,FFFFFFFF,FFE727FF,FFFFFFFF"><vp x="33" y="2" z="95"/></o></c><c d="07_invpyramid_2" t="4"><o r="0,0,1,0,1,0,-1,0,0" bc="FFFFFFFF" ac="FFFFFFFF" sc="12,FFFFFFFF,FFFFFFFF,FFFFFFFF,FFFFFFFF,FFFFFFFF,FFE727FF,FFFFFFFF,FFFFFFFF,FFFFFFFF,FFFFFFFF,FFE727FF,FFFFFFFF"><vp x="29" y="2" z="95"/></o></c><c d="06_pyramid_2" t="2"><o r="0,-1,0,0,0,1,-1,0,0" bc="FFFFFFFF" ac="FFFFFFFF" sc="7,FFFFFFFF,FFFFFFFF,FFFFFFFF,FFFFFFFF,FFFFFFFF,FFE727FF,FFE727FF"><vp x="33" y="3" z="95"/></o></c><c d="06_pyramid_2" t="6"><o r="0,-1,0,0,0,1,-1,0,0" bc="FFFFFFFF" ac="FFFFFFFF" sc="7,FFFFFFFF,FFFFFFFF,FFE727FF,FFE727FF,FFFFFFFF,FFE727FF,FFE727FF"><vp x="29" y="3" z="95"/></o></c><c d="07_invpyramid_2" t="4"><o r="0,-1,0,0,0,1,-1,0,0" bc="FFFFFFFF" ac="FFFFFFFF" sc="12,FFFFFFFF,FFFFFFFF,FFFFFFFF,FFFFFFFF,FFFFFFFF,FFE727FF,FFFFFFFF,FFFFFFFF,FFFFFFFF,FFFFFFFF,FFE727FF,FFFFFFFF"><vp x="29" y="2" z="97"/></o></c><c d="07_invpyramid_2" t="0"><o r="0,-1,0,0,0,1,-1,0,0" bc="FFFFFFFF" ac="FFFFFFFF" sc="12,FFFFFFFF,FFFFFFFF,FFFFFFFF,FFFFFFFF,FFFFFFFF,FFE727FF,FFFFFFFF,FFFFFFFF,FFFFFFFF,FFFFFFFF,FFE727FF,FFFFFFFF"><vp x="33" y="2" z="97"/></o></c><c d="07_invpyramid_2" t="0"><o r="-1,0,0,0,1,0,0,0,-1" bc="FFFFFFFF" ac="FFFFFFFF" sc="12,FFFFFFFF,FFFFFFFF,FFFFFFFF,FFFFFFFF,FFFFFFFF,FFE727FF,FFFFFFFF,FFFFFFFF,FFFFFFFF,FFFFFFFF,FFE727FF,FFFFFFFF"><vp x="32" y="2" z="98"/></o></c><c d="07_invpyramid_2" t="1"><o r="-1,0,0,0,1,0,0,0,-1" bc="FFFFFFFF" ac="FFFFFFFF" sc="12,FFFFFFFF,FFFFFFFF,FFFFFFFF,FFFFFFFF,FFFFFFFF,FFE727FF,FFFFFFFF,FFFFFFFF,FFFFFFFF,FFFFFFFF,FFE727FF,FFFFFFFF"><vp x="30" y="2" z="98"/></o></c><c d="04_invpyramid" t="0"><o r="-1,0,0,0,1,0,0,0,-1" bc="FFFFFFFF" ac="FFFFFFFF" sc="7,FFFFFFFF,FFFFFFFF,FFFFFFFF,FFFFFFFF,FFFFFFFF,FFE727FF,FFE727FF"><vp x="32" y="1" z="100"/></o></c><c d="03_pyramid" t="0"><o r="-1,0,0,0,1,0,0,0,-1" bc="FFFFFFFF" ac="FFFFFFFF" sc="4,FFFFFFFF,FFFFFFFF,FFFFFFFF,FFE727FF"><vp x="32" y="2" z="100"/></o></c><c d="04_invpyramid" t="1"><o r="-1,0,0,0,1,0,0,0,-1" bc="FFFFFFFF" ac="FFFFFFFF" sc="7,FFFFFFFF,FFFFFFFF,FFFFFFFF,FFFFFFFF,FFFFFFFF,FFE727FF,FFE727FF"><vp x="30" y="1" z="100"/></o></c><c d="03_pyramid" t="1"><o r="-1,0,0,0,1,0,0,0,-1" bc="FFFFFFFF" ac="FFFFFFFF" sc="4,FFFFFFFF,FFFFFFFF,FFFFFFFF,FFE727FF"><vp x="30" y="2" z="100"/></o></c><c d="01_block" t="0"><o r="-1,0,0,0,1,0,0,0,-1" bc="FFFFFFFF" ac="FFFFFFFF" sc="6,FFFFFFFF,FFE727FF,FFFFFFFF,FFFFFFFF,FFFFFFFF,FFFFFFFF"><vp x="31" y="1" z="100"/></o></c><c d="06_pyramid_2" t="0"><o r="0,-1,0,-1,0,0,0,0,-1" bc="FFFFFFFF" ac="FFFFFFFF" sc="7,FFFFFFFF,FFFFFFFF,FFFFFFFF,FFFFFFFF,FFFFFFFF,FFE727FF,FFE727FF"><vp x="30" y="3" z="98"/></o></c><c d="06_pyramid_2" t="2"><o r="0,-1,0,-1,0,0,0,0,-1" bc="FFFFFFFF" ac="FFFFFFFF" sc="7,FFFFFFFF,FFFFFFFF,FFFFFFFF,FFFFFFFF,FFFFFFFF,FFE727FF,FFE727FF"><vp x="32" y="3" z="98"/></o></c><c d="02_wedge" t="0"><o r="0,0,1,0,1,0,-1,0,0" bc="454545FF" ac="454545FF" sc="5,454545FF,454545FF,454545FF,454545FF,FFE727FF"><vp x="35" y="2" z="96"/></o></c><c d="02_wedge" t="4"><o r="0,0,1,0,1,0,-1,0,0" bc="454545FF" ac="454545FF" sc="5,454545FF,454545FF,454545FF,454545FF,FFE727FF"><vp x="27" y="2" z="96"/></o></c><c d="05_wedge_2" t="0"><o r="1,0,0,0,1,0,0,0,1" bc="454545FF" ac="454545FF" sc="9,454545FF,454545FF,454545FF,454545FF,FFE727FF,454545FF,FFE727FF,454545FF,454545FF"><vp x="31" y="3" z="94"/></o></c><c d="05_wedge_2" t="0"><o r="-1,0,0,0,1,0,0,0,-1" bc="454545FF" ac="454545FF" sc="9,454545FF,454545FF,454545FF,454545FF,FFE727FF,454545FF,FFE727FF,454545FF,454545FF"><vp x="31" y="3" z="98"/></o></c><c d="connector_electric" t="0"><o r="-1,0,0,0,0,-1,0,-1,0" bc="FFE727FF" ac="454545FF" sc="5,454545FF,454545FF,454545FF,454545FF,454545FF" custom_name=""><vp x="31" y="1" z="92"/><logic_slots><slot value="false"/><slot value="false"/><slot value="false"/><slot value="false"/><slot value="0"/><slot value="0"/><slot><value bools="0" 01="0" 02="0" 03="0" 04="0" 05="0" 06="0" 07="0" 08="0" 09="0" 10="0" 11="0" 12="0" 13="0" 14="0" 15="0" 16="0" 17="0" 18="0" 19="0" 20="0" 21="0" 22="0" 23="0" 24="0" 25="0" 26="0" 27="0" 28="0" 29="0" 30="0" 31="0" 32="0"/></slot><slot><value bools="0" 01="0" 02="0" 03="0" 04="0" 05="0" 06="0" 07="0" 08="0" 09="0" 10="0" 11="0" 12="0" 13="0" 14="0" 15="0" 16="0" 17="0" 18="0" 19="0" 20="0" 21="0" 22="0" 23="0" 24="0" 25="0" 26="0" 27="0" 28="0" 29="0" 30="0" 31="0" 32="0"/></slot><slot><value/></slot><slot><value/></slot></logic_slots></o></c><c d="instrument_display" t="0"><o r="1,0,0,0,1,0,0,0,1" bc="FFE727FF" ac="454545FF" sc="6,454545FF,454545FF,454545FF,454545FF,454545FF,454545FF" custom_name="" input_ch_1="0" input_ch_2="1" input_ch_3="2" color_mode="0"><vp x="28" y="2" z="96"/><logic_slots><slot><value bools="0" 01="0" 02="0" 03="0" 04="0" 05="0" 06="0" 07="0" 08="0" 09="0" 10="0" 11="0" 12="0" 13="0" 14="0" 15="0" 16="0" 17="0" 18="0" 19="0" 20="0" 21="0" 22="0" 23="0" 24="0" 25="0" 26="0" 27="0" 28="0" 29="0" 30="0" 31="0" 32="0"/></slot><slot><value bools="0" 01="0" 02="0" 03="0" 04="0" 05="0" 06="0" 07="0" 08="0" 09="0" 10="0" 11="0" 12="0" 13="0" 14="0" 15="0" 16="0" 17="0" 18="0" 19="0" 20="0" 21="0" 22="0" 23="0" 24="0" 25="0" 26="0" 27="0" 28="0" 29="0" 30="0" 31="0" 32="0"/></slot><slot value="false"/></logic_slots><display_1 type="8" name="ANCOR UP" channel="0" mode="0" mode2="0" rot="0"><col r="69" g="69" b="69" a="255"/><min text="-1" value="-1"/><max text="1" value="1"/><col_extra size="0"/></display_1><display_2 type="11" name="ACTIVATE ANCOR" channel="2" mode="0" mode2="0" rot="0"><col r="69" g="69" b="69" a="255"/><min text="-1" value="-1"/><max text="1" value="1"/><col_extra size="0"/></display_2><display_3 type="8" name="ANCOR DOWN" channel="1" mode="0" mode2="0" rot="2"><col r="69" g="69" b="69" a="255"/><min text="-1" value="-1"/><max text="1" value="1"/><col_extra size="0"/></display_3><display_4 type="11" name="TOP CONNECTOR" channel="3" mode="0" mode2="0" rot="0"><col r="69" g="69" b="69" a="255"/><min text="-1" value="-1"/><max text="1" value="1"/><col_extra size="0"/></display_4></o></c><c d="01_block" t="0"><o r="-1,0,0,0,0,1,0,1,0" bc="454545FF" ac="454545FF" sc="6,454545FF,454545FF,454545FF,454545FF,454545FF,FFE727FF"><vp x="30" y="3" z="96"/></o></c><c d="01_block" t="0"><o r="-1,0,0,0,1,0,0,0,-1" bc="454545FF" ac="454545FF" sc="6,FFE727FF,FFE727FF,454545FF,454545FF,FFE727FF,FFE727FF"><vp x="31" y="14" z="96"/></o></c><c d="01_block" t="0"><o r="-1,0,0,0,1,0,0,0,-1" bc="454545FF" ac="454545FF" sc="6,FFE727FF,FFE727FF,454545FF,454545FF,FFE727FF,FFE727FF"><vp x="31" y="15" z="96"/></o></c><c d="small_light" t="0"><o r="-1,0,0,0,0,-1,0,-1,0" bc="FFE727FF" ac="FFE727FF" sc="5,FFE727FF,FFE727FF,FFE727FF,FFE727FF,FFFFFFFF" custom_name="" ir="false"><vp x="31" y="16" z="95"/><logic_slots><slot value="false"/></logic_slots></o></c><c d="small_light" t="0"><o r="0,-1,0,1,0,0,0,0,1" bc="FFE727FF" ac="FFE727FF" sc="5,FFE727FF,FFE727FF,FFE727FF,FFE727FF,FFFFFFFF" custom_name="" ir="false"><vp x="32" y="16" z="96"/><logic_slots><slot value="false"/></logic_slots></o></c><c d="small_light" t="0"><o r="0,1,0,-1,0,0,0,0,1" bc="454545FF" ac="FFE727FF" sc="5,FFE727FF,FFE727FF,FFE727FF,FFE727FF,FFFFFFFF" custom_name="" ir="false"><vp x="30" y="16" z="96"/><logic_slots><slot value="false"/></logic_slots></o></c><c d="small_light" t="0"><o r="1,0,0,0,0,1,0,-1,0" bc="FFE727FF" ac="FFE727FF" sc="5,FFE727FF,FFE727FF,FFE727FF,FFE727FF,FFFFFFFF" custom_name="" ir="false"><vp x="31" y="16" z="97"/><logic_slots><slot value="false"/></logic_slots></o></c><c d="02_wedge" t="0"><o r="0,-1,0,-1,0,0,0,0,-1" bc="FFE727FF" ac="FFE727FF" sc="5"><vp x="30" y="16" z="97"/></o></c><c d="02_wedge" t="2"><o r="0,-1,0,-1,0,0,0,0,-1" bc="FFE727FF" ac="FFE727FF" sc="5"><vp x="32" y="16" z="97"/></o></c><c d="02_wedge" t="0"><o r="0,1,0,-1,0,0,0,0,1" bc="FFE727FF" ac="FFE727FF" sc="5"><vp x="30" y="16" z="95"/></o></c><c d="02_wedge" t="2"><o r="0,1,0,-1,0,0,0,0,1" bc="FFE727FF" ac="FFE727FF" sc="5"><vp x="32" y="16" z="95"/></o></c><c d="connector_small" t="0"><o r="-1,0,0,0,1,0,0,0,-1" bc="FFE727FF" ac="454545FF" sc="5,FFE727FF,454545FF,FFE727FF,FFE727FF,454545FF" custom_name=""><vp x="31" y="2" z="92"/><logic_slots><slot value="false"/><slot value="false"/><slot value="false"/><slot value="false"/><slot value="0"/><slot value="0"/><slot><value bools="0" 01="0" 02="0" 03="0" 04="0" 05="0" 06="0" 07="0" 08="0" 09="0" 10="0" 11="0" 12="0" 13="0" 14="0" 15="0" 16="0" 17="0" 18="0" 19="0" 20="0" 21="0" 22="0" 23="0" 24="0" 25="0" 26="0" 27="0" 28="0" 29="0" 30="0" 31="0" 32="0"/></slot><slot><value bools="0" 01="0" 02="0" 03="0" 04="0" 05="0" 06="0" 07="0" 08="0" 09="0" 10="0" 11="0" 12="0" 13="0" 14="0" 15="0" 16="0" 17="0" 18="0" 19="0" 20="0" 21="0" 22="0" 23="0" 24="0" 25="0" 26="0" 27="0" 28="0" 29="0" 30="0" 31="0" 32="0"/></slot><slot><value/></slot><slot><value/></slot></logic_slots></o></c><c d="connector_small" t="0"><o r="-1,0,0,0,1,0,0,0,-1" bc="FFE727FF" ac="454545FF" sc="5,FFE727FF,FFE727FF,FFE727FF,454545FF,454545FF" custom_name=""><vp x="31" y="2" z="100"/><logic_slots><slot value="false"/><slot value="false"/><slot value="false"/><slot value="false"/><slot value="0"/><slot value="0"/><slot><value bools="0" 01="0" 02="0" 03="0" 04="0" 05="0" 06="0" 07="0" 08="0" 09="0" 10="0" 11="0" 12="0" 13="0" 14="0" 15="0" 16="0" 17="0" 18="0" 19="0" 20="0" 21="0" 22="0" 23="0" 24="0" 25="0" 26="0" 27="0" 28="0" 29="0" 30="0" 31="0" 32="0"/></slot><slot><value bools="0" 01="0" 02="0" 03="0" 04="0" 05="0" 06="0" 07="0" 08="0" 09="0" 10="0" 11="0" 12="0" 13="0" 14="0" 15="0" 16="0" 17="0" 18="0" 19="0" 20="0" 21="0" 22="0" 23="0" 24="0" 25="0" 26="0" 27="0" 28="0" 29="0" 30="0" 31="0" 32="0"/></slot><slot><value/></slot><slot><value/></slot></logic_slots></o></c><c d="06_pyramid_2" t="0"><o r="0,-1,0,0,0,1,-1,0,0" bc="FFFFFFFF" ac="FFFFFFFF" sc="7,FFFFFFFF,FFFFFFFF,FFFFFFFF,FFFFFFFF,FFFFFFFF,FFE727FF,FFE727FF"><vp x="33" y="3" z="97"/></o></c><c d="06_pyramid_2" t="4"><o r="0,-1,0,0,0,1,-1,0,0" bc="FFFFFFFF" ac="FFFFFFFF" sc="7,FFFFFFFF,FFFFFFFF,FFE727FF,FFE727FF,FFFFFFFF,FFE727FF,FFE727FF"><vp x="29" y="3" z="97"/></o></c><c d="button_keypad_small" t="0"><o r="1,0,0,0,1,0,0,0,1" bc="FFE727FF" ac="454545FF" sc="5,454545FF,454545FF,454545FF,454545FF,454545FF" custom_name="INPUT ID" hold_duration="1" default_state="false" sensitivity="1" val_1_name="" val_2_name=""><vp x="29" y="2" z="96"/><logic_slots><slot value="false"/><slot value="false"/><slot value="false"/><slot value="0"/><slot value="0"/></logic_slots><min_lever_value text="0" value="0"/><max_lever_value text="1" value="1"/><starting_lever_value text="0" value="0"/></o></c><c d="transponder_locator" t="0"><o r="-1,0,0,0,1,0,0,0,-1" bc="454545FF" ac="454545FF" sc="5" custom_name="" sensitivity="0.2" timer_scalar_1="0.183" timer_scalar_2="0.183" lss_mode="0" func_type="0" property_text=""><vp x="33" y="-4" z="97"/><logic_slots><slot value="false"/><slot value="false"/><slot value="0"/><slot value="0"/><slot value="0"/><slot value="false"/><slot value="false"/><slot value="0"/><slot value="0"/><slot value="0"/><slot value="0"/><slot><value bools="0" 01="0" 02="0" 03="0" 04="0" 05="0" 06="0" 07="0" 08="0" 09="0" 10="0" 11="0" 12="0" 13="0" 14="0" 15="0" 16="0" 17="0" 18="0" 19="0" 20="0" 21="0" 22="0" 23="0" 24="0" 25="0" 26="0" 27="0" 28="0" 29="0" 30="0" 31="0" 32="0"/></slot><slot><value/></slot><slot><value/></slot></logic_slots><property_output_float_val text="0" value="0"/><min_threshold text="0" value="0"/><max_threshold text="0" value="0"/><pid_controller_ki text="1" value="1"/><pid_controller_kp text="1" value="1"/><pid_controller_kd text="1" value="1"/><exp text="2" value="2"/><min_lever_value text="-1" value="-1"/><max_lever_value text="1" value="1"/><starting_lever_value text="0" value="0"/></o></c><c d="microprocessor" t="0"><o r="-1,0,0,0,1,0,0,0,-1" bc="454545FF" ac="454545FF" sc="22" custom_name=""><microprocessor_definition name="Buoy" description="No description set." hide_in_inventory="false" width="2" length="3" id_counter="30" id_counter_node="6" transform_index="0" sym0="0" sym1="0" sym2="0" sym3="0" sym4="28" sym5="34" sym6="62" sym7="20" sym8="20" sym9="72" sym10="5384" sym11="5256" sym12="4616" sym13="2460" sym14="1032" sym15="896"><nodes><n id="1" component_id="2" built_slot_index="0"><node label="NumPad" mode="1" type="1" description="The input signal to be processed." flags="0"><position x="0" y="0" z="0"/></node></n><n id="2" component_id="3" built_slot_index="0"><node label="Emergency Reciever" mode="1" type="0" description="The input signal to be processed." flags="0"><position x="1" y="0" z="2"/></node></n><n id="3" component_id="6" built_slot_index="0"><node label="Comp Out" mode="0" type="5" description="The input signal to be processed." flags="0"><position x="1" y="0" z="1"/></node></n><n id="4" component_id="8" built_slot_index="0"><node label="Comp In" mode="1" type="5" description="The input signal to be processed." flags="0"><position x="1" y="0" z="0"/></node></n><n id="5" component_id="18" built_slot_index="0"><node label="GPS X" mode="1" type="1" description="The input signal to be processed." flags="0"><position x="0" y="0" z="2"/></node></n><n id="6" component_id="20" built_slot_index="0"><node label="GPS Y" mode="1" type="1" description="The input signal to be processed." flags="0"><position x="0" y="0" z="1"/></node></n></nodes><group id="0"><pos x="0" y="0"/><data type="0" name="" desc=""><inputs/><outputs/></data><components><c type="10"><object id="21" e="x+y+z"><pos x="-2.25" y="0.5"/><in1 component_id="28" node_index="0"/><in2 component_id="27" node_index="0"/><in3 component_id="26" node_index="0"/><out1/></object></c><c type="12"><object id="22"><pos x="-4" y="-0.5"/><in1 component_id="18" node_index="0"/><out1/><min text="-500000" value="-500000"/><max text="499999" value="499999"/></object></c><c type="12"><object id="23"><pos x="-4" y="-1"/><in1 component_id="20" node_index="0"/><out1/><min text="-500000" value="-500000"/><max text="499999" value="499999"/></object></c><c type="5"><object id="24"><pos x="-2.5" y="-1"/><in1 component_id="22" node_index="0"/><in2 component_id="23" node_index="0"/><out1/></object></c><c type="40"><object id="25" count="1" offset="-1"><pos x="0.75" y="1"/><inc component_id="8" node_index="0"/><in1 component_id="29" node_index="0"/><inoff component_id="2" node_index="0"/><out1/></object></c><c type="45"><object id="26" e="z+500000"><pos x="-3.75" y="0.5"/><in1 component_id="20" node_index="0"/><out1/></object></c><c type="45"><object id="27" e="(y+500000)*1000000"><pos x="-3.75" y="1"/><in1 component_id="18" node_index="0"/><out1/></object></c><c type="45"><object id="28" e="x*1000000000000"><pos x="-3.75" y="1.5"/><in1 component_id="2" node_index="0"/><out1/></object></c><c type="22"><object id="29"><pos x="-0.75" y="0.5"/><in1 component_id="28" node_index="0"/><in2 component_id="21" node_index="0"/><in3 component_id="24" node_index="0"/><out1/></object></c><c type="41"><object id="30" count="1" offset="-1"><pos x="2.25" y="1"/><inc component_id="25" node_index="0"/><in1 component_id="3" node_index="0"/><inoff component_id="2" node_index="0"/><out1/></object></c></components><components_bridge><c type="2"><object id="2"><pos x="-5.25" y="1.5"/><in1 component_id="0" node_index="0"/><out1/></object></c><c type="0"><object id="3"><pos x="0.75" y="2"/><in1 component_id="0" node_index="0"/><out1/></object></c><c type="5"><object id="6"><pos x="3.75" y="1.5"/><in1 component_id="30" node_index="0"/><out1/></object></c><c type="4"><object id="8"><pos x="-0.75" y="1.5"/><in1 component_id="0" node_index="0"/><out1/></object></c><c type="2"><object id="18"><pos x="-5.25" y="1"/><in1 component_id="0" node_index="0"/><out1/></object></c><c type="2"><object id="20"><pos x="-5.25" y="0.5"/><in1 component_id="0" node_index="0"/><out1/></object></c></components_bridge><groups/></group></microprocessor_definition><vp x="32" y="-3" z="97"/><logic_slots><slot value="false"/><slot value="0"/><slot value="0"/><slot value="0"/><slot><value bools="0" 01="0" 02="0" 03="0" 04="0" 05="0" 06="0" 07="0" 08="0" 09="0" 10="0" 11="0" 12="0" 13="0" 14="0" 15="0" 16="0" 17="0" 18="0" 19="0" 20="0" 21="0" 22="0" 23="0" 24="0" 25="0" 26="0" 27="0" 28="0" 29="0" 30="0" 31="0" 32="0"/></slot><slot><value bools="0" 01="0" 02="0" 03="0" 04="0" 05="0" 06="0" 07="0" 08="0" 09="0" 10="0" 11="0" 12="0" 13="0" 14="0" 15="0" 16="0" 17="0" 18="0" 19="0" 20="0" 21="0" 22="0" 23="0" 24="0" 25="0" 26="0" 27="0" 28="0" 29="0" 30="0" 31="0" 32="0"/></slot></logic_slots></o></c><c d="microprocessor" t="0"><o r="-1,0,0,0,1,0,0,0,-1" bc="FFFFFFFF" ac="FFFFFFFF" sc="30" custom_name=""><microprocessor_definition name="Instrument Panel" description="No description set." hide_in_inventory="false" width="3" length="3" id_counter="35" id_counter_node="10" transform_index="0" sym0="28" sym1="42" sym2="8" sym3="28" sym4="8" sym5="0" sym6="0" sym7="28" sym8="34" sym9="34" sym10="20" sym11="468" sym12="200" sym13="328" sym14="540" sym15="1032"><nodes><n id="1" component_id="2" built_slot_index="0"><node label="Winch Up" mode="0" type="0" description="The input signal to be processed." flags="0"><position x="0" y="0" z="0"/></node></n><n id="2" component_id="4" built_slot_index="0"><node label="Winch Down" mode="0" type="0" description="The input signal to be processed." flags="0"><position x="1" y="0" z="0"/></node></n><n id="3" component_id="6" built_slot_index="0"><node label="Anchor On" mode="0" type="0" description="The input signal to be processed." flags="0"><position x="0" y="0" z="1"/></node></n><n id="4" component_id="8" built_slot_index="0"><node label="Connector On" mode="0" type="0" description="The input signal to be processed." flags="0"><position x="1" y="0" z="1"/></node></n><n id="5" component_id="11" built_slot_index="0"><node label="Input Instrument Panel" mode="1" type="5" description="The input signal to be processed." flags="0"><position x="0" y="0" z="2"/></node></n><n id="7" component_id="15" built_slot_index="0"><node label="Input ID Pad" mode="1" type="1" description="The input signal to be processed." flags="0"><position x="1" y="0" z="2"/></node></n><n id="8" component_id="22" built_slot_index="0"><node label="ID" mode="0" type="1" description="The input signal to be processed." flags="0"><position x="2" y="0" z="0"/></node></n><n id="9" component_id="32" built_slot_index="0"><node label="Input" mode="1" type="5" description="The input signal to be processed." flags="0"><position x="2" y="0" z="1"/></node></n></nodes><group id="0"><pos x="0" y="0"/><data type="0" name="" desc=""><inputs/><outputs/></data><components><c type="29"><object id="16" i="3"><pos x="0.25" y="-1.5"/><in1 component_id="34" node_index="0"/><out1/></object></c><c type="29"><object id="17" i="2"><pos x="0.25" y="-1"/><in1 component_id="34" node_index="0"/><out1/></object></c><c type="29"><object id="18" i="1"><pos x="0.25" y="-0.5"/><in1 component_id="34" node_index="0"/><out1/></object></c><c type="29"><object id="19" i="0"><pos x="0.25" y="0"/><in1 component_id="34" node_index="0"/><out1/></object></c><c type="31"><object id="24" i="0"><pos x="0.25" y="1"/><in1 component_id="34" node_index="0"/><out1/></object></c><c type="22"><object id="27"><pos x="1.5" y="0.5"/><in1 component_id="24" node_index="0"/><in2 component_id="15" node_index="0"/><in3 component_id="35" node_index="0"/><out1/></object></c><c type="53"><object id="34"><pos x="-1" y="-1"/><in1 component_id="32" node_index="0"/><in2 component_id="11" node_index="0"/><in3 component_id="35" node_index="0"/><out1/></object></c><c type="29"><object id="35" i="0"><pos x="-1" y="0"/><in1 component_id="32" node_index="0"/><out1/></object></c></components><components_bridge><c type="1"><object id="2"><pos x="1.5" y="0"/><in1 component_id="19" node_index="0"/><out1/></object></c><c type="1"><object id="4"><pos x="1.5" y="-0.5"/><in1 component_id="18" node_index="0"/><out1/></object></c><c type="1"><object id="6"><pos x="1.5" y="-1"/><in1 component_id="17" node_index="0"/><out1/></object></c><c type="1"><object id="8"><pos x="1.5" y="-1.5"/><in1 component_id="16" node_index="0"/><out1/></object></c><c type="4"><object id="11"><pos x="-2.25" y="-1"/><in1 component_id="0" node_index="0"/><out1/></object></c><c type="2"><object id="15"><pos x="0.25" y="0.5"/><in1 component_id="0" node_index="0"/><out1/></object></c><c type="3"><object id="22"><pos x="2.75" y="1"/><in1 component_id="27" node_index="0"/><out1/></object></c><c type="4"><object id="32"><pos x="-2.25" y="-0.5"/><in1 component_id="0" node_index="0"/><out1/></object></c></components_bridge><groups/></group></microprocessor_definition><vp x="30" y="-3" z="97"/><logic_slots><slot value="false"/><slot value="false"/><slot value="false"/><slot value="false"/><slot value="0"/><slot value="0"/><slot><value bools="0" 01="0" 02="0" 03="0" 04="0" 05="0" 06="0" 07="0" 08="0" 09="0" 10="0" 11="0" 12="0" 13="0" 14="0" 15="0" 16="0" 17="0" 18="0" 19="0" 20="0" 21="0" 22="0" 23="0" 24="0" 25="0" 26="0" 27="0" 28="0" 29="0" 30="0" 31="0" 32="0"/></slot><slot><value bools="0" 01="0" 02="0" 03="0" 04="0" 05="0" 06="0" 07="0" 08="0" 09="0" 10="0" 11="0" 12="0" 13="0" 14="0" 15="0" 16="0" 17="0" 18="0" 19="0" 20="0" 21="0" 22="0" 23="0" 24="0" 25="0" 26="0" 27="0" 28="0" 29="0" 30="0" 31="0" 32="0"/></slot></logic_slots></o></c><c d="05_wedge_2" t="0"><o r="0,0,1,0,1,0,-1,0,0" bc="454545FF" ac="454545FF" sc="9,454545FF,454545FF,454545FF,454545FF,FFE727FF,454545FF,FFE727FF,454545FF,454545FF"><vp x="33" y="3" z="96"/></o></c><c d="01_block" t="0"><o r="-1,0,0,0,0,1,0,1,0" bc="454545FF" ac="454545FF" sc="6,454545FF,454545FF,FFE727FF,FFE727FF,FFE727FF,454545FF"><vp x="32" y="4" z="96"/></o></c><c d="01_block" t="0"><o r="-1,0,0,0,0,1,0,1,0" bc="454545FF" ac="454545FF" sc="6,454545FF,454545FF,FFE727FF,FFE727FF,FFE727FF,454545FF"><vp x="32" y="5" z="96"/></o></c><c d="01_block" t="0"><o r="-1,0,0,0,0,1,0,1,0" bc="454545FF" ac="454545FF" sc="6,454545FF,454545FF,FFE727FF,FFE727FF,454545FF,454545FF"><vp x="32" y="6" z="96"/></o></c><c d="05_wedge_2" t="0"><o r="0,0,-1,0,-1,0,-1,0,0" bc="454545FF" ac="454545FF" sc="9,FFE727FF,FFE727FF,454545FF,454545FF,FFE727FF,FFE727FF,FFE727FF,FFE727FF,454545FF"><vp x="33" y="6" z="96"/></o></c><c d="rx_huge_v2" t="0"><o r="-1,0,0,0,1,0,0,0,-1" bc="FFE727FF" ac="FFE727FF" sc="5,454545FF,FFE727FF,454545FF,FFE727FF,454545FF" custom_name=""><vp x="33" y="7" z="96"/><logic_slots><slot><value bools="0" 01="0" 02="0" 03="0" 04="0" 05="0" 06="0" 07="0" 08="0" 09="0" 10="0" 11="0" 12="0" 13="0" 14="0" 15="0" 16="0" 17="0" 18="0" 19="0" 20="0" 21="0" 22="0" 23="0" 24="0" 25="0" 26="0" 27="0" 28="0" 29="0" 30="0" 31="0" 32="0"/></slot><slot><value bools="0" 01="0" 02="0" 03="0" 04="0" 05="0" 06="0" 07="0" 08="0" 09="0" 10="0" 11="0" 12="0" 13="0" 14="0" 15="0" 16="0" 17="0" 18="0" 19="0" 20="0" 21="0" 22="0" 23="0" 24="0" 25="0" 26="0" 27="0" 28="0" 29="0" 30="0" 31="0" 32="0"/></slot><slot><value/></slot><slot><value/></slot><slot><value/></slot><slot><value/></slot><slot value="0"/><slot value="0"/><slot value="0"/><slot value="false"/></logic_slots></o></c><c d="rx_huge_v2" t="0"><o r="-1,0,0,0,1,0,0,0,-1" bc="FFE727FF" ac="FFE727FF" sc="5,FFE727FF,FFE727FF,454545FF,FFE727FF,454545FF" custom_name=""><vp x="34" y="7" z="96"/><logic_slots><slot><value bools="0" 01="0" 02="0" 03="0" 04="0" 05="0" 06="0" 07="0" 08="0" 09="0" 10="0" 11="0" 12="0" 13="0" 14="0" 15="0" 16="0" 17="0" 18="0" 19="0" 20="0" 21="0" 22="0" 23="0" 24="0" 25="0" 26="0" 27="0" 28="0" 29="0" 30="0" 31="0" 32="0"/></slot><slot><value bools="0" 01="0" 02="0" 03="0" 04="0" 05="0" 06="0" 07="0" 08="0" 09="0" 10="0" 11="0" 12="0" 13="0" 14="0" 15="0" 16="0" 17="0" 18="0" 19="0" 20="0" 21="0" 22="0" 23="0" 24="0" 25="0" 26="0" 27="0" 28="0" 29="0" 30="0" 31="0" 32="0"/></slot><slot><value/></slot><slot><value/></slot><slot><value/></slot><slot><value/></slot><slot value="0"/><slot value="0"/><slot value="0"/><slot value="false"/></logic_slots></o></c><c d="02_wedge" t="0"><o r="0,0,-1,0,1,0,1,0,0" bc="454545FF" ac="454545FF" sc="5,FFE727FF,FFE727FF,454545FF,454545FF,FFE727FF"><vp x="32" y="7" z="96"/></o></c><c d="01_block_weight" t="0"><o r="1,0,0,0,-1,0,0,0,-1" bc="454545FF" ac="454545FF" sc="6"><vp x="30" y="-9" z="96"/></o></c><c d="button_key" t="0"><o r="0,-1,0,-1,0,0,0,0,-1" bc="FFE727FF" ac="FFFFFFFF" sc="5,FFE727FF,FFFFFFFF,FFE727FF,FFFFFFFF,FFFFFFFF" custom_name="ACTIVATE" hold_duration="1" default_state="true" sensitivity="1" val_1_name="" val_2_name=""><vp x="30" y="4" z="96"/><logic_slots><slot value="false"/><slot value="false"/><slot value="false"/><slot value="0"/><slot value="0"/></logic_slots><min_lever_value text="0" value="0"/><max_lever_value text="1" value="1"/><starting_lever_value text="0" value="0"/></o></c><c d="clock" t="0"><o r="-1,0,0,0,1,0,0,0,-1" bc="454545FF" ac="454545FF" sc="5" custom_name="" sensitivity="0.2" timer_scalar_1="0.183" timer_scalar_2="0.183" lss_mode="0" func_type="0" property_text=""><vp x="30" y="-4" z="93"/><logic_slots><slot value="false"/><slot value="false"/><slot value="0"/><slot value="0"/><slot value="0"/><slot value="false"/><slot value="false"/><slot value="0"/><slot value="0"/><slot value="0"/><slot value="0"/><slot><value bools="0" 01="0" 02="0" 03="0" 04="0" 05="0" 06="0" 07="0" 08="0" 09="0" 10="0" 11="0" 12="0" 13="0" 14="0" 15="0" 16="0" 17="0" 18="0" 19="0" 20="0" 21="0" 22="0" 23="0" 24="0" 25="0" 26="0" 27="0" 28="0" 29="0" 30="0" 31="0" 32="0"/></slot><slot><value/></slot><slot><value/></slot></logic_slots><property_output_float_val text="0" value="0"/><min_threshold text="0" value="0"/><max_threshold text="0" value="0"/><pid_controller_ki text="1" value="1"/><pid_controller_kp text="1" value="1"/><pid_controller_kd text="1" value="1"/><exp text="2" value="2"/><min_lever_value text="-1" value="-1"/><max_lever_value text="1" value="1"/><starting_lever_value text="0" value="0"/></o></c><c d="01_block" t="0"><o r="-1,0,0,0,0,-1,0,-1,0" bc="454545FF" ac="454545FF" sc="6,454545FF,454545FF,FFE727FF,FFE727FF,454545FF,FFE727FF"><vp x="30" y="6" z="96"/></o></c><c d="02_wedge" t="0"><o r="0,0,1,0,1,0,-1,0,0" bc="454545FF" ac="454545FF" sc="5,FFE727FF,FFE727FF,454545FF,454545FF,FFE727FF"><vp x="30" y="7" z="96"/></o></c><c d="solar" t="0"><o r="-1,0,0,0,1,0,0,0,-1" bc="FFE727FF" ac="454545FF" sc="5,454545FF,454545FF,454545FF,454545FF,FFE727FF" custom_name="" default_state="false"><vp x="29" y="7" z="96"/><logic_slots><slot value="0"/><slot value="false"/><slot value="0"/></logic_slots></o></c><c d="solar" t="0"><o r="-1,0,0,0,1,0,0,0,-1" bc="FFE727FF" ac="454545FF" sc="5,454545FF,454545FF,454545FF,454545FF,FFE727FF" custom_name="" default_state="false"><vp x="28" y="7" z="96"/><logic_slots><slot value="0"/><slot value="false"/><slot value="0"/></logic_slots></o></c><c d="dial" t="0"><o r="0,0,1,-1,0,0,0,-1,0" bc="FFE727FF" ac="454545FF" sc="5,454545FF,FFE727FF,454545FF,454545FF,FFE727FF" custom_name="" decimal_point_pos="3" audio="audio/fx3/stormworks_warningalarm.ogg" volume="1" pitch="1" is_infrared="false"><vp x="30" y="5" z="96"/><logic_slots><slot value="0"/><slot value="0"/><slot value="false"/></logic_slots><min_value text="-1.0" value="-1"/><max_value text="1.0" value="1"/></o></c><c d="battery_small" t="0"><o r="-1,0,0,0,-1,0,0,0,1" bc="454545FF" ac="454545FF" sc="2" custom_name="" default_state="false"><vp x="31" y="-9" z="96"/><logic_slots><slot value="0"/><slot value="false"/><slot value="0"/></logic_slots></o></c><c d="solar" t="0"><o r="-1,0,0,0,1,0,0,0,-1" bc="FFE727FF" ac="454545FF" sc="5,454545FF,FFE727FF,FFE727FF,454545FF,FFE727FF" custom_name="" default_state="false"><vp x="29" y="7" z="95"/><logic_slots><slot value="0"/><slot value="false"/><slot value="0"/></logic_slots></o></c><c d="solar" t="0"><o r="-1,0,0,0,1,0,0,0,-1" bc="FFE727FF" ac="454545FF" sc="5,454545FF,454545FF,FFE727FF,454545FF,FFE727FF" custom_name="" default_state="false"><vp x="28" y="7" z="95"/><logic_slots><slot value="0"/><slot value="false"/><slot value="0"/></logic_slots></o></c><c d="solar" t="0"><o r="1,0,0,0,1,0,0,0,1" bc="FFE727FF" ac="454545FF" sc="5,454545FF,454545FF,FFE727FF,FFE727FF,FFE727FF" custom_name="" default_state="false"><vp x="29" y="7" z="97"/><logic_slots><slot value="0"/><slot value="false"/><slot value="0"/></logic_slots></o></c><c d="solar" t="0"><o r="1,0,0,0,1,0,0,0,1" bc="454545FF" ac="454545FF" sc="5,454545FF,454545FF,FFE727FF,454545FF,FFE727FF" custom_name="" default_state="false"><vp x="28" y="7" z="97"/><logic_slots><slot value="0"/><slot value="false"/><slot value="0"/></logic_slots></o></c><c d="solar" t="0"><o r="-1,0,0,0,1,0,0,0,-1" bc="FFE727FF" ac="454545FF" sc="5,FFE727FF,454545FF,454545FF,FFE727FF,FFE727FF" custom_name="" default_state="false"><vp x="27" y="7" z="97"/><logic_slots><slot value="0"/><slot value="false"/><slot value="0"/></logic_slots></o></c><c d="solar" t="0"><o r="-1,0,0,0,1,0,0,0,-1" bc="FFE727FF" ac="454545FF" sc="5,454545FF,454545FF,454545FF,FFE727FF,FFE727FF" custom_name="" default_state="false"><vp x="27" y="7" z="96"/><logic_slots><slot value="0"/><slot value="false"/><slot value="0"/></logic_slots></o></c><c d="solar" t="0"><o r="-1,0,0,0,1,0,0,0,-1" bc="454545FF" ac="FFE727FF" sc="5,454545FF,454545FF,FFE727FF,FFE727FF,FFE727FF" custom_name="" default_state="false"><vp x="27" y="7" z="95"/><logic_slots><slot value="0"/><slot value="false"/><slot value="0"/></logic_slots></o></c><c d="01_block" t="0"><o r="1,0,0,0,-1,0,0,0,-1" bc="FFFFFFFF" ac="FFFFFFFF" sc="6,FFFFFFFF,FFFFFFFF,FFFFFFFF,FFFFFFFF,FFE727FF,FFE727FF"><vp x="31" y="7" z="96"/></o></c><c d="05_wedge_2" t="0"><o r="0,0,1,0,-1,0,1,0,0" bc="FFFFFFFF" ac="FFFFFFFF" sc="9,FFFFFFFF,FFFFFFFF,454545FF,FFFFFFFF,454545FF,FFFFFFFF,454545FF,FFFFFFFF,FFFFFFFF"><vp x="29" y="-6" z="95"/></o></c><c d="05_wedge_2" t="4"><o r="0,0,1,0,-1,0,1,0,0" bc="FFFFFFFF" ac="FFFFFFFF" sc="9,FFFFFFFF,FFFFFFFF,454545FF,FFFFFFFF,454545FF,FFFFFFFF,454545FF,FFFFFFFF,FFFFFFFF"><vp x="33" y="-6" z="95"/></o></c><c d="05_wedge_2" t="0"><o r="-1,0,0,0,-1,0,0,0,1" bc="FFFFFFFF" ac="FFFFFFFF" sc="9,FFFFFFFF,FFFFFFFF,454545FF,FFFFFFFF,454545FF,FFFFFFFF,454545FF,FFFFFFFF,FFFFFFFF"><vp x="30" y="-6" z="94"/></o></c><c d="05_wedge_2" t="1"><o r="-1,0,0,0,-1,0,0,0,1" bc="FFFFFFFF" ac="FFFFFFFF" sc="9,FFFFFFFF,FFFFFFFF,454545FF,FFFFFFFF,454545FF,FFFFFFFF,454545FF,FFFFFFFF,FFFFFFFF"><vp x="32" y="-6" z="94"/></o></c><c d="05_wedge_2" t="0"><o r="0,0,1,0,-1,0,1,0,0" bc="FFFFFFFF" ac="FFFFFFFF" sc="9,FFFFFFFF,FFFFFFFF,454545FF,FFFFFFFF,454545FF,FFFFFFFF,454545FF,FFFFFFFF,FFFFFFFF"><vp x="29" y="-6" z="97"/></o></c><c d="05_wedge_2" t="4"><o r="0,0,1,0,-1,0,1,0,0" bc="FFFFFFFF" ac="FFFFFFFF" sc="9,FFFFFFFF,FFFFFFFF,454545FF,FFFFFFFF,454545FF,FFFFFFFF,454545FF,FFFFFFFF,FFFFFFFF"><vp x="33" y="-6" z="97"/></o></c><c d="02_wedge" t="0"><o r="0,0,1,0,-1,0,1,0,0" bc="FFFFFFFF" ac="FFFFFFFF" sc="5,FFFFFFFF,FFFFFFFF,FFFFFFFF,FFFFFFFF,454545FF"><vp x="27" y="-5" z="97"/></o></c><c d="02_wedge" t="0"><o r="0,0,1,0,-1,0,1,0,0" bc="FFFFFFFF" ac="FFFFFFFF" sc="5,FFFFFFFF,FFFFFFFF,FFFFFFFF,FFFFFFFF,454545FF"><vp x="27" y="-5" z="96"/></o></c><c d="02_wedge" t="0"><o r="0,0,1,0,-1,0,1,0,0" bc="FFFFFFFF" ac="FFFFFFFF" sc="5,FFFFFFFF,FFFFFFFF,FFFFFFFF,FFFFFFFF,454545FF"><vp x="27" y="-5" z="95"/></o></c><c d="02_wedge" t="4"><o r="0,0,1,0,-1,0,1,0,0" bc="FFFFFFFF" ac="FFFFFFFF" sc="5,FFFFFFFF,FFFFFFFF,FFFFFFFF,FFFFFFFF,454545FF"><vp x="35" y="-5" z="97"/></o></c><c d="02_wedge" t="4"><o r="0,0,1,0,-1,0,1,0,0" bc="FFFFFFFF" ac="FFFFFFFF" sc="5,FFFFFFFF,FFFFFFFF,FFFFFFFF,FFFFFFFF,454545FF"><vp x="35" y="-5" z="96"/></o></c><c d="02_wedge" t="4"><o r="0,0,1,0,-1,0,1,0,0" bc="FFFFFFFF" ac="FFFFFFFF" sc="5,FFFFFFFF,FFFFFFFF,FFFFFFFF,FFFFFFFF,454545FF"><vp x="35" y="-5" z="95"/></o></c><c d="05_wedge_2" t="0"><o r="1,0,0,0,-1,0,0,0,-1" bc="FFFFFFFF" ac="FFFFFFFF" sc="9,FFFFFFFF,FFFFFFFF,454545FF,FFFFFFFF,454545FF,FFFFFFFF,454545FF,FFFFFFFF,FFFFFFFF"><vp x="30" y="-6" z="98"/></o></c><c d="05_wedge_2" t="0"><o r="1,0,0,0,-1,0,0,0,-1" bc="FFFFFFFF" ac="FFFFFFFF" sc="9,FFFFFFFF,FFFFFFFF,454545FF,FFFFFFFF,454545FF,FFFFFFFF,454545FF,FFFFFFFF,FFFFFFFF"><vp x="32" y="-6" z="98"/></o></c><c d="02_wedge" t="0"><o r="1,0,0,0,-1,0,0,0,-1" bc="FFFFFFFF" ac="FFFFFFFF" sc="5,FFFFFFFF,FFFFFFFF,FFFFFFFF,FFFFFFFF,454545FF"><vp x="30" y="-5" z="100"/></o></c><c d="02_wedge" t="0"><o r="1,0,0,0,-1,0,0,0,-1" bc="FFFFFFFF" ac="FFFFFFFF" sc="5,FFFFFFFF,FFFFFFFF,FFFFFFFF,FFFFFFFF,454545FF"><vp x="31" y="-5" z="100"/></o></c><c d="02_wedge" t="0"><o r="1,0,0,0,-1,0,0,0,-1" bc="FFFFFFFF" ac="FFFFFFFF" sc="5,FFFFFFFF,FFFFFFFF,FFFFFFFF,FFFFFFFF,454545FF"><vp x="32" y="-5" z="100"/></o></c><c d="02_wedge" t="0"><o r="-1,0,0,0,-1,0,0,0,1" bc="FFFFFFFF" ac="FFFFFFFF" sc="5,FFFFFFFF,FFFFFFFF,FFFFFFFF,FFFFFFFF,454545FF"><vp x="30" y="-5" z="92"/></o></c><c d="02_wedge" t="0"><o r="-1,0,0,0,-1,0,0,0,1" bc="FFFFFFFF" ac="FFFFFFFF" sc="5,FFFFFFFF,FFFFFFFF,FFFFFFFF,FFFFFFFF,454545FF"><vp x="31" y="-5" z="92"/></o></c><c d="02_wedge" t="1"><o r="-1,0,0,0,-1,0,0,0,1" bc="FFFFFFFF" ac="FFFFFFFF" sc="5,FFFFFFFF,FFFFFFFF,FFFFFFFF,FFFFFFFF,454545FF"><vp x="32" y="-5" z="92"/></o></c><c d="06_pyramid_2" t="0"><o r="-1,0,0,0,-1,0,0,0,1" bc="FFFFFFFF" ac="FFFFFFFF" sc="7,FFFFFFFF,FFFFFFFF,FFFFFFFF,FFFFFFFF,FFFFFFFF,454545FF,454545FF"><vp x="35" y="-5" z="94"/></o></c><c d="06_pyramid_2" t="1"><o r="-1,0,0,0,-1,0,0,0,1" bc="FFFFFFFF" ac="FFFFFFFF" sc="7,FFFFFFFF,FFFFFFFF,FFFFFFFF,FFFFFFFF,FFFFFFFF,454545FF,454545FF"><vp x="27" y="-5" z="94"/></o></c><c d="06_pyramid_2" t="0"><o r="0,1,0,0,0,-1,-1,0,0" bc="FFFFFFFF" ac="FFFFFFFF" sc="7,FFFFFFFF,FFFFFFFF,FFFFFFFF,FFFFFFFF,FFFFFFFF,454545FF,454545FF"><vp x="33" y="-5" z="92"/></o></c><c d="06_pyramid_2" t="4"><o r="0,1,0,0,0,-1,-1,0,0" bc="FFFFFFFF" ac="FFFFFFFF" sc="7,FFFFFFFF,FFFFFFFF,FFFFFFFF,FFFFFFFF,FFFFFFFF,454545FF,454545FF"><vp x="29" y="-5" z="92"/></o></c><c d="14_invpyramid_2x2" t="0"><o r="-1,0,0,0,-1,0,0,0,1" bc="FFFFFFFF" ac="FFFFFFFF" sc="18,FFFFFFFF,FFFFFFFF,FFFFFFFF,FFFFFFFF,FFFFFFFF,FFFFFFFF,FFFFFFFF,FFFFFFFF,454545FF,FFFFFFFF,454545FF,FFFFFFFF,454545FF,FFFFFFFF,FFFFFFFF,FFFFFFFF,FFFFFFFF,FFFFFFFF"><vp x="33" y="-5" z="94"/></o></c><c d="14_invpyramid_2x2" t="1"><o r="-1,0,0,0,-1,0,0,0,1" bc="FFFFFFFF" ac="FFFFFFFF" sc="18,FFFFFFFF,FFFFFFFF,FFFFFFFF,FFFFFFFF,FFFFFFFF,FFFFFFFF,FFFFFFFF,FFFFFFFF,454545FF,FFFFFFFF,454545FF,FFFFFFFF,454545FF,FFFFFFFF,FFFFFFFF,FFFFFFFF,FFFFFFFF,FFFFFFFF"><vp x="29" y="-5" z="94"/></o></c><c d="11_pyramid_2x2" t="0"><o r="-1,0,0,0,-1,0,0,0,1" bc="FFFFFFFF" ac="FFFFFFFF" sc="10,FFFFFFFF,FFFFFFFF,FFFFFFFF,FFFFFFFF,FFFFFFFF,FFFFFFFF,FFFFFFFF,454545FF,454545FF,454545FF"><vp x="33" y="-6" z="94"/></o></c><c d="11_pyramid_2x2" t="1"><o r="-1,0,0,0,-1,0,0,0,1" bc="FFFFFFFF" ac="FFFFFFFF" sc="10,FFFFFFFF,FFFFFFFF,FFFFFFFF,FFFFFFFF,FFFFFFFF,FFFFFFFF,FFFFFFFF,454545FF,454545FF,454545FF"><vp x="29" y="-6" z="94"/></o></c><c d="11_pyramid_2x2" t="0"><o r="0,0,-1,0,-1,0,-1,0,0" bc="FFFFFFFF" ac="FFFFFFFF" sc="10,FFFFFFFF,FFFFFFFF,FFFFFFFF,FFFFFFFF,FFFFFFFF,FFFFFFFF,FFFFFFFF,454545FF,454545FF,454545FF"><vp x="33" y="-6" z="98"/></o></c><c d="14_invpyramid_2x2" t="0"><o r="0,0,-1,0,-1,0,-1,0,0" bc="FFFFFFFF" ac="FFFFFFFF" sc="18,FFFFFFFF,FFFFFFFF,FFFFFFFF,FFFFFFFF,FFFFFFFF,FFFFFFFF,FFFFFFFF,FFFFFFFF,454545FF,FFFFFFFF,454545FF,FFFFFFFF,454545FF,FFFFFFFF,FFFFFFFF,FFFFFFFF,FFFFFFFF,FFFFFFFF"><vp x="33" y="-5" z="98"/></o></c><c d="11_pyramid_2x2" t="4"><o r="0,0,-1,0,-1,0,-1,0,0" bc="FFFFFFFF" ac="FFFFFFFF" sc="10,FFFFFFFF,FFFFFFFF,FFFFFFFF,FFFFFFFF,FFFFFFFF,FFFFFFFF,FFFFFFFF,454545FF,454545FF,454545FF"><vp x="29" y="-6" z="98"/></o></c><c d="14_invpyramid_2x2" t="4"><o r="0,0,-1,0,-1,0,-1,0,0" bc="FFFFFFFF" ac="FFFFFFFF" sc="18,FFFFFFFF,FFFFFFFF,FFFFFFFF,FFFFFFFF,FFFFFFFF,FFFFFFFF,FFFFFFFF,FFFFFFFF,454545FF,FFFFFFFF,454545FF,FFFFFFFF,454545FF,FFFFFFFF,FFFFFFFF,FFFFFFFF,FFFFFFFF,FFFFFFFF"><vp x="29" y="-5" z="98"/></o></c><c d="06_pyramid_2" t="3"><o r="0,0,1,0,1,0,-1,0,0" bc="FFFFFFFF" ac="FFFFFFFF" sc="7,FFFFFFFF,FFFFFFFF,FFFFFFFF,FFFFFFFF,FFFFFFFF,454545FF,454545FF"><vp x="33" y="-5" z="100"/></o></c><c d="06_pyramid_2" t="7"><o r="0,0,1,0,1,0,-1,0,0" bc="FFFFFFFF" ac="FFFFFFFF" sc="7,FFFFFFFF,FFFFFFFF,FFFFFFFF,FFFFFFFF,FFFFFFFF,454545FF,454545FF"><vp x="29" y="-5" z="100"/></o></c><c d="06_pyramid_2" t="1"><o r="1,0,0,0,-1,0,0,0,-1" bc="FFFFFFFF" ac="FFFFFFFF" sc="7,FFFFFFFF,FFFFFFFF,FFFFFFFF,FFFFFFFF,FFFFFFFF,454545FF,454545FF"><vp x="35" y="-5" z="98"/></o></c><c d="06_pyramid_2" t="0"><o r="1,0,0,0,-1,0,0,0,-1" bc="FFFFFFFF" ac="FFFFFFFF" sc="7,FFFFFFFF,FFFFFFFF,FFFFFFFF,FFFFFFFF,FFFFFFFF,454545FF,454545FF"><vp x="27" y="-5" z="98"/></o></c><c d="02_wedge" t="0"><o r="0,0,1,1,0,0,0,1,0" bc="454545FF" ac="454545FF" sc="5"><vp x="34" y="-6" z="96"/></o></c><c d="02_wedge" t="2"><o r="0,0,1,1,0,0,0,1,0" bc="454545FF" ac="454545FF" sc="5"><vp x="28" y="-6" z="96"/></o></c><c d="02_wedge" t="0"><o r="1,0,0,0,-1,0,0,0,-1" bc="454545FF" ac="454545FF" sc="5"><vp x="31" y="-6" z="99"/></o></c><c d="02_wedge" t="0"><o r="-1,0,0,0,-1,0,0,0,1" bc="454545FF" ac="454545FF" sc="5"><vp x="31" y="-6" z="93"/></o></c><c d="01_block" t="0"><o r="1,0,0,0,-1,0,0,0,-1" bc="454545FF" ac="454545FF" sc="6"><vp x="33" y="-6" z="96"/></o></c><c d="01_block" t="1"><o r="1,0,0,0,-1,0,0,0,-1" bc="454545FF" ac="454545FF" sc="6"><vp x="29" y="-6" z="96"/></o></c><c d="01_block" t="0"><o r="-1,0,0,0,0,-1,0,-1,0" bc="454545FF" ac="454545FF" sc="6"><vp x="31" y="-6" z="98"/></o></c><c d="01_block" t="0"><o r="1,0,0,0,-1,0,0,0,-1" bc="454545FF" ac="454545FF" sc="6"><vp x="31" y="-7" z="94"/></o></c><c d="01_block" t="0"><o r="1,0,0,0,-1,0,0,0,-1" bc="454545FF" ac="454545FF" sc="6"><vp x="33" y="-7" z="96"/></o></c><c d="01_block" t="1"><o r="1,0,0,0,-1,0,0,0,-1" bc="454545FF" ac="454545FF" sc="6"><vp x="29" y="-7" z="96"/></o></c><c d="01_block" t="0"><o r="1,0,0,0,-1,0,0,0,-1" bc="454545FF" ac="454545FF" sc="6"><vp x="31" y="-7" z="98"/></o></c><c d="01_block_weight" t="1"><o r="1,0,0,0,-1,0,0,0,-1" bc="454545FF" ac="454545FF" sc="6"><vp x="29" y="-8" z="96"/></o></c><c d="01_block_weight" t="0"><o r="1,0,0,0,-1,0,0,0,-1" bc="454545FF" ac="454545FF" sc="6"><vp x="31" y="-8" z="98"/></o></c><c d="no_sleep" t="0"><o r="-1,0,0,0,1,0,0,0,-1" bc="454545FF" ac="454545FF" sc="6" custom_name=""><vp x="34" y="-5" z="97"/><logic_slots/></o></c><c d="gps_sensor" t="0"><o r="-1,0,0,0,1,0,0,0,-1" bc="454545FF" ac="454545FF" sc="2" custom_name="" sensitivity="0.2" timer_scalar_1="0.183" timer_scalar_2="0.183" lss_mode="0" func_type="0" property_text=""><vp x="34" y="-5" z="96"/><logic_slots><slot value="false"/><slot value="false"/><slot value="0"/><slot value="0"/><slot value="0"/><slot value="false"/><slot value="false"/><slot value="0"/><slot value="0"/><slot value="0"/><slot value="0"/><slot><value bools="0" 01="0" 02="0" 03="0" 04="0" 05="0" 06="0" 07="0" 08="0" 09="0" 10="0" 11="0" 12="0" 13="0" 14="0" 15="0" 16="0" 17="0" 18="0" 19="0" 20="0" 21="0" 22="0" 23="0" 24="0" 25="0" 26="0" 27="0" 28="0" 29="0" 30="0" 31="0" 32="0"/></slot><slot><value/></slot><slot><value/></slot></logic_slots><property_output_float_val text="0" value="0"/><min_threshold text="0" value="0"/><max_threshold text="0" value="0"/><pid_controller_ki text="1" value="1"/><pid_controller_kp text="1" value="1"/><pid_controller_kd text="1" value="1"/><exp text="2" value="2"/><min_lever_value text="-1" value="-1"/><max_lever_value text="1" value="1"/><starting_lever_value text="0" value="0"/></o></c><c d="01_block" t="0"><o r="-1,0,0,0,1,0,0,0,-1" bc="454545FF" ac="454545FF" sc="6"><vp x="31" y="-6" z="94"/></o></c><c d="01_block" t="0"><o r="-1,0,0,0,0,-1,0,-1,0" bc="454545FF" ac="454545FF" sc="6"><vp x="32" y="-4" z="92"/></o></c><c d="01_block" t="0"><o r="-1,0,0,0,0,-1,0,-1,0" bc="454545FF" ac="454545FF" sc="6"><vp x="31" y="-4" z="92"/></o></c><c d="01_block" t="0"><o r="-1,0,0,0,0,-1,0,-1,0" bc="454545FF" ac="454545FF" sc="6"><vp x="30" y="-4" z="92"/></o></c><c d="01_block" t="0"><o r="-1,0,0,0,1,0,0,0,-1" bc="454545FF" ac="454545FF" sc="6"><vp x="35" y="-4" z="97"/></o></c><c d="01_block" t="0"><o r="-1,0,0,0,1,0,0,0,-1" bc="454545FF" ac="454545FF" sc="6"><vp x="35" y="-4" z="96"/></o></c><c d="01_block" t="0"><o r="-1,0,0,0,1,0,0,0,-1" bc="454545FF" ac="454545FF" sc="6"><vp x="35" y="-4" z="95"/></o></c><c d="01_block" t="0"><o r="-1,0,0,0,1,0,0,0,-1" bc="454545FF" ac="454545FF" sc="6"><vp x="32" y="-4" z="100"/></o></c><c d="01_block" t="0"><o r="-1,0,0,0,1,0,0,0,-1" bc="454545FF" ac="454545FF" sc="6"><vp x="31" y="-4" z="100"/></o></c><c d="01_block" t="0"><o r="-1,0,0,0,1,0,0,0,-1" bc="454545FF" ac="454545FF" sc="6"><vp x="30" y="-4" z="100"/></o></c><c d="01_block" t="0"><o r="-1,0,0,0,1,0,0,0,-1" bc="454545FF" ac="454545FF" sc="6"><vp x="27" y="-4" z="97"/></o></c><c d="01_block" t="0"><o r="-1,0,0,0,1,0,0,0,-1" bc="454545FF" ac="454545FF" sc="6"><vp x="27" y="-4" z="96"/></o></c><c d="01_block" t="0"><o r="-1,0,0,0,1,0,0,0,-1" bc="454545FF" ac="454545FF" sc="6"><vp x="27" y="-4" z="95"/></o></c><c d="05_wedge_2" t="0"><o r="0,-1,0,0,0,-1,1,0,0" bc="454545FF" ac="454545FF" sc="9"><vp x="29" y="-4" z="92"/></o></c><c d="05_wedge_2" t="0"><o r="0,1,0,-1,0,0,0,0,1" bc="454545FF" ac="454545FF" sc="9"><vp x="27" y="-4" z="94"/></o></c><c d="05_wedge_2" t="0"><o r="0,1,0,0,0,-1,-1,0,0" bc="454545FF" ac="454545FF" sc="9"><vp x="33" y="-4" z="92"/></o></c><c d="05_wedge_2" t="0"><o r="0,-1,0,1,0,0,0,0,1" bc="454545FF" ac="454545FF" sc="9"><vp x="35" y="-4" z="94"/></o></c><c d="05_wedge_2" t="0"><o r="0,1,0,1,0,0,0,0,-1" bc="454545FF" ac="454545FF" sc="9"><vp x="35" y="-4" z="98"/></o></c><c d="05_wedge_2" t="0"><o r="0,-1,0,0,0,1,-1,0,0" bc="454545FF" ac="454545FF" sc="9"><vp x="33" y="-4" z="100"/></o></c><c d="05_wedge_2" t="0"><o r="0,1,0,0,0,1,1,0,0" bc="454545FF" ac="454545FF" sc="9"><vp x="29" y="-4" z="100"/></o></c><c d="05_wedge_2" t="0"><o r="0,-1,0,-1,0,0,0,0,-1" bc="454545FF" ac="454545FF" sc="9"><vp x="27" y="-4" z="98"/></o></c><c d="01_block_weight" t="0"><o r="1,0,0,0,-1,0,0,0,-1" bc="454545FF" ac="454545FF" sc="6"><vp x="33" y="-9" z="96"/></o></c><c d="01_block_weight" t="0"><o r="1,0,0,0,-1,0,0,0,-1" bc="454545FF" ac="454545FF" sc="6"><vp x="29" y="-9" z="96"/></o></c><c d="01_block_weight" t="0"><o r="1,0,0,0,-1,0,0,0,-1" bc="454545FF" ac="454545FF" sc="6"><vp x="31" y="-9" z="94"/></o></c><c d="01_block_weight" t="0"><o r="1,0,0,0,-1,0,0,0,-1" bc="454545FF" ac="454545FF" sc="6"><vp x="31" y="-9" z="95"/></o></c><c d="01_block_weight" t="0"><o r="1,0,0,0,-1,0,0,0,-1" bc="454545FF" ac="454545FF" sc="6"><vp x="31" y="-9" z="98"/></o></c><c d="01_block_weight" t="0"><o r="1,0,0,0,-1,0,0,0,-1" bc="454545FF" ac="454545FF" sc="6"><vp x="31" y="-9" z="97"/></o></c><c d="01_block" t="0"><o r="1,0,0,0,-1,0,0,0,-1" bc="454545FF" ac="454545FF" sc="6"><vp x="31" y="-8" z="94"/></o></c><c d="01_block_weight" t="0"><o r="1,0,0,0,-1,0,0,0,-1" bc="454545FF" ac="454545FF" sc="6"><vp x="30" y="-10" z="96"/></o></c><c d="01_block_weight" t="0"><o r="1,0,0,0,-1,0,0,0,-1" bc="454545FF" ac="454545FF" sc="6"><vp x="31" y="-10" z="96"/></o></c><c d="01_block_weight" t="0"><o r="-1,0,0,0,0,-1,0,-1,0" bc="454545FF" ac="454545FF" sc="6"><vp x="31" y="-10" z="95"/></o></c><c d="01_block_weight" t="0"><o r="0,0,-1,1,0,0,0,-1,0" bc="454545FF" ac="454545FF" sc="6"><vp x="32" y="-10" z="96"/></o></c><c d="01_block_weight" t="0"><o r="-1,0,0,0,0,1,0,1,0" bc="454545FF" ac="454545FF" sc="6"><vp x="31" y="-10" z="97"/></o></c><c d="microprocessor" t="0"><o r="0,0,-1,1,0,0,0,-1,0" bc="FFFFFFFF" ac="FFFFFFFF" sc="14" custom_name=""><microprocessor_definition name="BuoyBlink" description="No description set." hide_in_inventory="false" width="3" length="1" id_counter="59" id_counter_node="3" transform_index="0" sym0="0" sym1="448" sym2="992" sym3="992" sym4="992" sym5="448" sym6="448" sym7="128" sym8="128" sym9="0" sym10="2728" sym11="0" sym12="128" sym13="1040" sym14="128" sym15="0"><nodes><n id="1" component_id="1" built_slot_index="0"><node label="Input" mode="1" type="0" description="The input signal to be processed." flags="0"><position x="0" y="0" z="0"/></node></n><n id="2" component_id="3" built_slot_index="0"><node label="Output" mode="0" type="0" description="The input signal to be processed." flags="0"><position x="1" y="0" z="0"/></node></n><n id="3" component_id="48" built_slot_index="0"><node label="Time" mode="1" type="1" description="The input signal to be processed." flags="0"><position x="2" y="0" z="0"/></node></n></nodes><group id="0"><pos x="0" y="0"/><data type="0" name="" desc=""><inputs/><outputs/></data><components><c type="37"><object id="32" m="0"><pos x="-2.25" y="0"/><in1 component_id="50" node_index="0"/><in2 component_id="0" node_index="0"/><in3 component_id="34" node_index="0"/><out1/><r text="0" value="0"/><i text="1" value="1"/><min text="0" value="0"/><max text="0" value="0"/></object></c><c type="15"><object id="33"><pos x="-2.25" y="1"/><out1/><n text="45" value="45"/></object></c><c type="42"><object id="34"><pos x="-0.75" y="0.75"/><in1 component_id="33" node_index="0"/><in2 component_id="32" node_index="0"/><out1/><e text="0.0001" value="0.0001"/></object></c><c type="37"><object id="36" m="0"><pos x="0.75" y="0.5"/><in1 component_id="34" node_index="0"/><in2 component_id="0" node_index="0"/><in3 component_id="39" node_index="0"/><out1/><r text="1" value="1"/><i text="1" value="1"/><min text="0" value="0"/><max text="0" value="0"/></object></c><c type="12"><object id="37"><pos x="2.25" y="0.5"/><in1 component_id="36" node_index="0"/><out1/><min text="1" value="1"/><max text="5" value="5"/></object></c><c type="15"><object id="38"><pos x="0.75" y="1.5"/><out1/><n text="11" value="11"/></object></c><c type="42"><object id="39"><pos x="2.25" y="1"/><in1 component_id="38" node_index="0"/><in2 component_id="36" node_index="0"/><out1/><e text="0.0001" value="0.0001"/></object></c><c type="37"><object id="43" m="0"><pos x="3.75" y="0"/><in1 component_id="37" node_index="0"/><in2 component_id="0" node_index="0"/><in3 component_id="45" node_index="0"/><out1/><r text="0" value="0"/><i text="1" value="1"/><min text="0" value="0"/><max text="0" value="0"/></object></c><c type="42"><object id="45"><pos x="5.25" y="0.75"/><in1 component_id="33" node_index="0"/><in2 component_id="43" node_index="0"/><out1/><e text="0.0001" value="0.0001"/></object></c><c type="12"><object id="49"><pos x="-6.75" y="0"/><in1 component_id="48" node_index="0"/><out1/><min text="0.2" value="0.2"/><max text="0.8" value="0.8"/></object></c><c type="1"><object id="50"><pos x="-3.75" y="0.25"/><in1 component_id="1" node_index="0"/><in2 component_id="51" node_index="0"/><out1/></object></c><c type="0"><object id="51"><pos x="-5.25" y="0"/><in1 component_id="49" node_index="0"/><out1/></object></c><c type="12"><object id="59"><pos x="5.25" y="0.25"/><in1 component_id="43" node_index="0"/><out1/><min text="2" value="2"/><max text="32" value="32"/></object></c></components><components_bridge><c type="0"><object id="1"><pos x="-5.25" y="0.5"/><in1 component_id="0" node_index="0"/><out1/></object></c><c type="1"><object id="3"><pos x="6.75" y="0.25"/><in1 component_id="59" node_index="0"/><out1/></object></c><c type="2"><object id="48"><pos x="-8.25" y="0"/><in1 component_id="0" node_index="0"/><out1/></object></c></components_bridge><groups/></group></microprocessor_definition><vp x="28" y="-2" z="97"/><logic_slots><slot value="false"/><slot value="false"/><slot value="0"/></logic_slots></o></c><c d="01_block" t="0"><o r="0,0,-1,1,0,0,0,-1,0" bc="FFE727FF" ac="FFE727FF" sc="6"><vp x="31" y="0" z="92"/></o></c><c d="01_block" t="0"><o r="-1,0,0,0,-1,0,0,0,1" bc="454545FF" ac="454545FF" sc="6"><vp x="33" y="-8" z="96"/></o></c><c d="02_wedge" t="0"><o r="-1,0,0,0,0,1,0,1,0" bc="454545FF" ac="454545FF" sc="5"><vp x="31" y="-10" z="98"/></o></c><c d="solar" t="0"><o r="1,0,0,0,1,0,0,0,1" bc="FFE727FF" ac="FFE727FF" sc="5" custom_name="" default_state="false"><vp x="27" y="7" z="98"/><logic_slots><slot value="0"/><slot value="false"/><slot value="0"/></logic_slots></o></c><c d="solar" t="0"><o r="1,0,0,0,1,0,0,0,1" bc="FFE727FF" ac="FFE727FF" sc="5" custom_name="" default_state="false"><vp x="28" y="7" z="98"/><logic_slots><slot value="0"/><slot value="false"/><slot value="0"/></logic_slots></o></c><c d="solar" t="0"><o r="1,0,0,0,1,0,0,0,1" bc="FFE727FF" ac="FFE727FF" sc="5" custom_name="" default_state="false"><vp x="29" y="7" z="98"/><logic_slots><slot value="0"/><slot value="false"/><slot value="0"/></logic_slots></o></c><c d="solar" t="0"><o r="-1,0,0,0,1,0,0,0,-1" bc="FFE727FF" ac="FFE727FF" sc="5" custom_name="" default_state="false"><vp x="27" y="7" z="94"/><logic_slots><slot value="0"/><slot value="false"/><slot value="0"/></logic_slots></o></c><c d="solar" t="0"><o r="-1,0,0,0,1,0,0,0,-1" bc="FFE727FF" ac="FFE727FF" sc="5" custom_name="" default_state="false"><vp x="28" y="7" z="94"/><logic_slots><slot value="0"/><slot value="false"/><slot value="0"/></logic_slots></o></c><c d="solar" t="0"><o r="-1,0,0,0,1,0,0,0,-1" bc="FFE727FF" ac="FFE727FF" sc="5" custom_name="" default_state="false"><vp x="29" y="7" z="94"/><logic_slots><slot value="0"/><slot value="false"/><slot value="0"/></logic_slots></o></c><c d="solar" t="0"><o r="1,0,0,0,1,0,0,0,1" bc="FFE727FF" ac="FFE727FF" sc="5" custom_name="" default_state="false"><vp x="30" y="7" z="98"/><logic_slots><slot value="0"/><slot value="false"/><slot value="0"/></logic_slots></o></c><c d="solar" t="0"><o r="1,0,0,0,1,0,0,0,1" bc="FFE727FF" ac="FFE727FF" sc="5" custom_name="" default_state="false"><vp x="30" y="7" z="94"/><logic_slots><slot value="0"/><slot value="false"/><slot value="0"/></logic_slots></o></c></components></body></bodies><logic_node_links><logic_node_link type="0"><voxel_pos_0 x="30" y="4" z="96"/><voxel_pos_1 x="33" y="-4" z="97"/></logic_node_link><logic_node_link type="0"><voxel_pos_0 x="33" y="-3" z="97"/><voxel_pos_1 x="31" y="-3" z="95"/></logic_node_link><logic_node_link type="5"><voxel_pos_0 x="31" y="3" z="100"/><voxel_pos_1 x="28" y="-3" z="96"/></logic_node_link><logic_node_link type="5"><voxel_pos_0 x="28" y="2" z="96"/><voxel_pos_1 x="30" y="-3" z="95"/></logic_node_link><logic_node_link type="5"><voxel_pos_0 x="33" y="8" z="96"/><voxel_pos_1 x="31" y="-3" z="97"/></logic_node_link><logic_node_link type="5"><voxel_pos_0 x="31" y="-3" z="96"/><voxel_pos_1 x="34" y="7" z="96"/></logic_node_link><logic_node_link type="4"><voxel_pos_0 x="34" y="7" z="96"/><voxel_pos_1 x="31" y="16" z="95"/></logic_node_link><logic_node_link type="4"><voxel_pos_0 x="31" y="16" z="95"/><voxel_pos_1 x="31" y="16" z="96"/></logic_node_link><logic_node_link type="4"><voxel_pos_0 x="31" y="16" z="95"/><voxel_pos_1 x="30" y="16" z="96"/></logic_node_link><logic_node_link type="4"><voxel_pos_0 x="31" y="16" z="95"/><voxel_pos_1 x="31" y="16" z="97"/></logic_node_link><logic_node_link type="4"><voxel_pos_0 x="31" y="16" z="95"/><voxel_pos_1 x="32" y="16" z="96"/></logic_node_link><logic_node_link type="0"><voxel_pos_0 x="33" y="-3" z="97"/><voxel_pos_1 x="31" y="16" z="96"/></logic_node_link><logic_node_link type="0"><voxel_pos_0 x="30" y="4" z="96"/><voxel_pos_1 x="34" y="7" z="96"/></logic_node_link><logic_node_link type="0"><voxel_pos_0 x="29" y="-3" z="96"/><voxel_pos_1 x="31" y="2" z="92"/></logic_node_link><logic_node_link type="0"><voxel_pos_0 x="29" y="-3" z="96"/><voxel_pos_1 x="31" y="2" z="100"/></logic_node_link><logic_node_link type="1"><voxel_pos_0 x="28" y="-3" z="97"/><voxel_pos_1 x="32" y="-3" z="97"/></logic_node_link><logic_node_link type="1"><voxel_pos_0 x="29" y="2" z="96"/><voxel_pos_1 x="29" y="-3" z="95"/></logic_node_link><logic_node_link type="4"><voxel_pos_0 x="28" y="7" z="96"/><voxel_pos_1 x="29" y="7" z="96"/></logic_node_link><logic_node_link type="4"><voxel_pos_0 x="29" y="7" z="96"/><voxel_pos_1 x="33" y="7" z="96"/></logic_node_link><logic_node_link type="4"><voxel_pos_0 x="30" y="5" z="96"/><voxel_pos_1 x="30" y="4" z="96"/></logic_node_link><logic_node_link type="1"><voxel_pos_0 x="32" y="-9" z="96"/><voxel_pos_1 x="30" y="5" z="96"/></logic_node_link><logic_node_link type="4"><voxel_pos_0 x="31" y="-9" z="96"/><voxel_pos_1 x="30" y="-4" z="93"/></logic_node_link><logic_node_link type="1"><voxel_pos_0 x="34" y="-5" z="95"/><voxel_pos_1 x="32" y="-3" z="96"/></logic_node_link><logic_node_link type="1"><voxel_pos_0 x="34" y="-5" z="96"/><voxel_pos_1 x="32" y="-3" z="95"/></logic_node_link><logic_node_link type="1"><voxel_pos_0 x="30" y="-4" z="93"/><voxel_pos_1 x="28" y="-2" z="95"/></logic_node_link><logic_node_link type="0"><voxel_pos_0 x="28" y="-2" z="96"/><voxel_pos_1 x="31" y="16" z="97"/></logic_node_link><logic_node_link type="0"><voxel_pos_0 x="28" y="-2" z="96"/><voxel_pos_1 x="30" y="16" z="96"/></logic_node_link><logic_node_link type="0"><voxel_pos_0 x="28" y="-2" z="96"/><voxel_pos_1 x="31" y="16" z="95"/></logic_node_link><logic_node_link type="0"><voxel_pos_0 x="28" y="-2" z="96"/><voxel_pos_1 x="32" y="16" z="96"/></logic_node_link><logic_node_link type="0"><voxel_pos_0 x="30" y="4" z="96"/><voxel_pos_1 x="28" y="-2" z="97"/></logic_node_link><logic_node_link type="4"><voxel_pos_0 x="34" y="-5" z="96"/><voxel_pos_1 x="33" y="-4" z="97"/></logic_node_link><logic_node_link type="4"><voxel_pos_0 x="33" y="-4" z="97"/><voxel_pos_1 x="31" y="2" z="100"/></logic_node_link><logic_node_link type="4"><voxel_pos_0 x="31" y="2" z="100"/><voxel_pos_1 x="28" y="2" z="96"/></logic_node_link><logic_node_link type="4"><voxel_pos_0 x="28" y="2" z="96"/><voxel_pos_1 x="29" y="2" z="96"/></logic_node_link><logic_node_link type="4"><voxel_pos_0 x="29" y="2" z="96"/><voxel_pos_1 x="31" y="1" z="92"/></logic_node_link><logic_node_link type="4"><voxel_pos_0 x="31" y="1" z="92"/><voxel_pos_1 x="31" y="2" z="92"/></logic_node_link><logic_node_link type="4"><voxel_pos_0 x="31" y="2" z="92"/><voxel_pos_1 x="30" y="4" z="96"/></logic_node_link><logic_node_link type="4"><voxel_pos_0 x="30" y="5" z="96"/><voxel_pos_1 x="29" y="7" z="97"/></logic_node_link><logic_node_link type="4"><voxel_pos_0 x="29" y="7" z="97"/><voxel_pos_1 x="28" y="7" z="97"/></logic_node_link><logic_node_link type="4"><voxel_pos_0 x="28" y="7" z="97"/><voxel_pos_1 x="29" y="7" z="96"/></logic_node_link><logic_node_link type="4"><voxel_pos_0 x="29" y="7" z="95"/><voxel_pos_1 x="28" y="7" z="95"/></logic_node_link><logic_node_link type="4"><voxel_pos_0 x="28" y="7" z="95"/><voxel_pos_1 x="28" y="7" z="96"/></logic_node_link><logic_node_link type="4"><voxel_pos_0 x="28" y="7" z="96"/><voxel_pos_1 x="27" y="7" z="96"/></logic_node_link><logic_node_link type="4"><voxel_pos_0 x="27" y="7" z="96"/><voxel_pos_1 x="27" y="7" z="95"/></logic_node_link><logic_node_link type="4"><voxel_pos_0 x="27" y="7" z="96"/><voxel_pos_1 x="27" y="7" z="97"/></logic_node_link><logic_node_link type="4"><voxel_pos_0 x="33" y="7" z="96"/><voxel_pos_1 x="34" y="7" z="96"/></logic_node_link><logic_node_link type="4"><voxel_pos_0 x="29" y="7" z="98"/><voxel_pos_1 x="29" y="7" z="97"/></logic_node_link><logic_node_link type="4"><voxel_pos_0 x="28" y="7" z="98"/><voxel_pos_1 x="28" y="7" z="97"/></logic_node_link><logic_node_link type="4"><voxel_pos_0 x="27" y="7" z="98"/><voxel_pos_1 x="27" y="7" z="97"/></logic_node_link><logic_node_link type="4"><voxel_pos_0 x="27" y="7" z="94"/><voxel_pos_1 x="27" y="7" z="95"/></logic_node_link><logic_node_link type="4"><voxel_pos_0 x="28" y="7" z="94"/><voxel_pos_1 x="28" y="7" z="95"/></logic_node_link><logic_node_link type="4"><voxel_pos_0 x="29" y="7" z="94"/><voxel_pos_1 x="29" y="7" z="95"/></logic_node_link><logic_node_link type="4"><voxel_pos_0 x="30" y="7" z="98"/><voxel_pos_1 x="29" y="7" z="98"/></logic_node_link><logic_node_link type="4"><voxel_pos_0 x="30" y="7" z="94"/><voxel_pos_1 x="29" y="7" z="94"/></logic_node_link><logic_node_link type="4"><voxel_pos_0 x="29" y="7" z="94"/><voxel_pos_1 x="28" y="7" z="94"/></logic_node_link><logic_node_link type="4"><voxel_pos_0 x="28" y="7" z="94"/><voxel_pos_1 x="27" y="7" z="94"/></logic_node_link><logic_node_link type="4"><voxel_pos_0 x="29" y="7" z="98"/><voxel_pos_1 x="28" y="7" z="98"/></logic_node_link><logic_node_link type="4"><voxel_pos_0 x="28" y="7" z="98"/><voxel_pos_1 x="27" y="7" z="98"/></logic_node_link></logic_node_links></vehicle>