<?xml version="1.0" encoding="UTF-8"?><vehicle data_version="2" is_advanced="true" is_static="false" bodies_id="14"><editor_placement_offset x="0" y="0" z="0"/><authors/><bodies><body unique_id="14"><initial_local_transform 00="1" 01="0" 02="0" 03="0" 10="0" 11="1" 12="0" 13="0" 20="0" 21="0" 22="1" 23="0" 30="0" 31="0" 32="0" 33="1"/><local_transform 00="1" 01="0" 02="0" 03="0" 10="0" 11="1" 12="0" 13="0" 20="0" 21="0" 22="1" 23="0" 30="0" 31="0" 32="0" 33="1"/><components><c d="engine" t="0"><o r="1,0,0,0,0,1,0,-1,0" bc="FFFFFFFF" ac="FFFFFFFF" sc="15" custom_name="" max_force_scale="1" rps_limit="20"><vp x="0" y="2" z="2"/><logic_slots><slot value="0"/><slot value="false"/><slot value="0"/><slot value="0"/></logic_slots></o></c><c d="generator_small" t="0"><o r="1,0,0,0,0,1,0,-1,0" bc="FFFFFFFF" ac="FFFFFFFF" sc="6" custom_name="" default_state="false"><vp x="0" y="2" z="5"/><logic_slots><slot value="0"/><slot value="false"/><slot value="0"/></logic_slots></o></c><c d="water_inlet" t="0"><o r="-1,0,0,0,-1,0,0,0,1" bc="FFFFFFFF" ac="FFFFFFFF" sc="5" custom_name="" fluid_type="1" fluid_filter="4294967295"><vp x="0" y="0" z="4"/><logic_slots><slot value="0"/><slot value="0"/><slot value="false"/><slot value="0"/><slot value="0"/><slot value="0"/></logic_slots></o></c><c d="trans_angle" t="0"><o r="1,0,0,0,0,-1,0,1,0" bc="FFFFFFFF" ac="FFFFFFFF" sc="2" custom_name=""><vp x="0" y="0" z="3"/></o></c><c d="trans_straight" t="0"><o r="0,0,-1,-1,0,0,0,1,0" bc="FFFFFFFF" ac="FFFFFFFF" sc="2" custom_name=""><vp x="0" y="0" z="2"/></o></c><c d="trans_straight" t="0"><o r="0,-1,0,0,0,1,-1,0,0" bc="FFFFFFFF" ac="FFFFFFFF" sc="2" custom_name=""><vp x="1" y="0" z="3"/></o></c><c d="trans_angle" t="0"><o r="-1,0,0,0,0,-1,0,-1,0" bc="FFFFFFFF" ac="FFFFFFFF" sc="2" custom_name=""><vp x="0" y="-1" z="3"/></o></c><c d="trans_straight" t="0"><o r="0,0,1,0,-1,0,1,0,0" bc="FFFFFFFF" ac="FFFFFFFF" sc="2" custom_name=""><vp x="0" y="-1" z="2"/></o></c><c d="trans_straight" t="0"><o r="0,0,1,0,-1,0,1,0,0" bc="FFFFFFFF" ac="FFFFFFFF" sc="2" custom_name=""><vp x="0" y="-1" z="1"/></o></c><c d="trans_straight" t="0"><o r="0,0,1,0,-1,0,1,0,0" bc="FFFFFFFF" ac="FFFFFFFF" sc="2" custom_name=""><vp x="0" y="-1" z="0"/></o></c><c d="trans_straight" t="0"><o r="0,0,1,0,-1,0,1,0,0" bc="FFFFFFFF" ac="FFFFFFFF" sc="2" custom_name=""><vp x="0" y="-1" z="-1"/></o></c><c d="trans_straight" t="0"><o r="0,0,1,0,-1,0,1,0,0" bc="FFFFFFFF" ac="FFFFFFFF" sc="2" custom_name=""><vp x="0" y="-1" z="-2"/></o></c><c d="trans_straight" t="0"><o r="0,0,1,0,-1,0,1,0,0" bc="FFFFFFFF" ac="FFFFFFFF" sc="2" custom_name=""><vp x="0" y="-1" z="-3"/></o></c><c d="trans_straight" t="0"><o r="0,0,1,0,-1,0,1,0,0" bc="FFFFFFFF" ac="FFFFFFFF" sc="2" custom_name=""><vp x="0" y="-1" z="-4"/></o></c><c d="trans_straight" t="0"><o r="0,0,1,0,-1,0,1,0,0" bc="FFFFFFFF" ac="FFFFFFFF" sc="2" custom_name=""><vp x="0" y="-1" z="-5"/></o></c><c d="trans_angle" t="0"><o r="0,-1,0,0,0,1,-1,0,0" bc="FFFFFFFF" ac="FFFFFFFF" sc="2" custom_name=""><vp x="-1" y="-1" z="2"/></o></c><c d="trans_angle" t="0"><o r="0,-1,0,1,0,0,0,0,1" bc="FFFFFFFF" ac="FFFFFFFF" sc="2" custom_name=""><vp x="1" y="-1" z="2"/></o></c><c d="fluid_radiator" t="0"><o r="1,0,0,0,-1,0,0,0,-1" bc="FFFFFFFF" ac="FFFFFFFF" sc="23" custom_name="" fluid_type="1" fluid_filter="4294967295"><vp x="0" y="0" z="5"/><logic_slots><slot value="0"/><slot value="0"/><slot value="false"/><slot value="0"/><slot value="0"/><slot value="0"/></logic_slots></o></c><c d="01_block" t="0"><o r="1,0,0,0,1,0,0,0,1" bc="FFFFFFFF" ac="FFFFFFFF" sc="6"><vp x="2" y="1" z="2"/></o></c><c d="01_block" t="0"><o r="1,0,0,0,0,1,0,-1,0" bc="FFFFFFFF" ac="FFFFFFFF" sc="6"><vp x="2" y="2" z="2"/></o></c><c d="trans_block_straight" t="0"><o r="0,0,-1,-1,0,0,0,1,0" bc="FFFFFFFF" ac="FFFFFFFF" sc="6" custom_name=""><vp x="0" y="0" z="1"/></o></c><c d="trans_block_straight" t="0"><o r="0,0,-1,-1,0,0,0,1,0" bc="FFFFFFFF" ac="FFFFFFFF" sc="6" custom_name=""><vp x="0" y="0" z="0"/></o></c><c d="trans_block_straight" t="0"><o r="0,0,-1,-1,0,0,0,1,0" bc="FFFFFFFF" ac="FFFFFFFF" sc="6" custom_name=""><vp x="0" y="0" z="-1"/></o></c><c d="trans_block_straight" t="0"><o r="0,0,-1,-1,0,0,0,1,0" bc="FFFFFFFF" ac="FFFFFFFF" sc="6" custom_name=""><vp x="0" y="0" z="-2"/></o></c><c d="trans_block_straight" t="0"><o r="0,-1,0,0,0,-1,1,0,0" bc="FFFFFFFF" ac="FFFFFFFF" sc="6" custom_name=""><vp x="1" y="0" z="2"/></o></c><c d="trans_block_straight" t="0"><o r="0,-1,0,0,0,-1,1,0,0" bc="FFFFFFFF" ac="FFFFFFFF" sc="6" custom_name=""><vp x="-1" y="0" z="2"/></o></c><c d="01_block" t="0"><o r="0,0,1,-1,0,0,0,-1,0" bc="FFFFFFFF" ac="FFFFFFFF" sc="6"><vp x="-2" y="0" z="2"/></o></c><c d="01_block" t="0"><o r="1,0,0,0,1,0,0,0,1" bc="FFFFFFFF" ac="FFFFFFFF" sc="6"><vp x="-3" y="1" z="2"/></o></c><c d="01_block" t="0"><o r="1,0,0,0,1,0,0,0,1" bc="FFFFFFFF" ac="FFFFFFFF" sc="6"><vp x="-2" y="1" z="2"/></o></c><c d="01_block" t="0"><o r="1,0,0,0,0,-1,0,1,0" bc="FFFFFFFF" ac="FFFFFFFF" sc="6"><vp x="1" y="0" z="-1"/></o></c><c d="01_block" t="0"><o r="1,0,0,0,0,-1,0,1,0" bc="FFFFFFFF" ac="FFFFFFFF" sc="6"><vp x="1" y="0" z="0"/></o></c><c d="01_block" t="0"><o r="1,0,0,0,0,-1,0,1,0" bc="FFFFFFFF" ac="FFFFFFFF" sc="6"><vp x="1" y="0" z="1"/></o></c><c d="01_block" t="0"><o r="1,0,0,0,0,-1,0,1,0" bc="FFFFFFFF" ac="FFFFFFFF" sc="6"><vp x="2" y="0" z="-1"/></o></c><c d="01_block" t="0"><o r="1,0,0,0,0,-1,0,1,0" bc="FFFFFFFF" ac="FFFFFFFF" sc="6"><vp x="2" y="0" z="0"/></o></c><c d="01_block" t="0"><o r="1,0,0,0,0,-1,0,1,0" bc="FFFFFFFF" ac="FFFFFFFF" sc="6"><vp x="2" y="0" z="1"/></o></c><c d="01_block" t="0"><o r="1,0,0,0,0,-1,0,1,0" bc="FFFFFFFF" ac="FFFFFFFF" sc="6"><vp x="3" y="0" z="-1"/></o></c><c d="01_block" t="0"><o r="1,0,0,0,0,-1,0,1,0" bc="FFFFFFFF" ac="FFFFFFFF" sc="6"><vp x="3" y="0" z="0"/></o></c><c d="01_block" t="0"><o r="1,0,0,0,0,-1,0,1,0" bc="FFFFFFFF" ac="FFFFFFFF" sc="6"><vp x="3" y="0" z="1"/></o></c><c d="01_block" t="0"><o r="0,0,1,-1,0,0,0,-1,0" bc="FFFFFFFF" ac="FFFFFFFF" sc="6"><vp x="-3" y="0" z="1"/></o></c><c d="01_block" t="0"><o r="0,0,1,-1,0,0,0,-1,0" bc="FFFFFFFF" ac="FFFFFFFF" sc="6"><vp x="-2" y="0" z="1"/></o></c><c d="01_block" t="0"><o r="0,0,1,-1,0,0,0,-1,0" bc="FFFFFFFF" ac="FFFFFFFF" sc="6"><vp x="-1" y="0" z="-1"/></o></c><c d="01_block" t="0"><o r="0,0,1,-1,0,0,0,-1,0" bc="FFFFFFFF" ac="FFFFFFFF" sc="6"><vp x="-1" y="0" z="0"/></o></c><c d="01_block" t="0"><o r="0,0,1,-1,0,0,0,-1,0" bc="FFFFFFFF" ac="FFFFFFFF" sc="6"><vp x="-1" y="0" z="1"/></o></c><c d="01_block" t="0"><o r="0,0,1,-1,0,0,0,-1,0" bc="FFFFFFFF" ac="FFFFFFFF" sc="6"><vp x="-3" y="0" z="0"/></o></c><c d="01_block" t="0"><o r="0,0,1,-1,0,0,0,-1,0" bc="FFFFFFFF" ac="FFFFFFFF" sc="6"><vp x="-2" y="0" z="-1"/></o></c><c d="01_block" t="0"><o r="0,0,1,-1,0,0,0,-1,0" bc="FFFFFFFF" ac="FFFFFFFF" sc="6"><vp x="-2" y="0" z="0"/></o></c><c d="01_block" t="0"><o r="0,0,1,-1,0,0,0,-1,0" bc="FFFFFFFF" ac="FFFFFFFF" sc="6"><vp x="-3" y="0" z="-1"/></o></c><c d="seat_racing" t="0"><o r="1,0,0,0,1,0,0,0,1" bc="FFFFFFFF" ac="FFFFFFFF" sc="14" custom_name="" hotkey_0="0" hotkey_0_label="" hotkey_1="0" hotkey_1_label="" hotkey_2="0" hotkey_2_label="" hotkey_3="0" hotkey_3_label="" hotkey_4="0" hotkey_4_label="" hotkey_5="0" hotkey_5_label="" hotkey_6="0" hotkey_6_label="" hotkey_7="0" hotkey_7_label="" hotkey_8="0" hotkey_8_label="" hotkey_9="0" hotkey_9_label="" hotkey_10="0" hotkey_10_label="" hotkey_11="0" hotkey_11_label="" hotkey_12="0" hotkey_12_label="" hotkey_13="0" hotkey_13_label="" hotkey_14="0" hotkey_14_label="" hotkey_15="0" hotkey_15_label="" hotkey_16="0" hotkey_16_label="" hotkey_17="0" hotkey_17_label="" hotkey_18="0" hotkey_18_label="" hotkey_19="0" hotkey_19_label="" hotkey_20="0" hotkey_20_label="" hotkey_21="0" hotkey_21_label="" hotkey_22="0" hotkey_22_label="" hotkey_23="0" hotkey_23_label="" hotkey_24="0" hotkey_24_label="" hotkey_25="0" hotkey_25_label="" hotkey_26="0" hotkey_26_label="" hotkey_27="0" hotkey_27_label="" hotkey_28="0" hotkey_28_label="" hotkey_29="0" hotkey_29_label="" hotkey_30="0" hotkey_30_label="" hotkey_31="0" hotkey_31_label="" hotkey_32="0" hotkey_32_label="" hotkey_33="0" hotkey_33_label="" hotkey_34="0" hotkey_34_label="" hotkey_35="0" hotkey_35_label="" hotkey_36="0" hotkey_36_label="" hotkey_37="0" hotkey_37_label="" hotkey_38="0" hotkey_38_label="" hotkey_39="0" hotkey_39_label="" hotkey_40="0" hotkey_40_label="" hotkey_41="0" hotkey_41_label="" hotkey_42="0" hotkey_42_label="" hotkey_43="0" hotkey_43_label="" hotkey_44="0" hotkey_44_label="" hotkey_45="0" hotkey_45_label="" hotkey_46="0" hotkey_46_label="" hotkey_47="0" hotkey_47_label="" control_mode_0="0" control_mode_0_label="" control_mode_1="0" control_mode_1_label="" control_mode_2="0" control_mode_2_label="" control_mode_3="1" control_mode_3_label="" control_mode_4="0" control_mode_4_label="" control_mode_5="0" control_mode_5_label="" control_mode_6="0" control_mode_6_label="" control_mode_7="0" control_mode_7_label=""><vp x="-2" y="1" z="-1"/><logic_slots><slot value="0"/><slot value="0"/><slot value="0"/><slot value="0"/><slot value="0"/><slot value="0"/><slot value="0"/><slot value="0"/><slot value="false"/><slot value="false"/><slot value="false"/><slot value="false"/><slot value="false"/><slot value="false"/><slot value="false"/><slot value="false"/><slot value="false"/><slot value="false"/><slot value="false"/><slot value="false"/><slot value="false"/><slot value="false"/><slot value="false"/><slot value="false"/><slot value="false"/><slot value="false"/><slot value="false"/><slot value="false"/><slot value="false"/><slot value="false"/><slot value="false"/><slot value="false"/><slot value="false"/><slot value="false"/><slot value="false"/><slot value="false"/><slot value="false"/><slot value="false"/><slot value="false"/><slot value="false"/><slot value="false"/><slot value="false"/><slot value="false"/><slot value="false"/><slot value="false"/><slot value="false"/><slot value="false"/><slot value="false"/><slot value="false"/><slot value="false"/><slot value="false"/><slot value="false"/><slot value="false"/><slot value="false"/><slot value="false"/><slot value="false"/><slot value="false"/><slot><value bools="0" 01="0" 02="0" 03="0" 04="0" 05="0" 06="0" 07="0" 08="0" 09="0" 10="0" 11="0" 12="0" 13="0" 14="0" 15="0" 16="0" 17="0" 18="0" 19="0" 20="0" 21="0" 22="0" 23="0" 24="0" 25="0" 26="0" 27="0" 28="0" 29="0" 30="0" 31="0" 32="0"/></slot></logic_slots><trim_x_display text="0" value="0"/><trim_y_display text="0" value="0"/><trim_z_display text="0" value="0"/><trim_w_display text="0" value="0"/><axis_sensitivity x="0.1" y="0.1" z="0.1" w="0.1"/></o></c><c d="seat_passenger" t="0"><o r="1,0,0,0,1,0,0,0,1" bc="FFFFFFFF" ac="FFFFFFFF" sc="6" custom_name="" hotkey_0="0" hotkey_0_label="" hotkey_1="0" hotkey_1_label="" hotkey_2="0" hotkey_2_label="" hotkey_3="0" hotkey_3_label="" hotkey_4="0" hotkey_4_label="" hotkey_5="0" hotkey_5_label="" hotkey_6="0" hotkey_6_label="" hotkey_7="0" hotkey_7_label="" hotkey_8="0" hotkey_8_label="" hotkey_9="0" hotkey_9_label="" hotkey_10="0" hotkey_10_label="" hotkey_11="0" hotkey_11_label="" hotkey_12="0" hotkey_12_label="" hotkey_13="0" hotkey_13_label="" hotkey_14="0" hotkey_14_label="" hotkey_15="0" hotkey_15_label="" hotkey_16="0" hotkey_16_label="" hotkey_17="0" hotkey_17_label="" hotkey_18="0" hotkey_18_label="" hotkey_19="0" hotkey_19_label="" hotkey_20="0" hotkey_20_label="" hotkey_21="0" hotkey_21_label="" hotkey_22="0" hotkey_22_label="" hotkey_23="0" hotkey_23_label="" hotkey_24="0" hotkey_24_label="" hotkey_25="0" hotkey_25_label="" hotkey_26="0" hotkey_26_label="" hotkey_27="0" hotkey_27_label="" hotkey_28="0" hotkey_28_label="" hotkey_29="0" hotkey_29_label="" hotkey_30="0" hotkey_30_label="" hotkey_31="0" hotkey_31_label="" hotkey_32="0" hotkey_32_label="" hotkey_33="0" hotkey_33_label="" hotkey_34="0" hotkey_34_label="" hotkey_35="0" hotkey_35_label="" hotkey_36="0" hotkey_36_label="" hotkey_37="0" hotkey_37_label="" hotkey_38="0" hotkey_38_label="" hotkey_39="0" hotkey_39_label="" hotkey_40="0" hotkey_40_label="" hotkey_41="0" hotkey_41_label="" hotkey_42="0" hotkey_42_label="" hotkey_43="0" hotkey_43_label="" hotkey_44="0" hotkey_44_label="" hotkey_45="0" hotkey_45_label="" hotkey_46="0" hotkey_46_label="" hotkey_47="0" hotkey_47_label="" control_mode_0="0" control_mode_0_label="" control_mode_1="0" control_mode_1_label="" control_mode_2="0" control_mode_2_label="" control_mode_3="0" control_mode_3_label="" control_mode_4="0" control_mode_4_label="" control_mode_5="0" control_mode_5_label="" control_mode_6="0" control_mode_6_label="" control_mode_7="0" control_mode_7_label=""><vp x="2" y="1" z="-1"/><logic_slots><slot value="0"/><slot value="0"/><slot value="0"/><slot value="0"/><slot value="0"/><slot value="0"/><slot value="0"/><slot value="0"/><slot value="false"/><slot value="false"/><slot value="false"/><slot value="false"/><slot value="false"/><slot value="false"/><slot value="false"/><slot value="false"/><slot value="false"/><slot value="false"/><slot value="false"/><slot value="false"/><slot value="false"/><slot value="false"/><slot value="false"/><slot value="false"/><slot value="false"/><slot value="false"/><slot value="false"/><slot value="false"/><slot value="false"/><slot value="false"/><slot value="false"/><slot value="false"/><slot value="false"/><slot value="false"/><slot value="false"/><slot value="false"/><slot value="false"/><slot value="false"/><slot value="false"/><slot value="false"/><slot value="false"/><slot value="false"/><slot value="false"/><slot value="false"/><slot value="false"/><slot value="false"/><slot value="false"/><slot value="false"/><slot value="false"/><slot value="false"/><slot value="false"/><slot value="false"/><slot value="false"/><slot value="false"/><slot value="false"/><slot value="false"/><slot value="false"/><slot><value bools="0" 01="0" 02="0" 03="0" 04="0" 05="0" 06="0" 07="0" 08="0" 09="0" 10="0" 11="0" 12="0" 13="0" 14="0" 15="0" 16="0" 17="0" 18="0" 19="0" 20="0" 21="0" 22="0" 23="0" 24="0" 25="0" 26="0" 27="0" 28="0" 29="0" 30="0" 31="0" 32="0"/></slot></logic_slots><trim_x_display text="0" value="0"/><trim_y_display text="0" value="0"/><trim_z_display text="0" value="0"/><trim_w_display text="0" value="0"/><axis_sensitivity x="0.1" y="0.1" z="0.1" w="0.1"/></o></c><c d="01_block" t="0"><o r="1,0,0,0,0,-1,0,1,0" bc="FFFFFFFF" ac="FFFFFFFF" sc="6"><vp x="-3" y="0" z="-2"/></o></c><c d="01_block" t="0"><o r="1,0,0,0,0,-1,0,1,0" bc="FFFFFFFF" ac="FFFFFFFF" sc="6"><vp x="-2" y="0" z="-2"/></o></c><c d="01_block" t="0"><o r="1,0,0,0,0,-1,0,1,0" bc="FFFFFFFF" ac="FFFFFFFF" sc="6"><vp x="-1" y="0" z="-2"/></o></c><c d="01_block" t="0"><o r="1,0,0,0,0,-1,0,1,0" bc="FFFFFFFF" ac="FFFFFFFF" sc="6"><vp x="1" y="0" z="-2"/></o></c><c d="01_block" t="0"><o r="1,0,0,0,0,-1,0,1,0" bc="FFFFFFFF" ac="FFFFFFFF" sc="6"><vp x="2" y="0" z="-2"/></o></c><c d="01_block" t="0"><o r="1,0,0,0,0,-1,0,1,0" bc="FFFFFFFF" ac="FFFFFFFF" sc="6"><vp x="3" y="0" z="-2"/></o></c><c d="01_block" t="0"><o r="1,0,0,0,0,1,0,-1,0" bc="FFFFFFFF" ac="FFFFFFFF" sc="6"><vp x="2" y="2" z="3"/></o></c><c d="01_block" t="0"><o r="1,0,0,0,0,1,0,-1,0" bc="FFFFFFFF" ac="FFFFFFFF" sc="6"><vp x="2" y="2" z="4"/></o></c><c d="01_block" t="0"><o r="0,0,-1,1,0,0,0,-1,0" bc="FFFFFFFF" ac="FFFFFFFF" sc="6"><vp x="3" y="1" z="2"/></o></c><c d="01_block" t="0"><o r="0,0,-1,1,0,0,0,-1,0" bc="FFFFFFFF" ac="FFFFFFFF" sc="6"><vp x="3" y="2" z="2"/></o></c><c d="01_block" t="0"><o r="0,0,-1,1,0,0,0,-1,0" bc="FFFFFFFF" ac="FFFFFFFF" sc="6"><vp x="3" y="2" z="3"/></o></c><c d="01_block" t="0"><o r="0,0,-1,1,0,0,0,-1,0" bc="FFFFFFFF" ac="FFFFFFFF" sc="6"><vp x="3" y="2" z="4"/></o></c><c d="01_block" t="0"><o r="0,0,-1,1,0,0,0,-1,0" bc="FFFFFFFF" ac="FFFFFFFF" sc="6"><vp x="1" y="2" z="5"/></o></c><c d="01_block" t="0"><o r="1,0,0,0,0,1,0,-1,0" bc="FFFFFFFF" ac="FFFFFFFF" sc="6"><vp x="2" y="2" z="5"/></o></c><c d="01_block" t="0"><o r="1,0,0,0,0,1,0,-1,0" bc="FFFFFFFF" ac="FFFFFFFF" sc="6"><vp x="3" y="2" z="5"/></o></c><c d="01_block" t="0"><o r="1,0,0,0,1,0,0,0,1" bc="FFFFFFFF" ac="FFFFFFFF" sc="6"><vp x="-1" y="2" z="5"/></o></c><c d="01_block" t="0"><o r="1,0,0,0,1,0,0,0,1" bc="FFFFFFFF" ac="FFFFFFFF" sc="6"><vp x="-2" y="2" z="2"/></o></c><c d="01_block" t="0"><o r="1,0,0,0,1,0,0,0,1" bc="FFFFFFFF" ac="FFFFFFFF" sc="6"><vp x="-2" y="2" z="3"/></o></c><c d="01_block" t="0"><o r="1,0,0,0,1,0,0,0,1" bc="FFFFFFFF" ac="FFFFFFFF" sc="6"><vp x="-2" y="2" z="4"/></o></c><c d="01_block" t="0"><o r="1,0,0,0,1,0,0,0,1" bc="FFFFFFFF" ac="FFFFFFFF" sc="6"><vp x="-2" y="2" z="5"/></o></c><c d="01_block" t="0"><o r="1,0,0,0,1,0,0,0,1" bc="FFFFFFFF" ac="FFFFFFFF" sc="6"><vp x="-3" y="2" z="2"/></o></c><c d="01_block" t="0"><o r="1,0,0,0,1,0,0,0,1" bc="FFFFFFFF" ac="FFFFFFFF" sc="6"><vp x="-3" y="2" z="3"/></o></c><c d="01_block" t="0"><o r="1,0,0,0,1,0,0,0,1" bc="FFFFFFFF" ac="FFFFFFFF" sc="6"><vp x="-3" y="2" z="4"/></o></c><c d="01_block" t="0"><o r="1,0,0,0,1,0,0,0,1" bc="FFFFFFFF" ac="FFFFFFFF" sc="6"><vp x="-3" y="2" z="5"/></o></c><c d="01_block" t="0"><o r="-1,0,0,0,-1,0,0,0,1" bc="FFFFFFFF" ac="FFFFFFFF" sc="6"><vp x="-2" y="-1" z="5"/></o></c><c d="01_block" t="0"><o r="-1,0,0,0,-1,0,0,0,1" bc="FFFFFFFF" ac="FFFFFFFF" sc="6"><vp x="-2" y="0" z="5"/></o></c><c d="01_block" t="0"><o r="-1,0,0,0,-1,0,0,0,1" bc="FFFFFFFF" ac="FFFFFFFF" sc="6"><vp x="-2" y="1" z="5"/></o></c><c d="01_block" t="0"><o r="0,0,-1,1,0,0,0,-1,0" bc="FFFFFFFF" ac="FFFFFFFF" sc="6"><vp x="2" y="-1" z="5"/></o></c><c d="01_block" t="0"><o r="0,0,-1,1,0,0,0,-1,0" bc="FFFFFFFF" ac="FFFFFFFF" sc="6"><vp x="2" y="0" z="5"/></o></c><c d="01_block" t="0"><o r="0,0,-1,1,0,0,0,-1,0" bc="FFFFFFFF" ac="FFFFFFFF" sc="6"><vp x="2" y="1" z="5"/></o></c><c d="02_wedge" t="0"><o r="-1,0,0,0,0,1,0,1,0" bc="FFFFFFFF" ac="FFFFFFFF" sc="5"><vp x="-3" y="0" z="2"/></o></c><c d="01_block" t="0"><o r="0,0,1,-1,0,0,0,-1,0" bc="FFFFFFFF" ac="FFFFFFFF" sc="6"><vp x="-1" y="0" z="4"/></o></c><c d="01_block" t="0"><o r="-1,0,0,0,-1,0,0,0,1" bc="FFFFFFFF" ac="FFFFFFFF" sc="6"><vp x="-3" y="1" z="6"/></o></c><c d="01_block" t="0"><o r="-1,0,0,0,-1,0,0,0,1" bc="FFFFFFFF" ac="FFFFFFFF" sc="6"><vp x="-3" y="0" z="6"/></o></c><c d="01_block" t="0"><o r="-1,0,0,0,-1,0,0,0,1" bc="FFFFFFFF" ac="FFFFFFFF" sc="6"><vp x="-3" y="-1" z="6"/></o></c><c d="02_wedge" t="0"><o r="1,0,0,0,0,1,0,-1,0" bc="FFFFFFFF" ac="FFFFFFFF" sc="5"><vp x="-3" y="2" z="6"/></o></c><c d="01_block" t="0"><o r="1,0,0,0,0,-1,0,1,0" bc="FFFFFFFF" ac="FFFFFFFF" sc="6"><vp x="-2" y="-1" z="2"/></o></c><c d="01_block" t="0"><o r="1,0,0,0,0,-1,0,1,0" bc="FFFFFFFF" ac="FFFFFFFF" sc="6"><vp x="-2" y="-1" z="3"/></o></c><c d="01_block" t="0"><o r="1,0,0,0,0,-1,0,1,0" bc="FFFFFFFF" ac="FFFFFFFF" sc="6"><vp x="-2" y="0" z="3"/></o></c><c d="01_block" t="0"><o r="1,0,0,0,0,-1,0,1,0" bc="FFFFFFFF" ac="FFFFFFFF" sc="6"><vp x="-2" y="0" z="4"/></o></c><c d="01_block" t="0"><o r="1,0,0,0,0,-1,0,1,0" bc="FFFFFFFF" ac="FFFFFFFF" sc="6"><vp x="-2" y="1" z="3"/></o></c><c d="01_block" t="0"><o r="1,0,0,0,0,-1,0,1,0" bc="FFFFFFFF" ac="FFFFFFFF" sc="6"><vp x="-2" y="1" z="4"/></o></c><c d="trans_block_straight" t="0"><o r="0,0,-1,1,0,0,0,-1,0" bc="FFFFFFFF" ac="FFFFFFFF" sc="6" custom_name=""><vp x="-1" y="-1" z="4"/></o></c><c d="motor_small" t="0"><o r="0,0,-1,1,0,0,0,-1,0" bc="FFFFFFFF" ac="FFFFFFFF" sc="6" custom_name="" default_state="false"><vp x="-2" y="-1" z="4"/><logic_slots><slot value="0"/><slot value="false"/><slot value="0"/></logic_slots></o></c><c d="trans_block_angle" t="0"><o r="1,0,0,0,1,0,0,0,1" bc="FFFFFFFF" ac="FFFFFFFF" sc="6" custom_name=""><vp x="2" y="-1" z="2"/></o></c><c d="trans_block_angle" t="0"><o r="0,1,0,0,0,1,1,0,0" bc="FFFFFFFF" ac="FFFFFFFF" sc="6" custom_name=""><vp x="2" y="0" z="2"/></o></c><c d="trans_block_straight" t="0"><o r="0,0,1,1,0,0,0,1,0" bc="FFFFFFFF" ac="FFFFFFFF" sc="6" custom_name=""><vp x="2" y="0" z="3"/></o></c><c d="01_block" t="0"><o r="-1,0,0,0,-1,0,0,0,1" bc="FFFFFFFF" ac="FFFFFFFF" sc="6"><vp x="2" y="1" z="4"/></o></c><c d="01_block" t="0"><o r="-1,0,0,0,-1,0,0,0,1" bc="FFFFFFFF" ac="FFFFFFFF" sc="6"><vp x="2" y="1" z="3"/></o></c><c d="trans_block_angle" t="0"><o r="0,-1,0,-1,0,0,0,0,-1" bc="FFFFFFFF" ac="FFFFFFFF" sc="6" custom_name=""><vp x="1" y="-1" z="3"/></o></c><c d="01_block" t="0"><o r="0,0,-1,1,0,0,0,-1,0" bc="FFFFFFFF" ac="FFFFFFFF" sc="6"><vp x="2" y="-1" z="3"/></o></c><c d="trans_block_angle" t="0"><o r="0,-1,0,0,0,1,-1,0,0" bc="FFFFFFFF" ac="FFFFFFFF" sc="6" custom_name=""><vp x="1" y="-1" z="4"/></o></c><c d="trans_block_angle" t="0"><o r="0,1,0,1,0,0,0,0,-1" bc="FFFFFFFF" ac="FFFFFFFF" sc="6" custom_name=""><vp x="1" y="0" z="4"/></o></c><c d="trans_block_angle" t="0"><o r="1,0,0,0,0,-1,0,1,0" bc="FFFFFFFF" ac="FFFFFFFF" sc="6" custom_name=""><vp x="2" y="0" z="4"/></o></c><c d="trans_angle" t="0"><o r="0,-1,0,1,0,0,0,0,1" bc="FFFFFFFF" ac="FFFFFFFF" sc="2" custom_name=""><vp x="-1" y="0" z="3"/></o></c><c d="trans_straight" t="0"><o r="0,0,-1,0,1,0,1,0,0" bc="FFFFFFFF" ac="FFFFFFFF" sc="2" custom_name=""><vp x="-1" y="-1" z="3"/></o></c><c d="02_wedge" t="0"><o r="1,0,0,0,-1,0,0,0,-1" bc="FFFFFFFF" ac="FFFFFFFF" sc="5"><vp x="3" y="0" z="2"/></o></c><c d="02_wedge" t="0"><o r="1,0,0,0,0,1,0,-1,0" bc="FFFFFFFF" ac="FFFFFFFF" sc="5"><vp x="3" y="2" z="6"/></o></c><c d="01_block" t="0"><o r="-1,0,0,0,-1,0,0,0,1" bc="FFFFFFFF" ac="FFFFFFFF" sc="6"><vp x="3" y="1" z="6"/></o></c><c d="01_block" t="0"><o r="-1,0,0,0,-1,0,0,0,1" bc="FFFFFFFF" ac="FFFFFFFF" sc="6"><vp x="3" y="0" z="6"/></o></c><c d="01_block" t="0"><o r="-1,0,0,0,-1,0,0,0,1" bc="FFFFFFFF" ac="FFFFFFFF" sc="6"><vp x="3" y="-1" z="6"/></o></c><c d="trans_block_angle" t="0"><o r="0,0,-1,0,1,0,1,0,0" bc="FFFFFFFF" ac="FFFFFFFF" sc="6" custom_name=""><vp x="0" y="0" z="-3"/></o></c><c d="fluid_tank_medium" t="0"><o r="0,0,-1,0,-1,0,-1,0,0" bc="FFFFFFFF" ac="FFFFFFFF" sc="32" custom_name="" fluid_type="1" fluid_filter="4294967295"><vp x="0" y="1" z="-3"/><logic_slots><slot value="0"/><slot value="0"/><slot value="false"/><slot value="0"/><slot value="0"/><slot value="0"/></logic_slots></o></c><c d="01_block" t="0"><o r="1,0,0,0,0,-1,0,1,0" bc="FFFFFFFF" ac="FFFFFFFF" sc="6"><vp x="-3" y="0" z="-3"/></o></c><c d="01_block" t="0"><o r="1,0,0,0,0,-1,0,1,0" bc="FFFFFFFF" ac="FFFFFFFF" sc="6"><vp x="-2" y="0" z="-3"/></o></c><c d="01_block" t="0"><o r="1,0,0,0,0,-1,0,1,0" bc="FFFFFFFF" ac="FFFFFFFF" sc="6"><vp x="-1" y="0" z="-3"/></o></c><c d="01_block" t="0"><o r="1,0,0,0,0,-1,0,1,0" bc="FFFFFFFF" ac="FFFFFFFF" sc="6"><vp x="1" y="0" z="-3"/></o></c><c d="01_block" t="0"><o r="1,0,0,0,0,-1,0,1,0" bc="FFFFFFFF" ac="FFFFFFFF" sc="6"><vp x="2" y="0" z="-3"/></o></c><c d="01_block" t="0"><o r="1,0,0,0,0,-1,0,1,0" bc="FFFFFFFF" ac="FFFFFFFF" sc="6"><vp x="3" y="0" z="-3"/></o></c><c d="01_block" t="0"><o r="1,0,0,0,0,-1,0,1,0" bc="FFFFFFFF" ac="FFFFFFFF" sc="6"><vp x="-3" y="0" z="-4"/></o></c><c d="01_block" t="0"><o r="1,0,0,0,0,-1,0,1,0" bc="FFFFFFFF" ac="FFFFFFFF" sc="6"><vp x="-2" y="0" z="-4"/></o></c><c d="01_block" t="0"><o r="1,0,0,0,0,-1,0,1,0" bc="FFFFFFFF" ac="FFFFFFFF" sc="6"><vp x="-1" y="0" z="-4"/></o></c><c d="01_block" t="0"><o r="1,0,0,0,0,-1,0,1,0" bc="FFFFFFFF" ac="FFFFFFFF" sc="6"><vp x="0" y="0" z="-4"/></o></c><c d="01_block" t="0"><o r="1,0,0,0,0,-1,0,1,0" bc="FFFFFFFF" ac="FFFFFFFF" sc="6"><vp x="1" y="0" z="-4"/></o></c><c d="01_block" t="0"><o r="1,0,0,0,0,-1,0,1,0" bc="FFFFFFFF" ac="FFFFFFFF" sc="6"><vp x="2" y="0" z="-4"/></o></c><c d="01_block" t="0"><o r="1,0,0,0,0,-1,0,1,0" bc="FFFFFFFF" ac="FFFFFFFF" sc="6"><vp x="3" y="0" z="-4"/></o></c><c d="01_block" t="0"><o r="-1,0,0,0,-1,0,0,0,1" bc="FFFFFFFF" ac="FFFFFFFF" sc="6"><vp x="-2" y="-1" z="-4"/></o></c><c d="01_block" t="0"><o r="-1,0,0,0,-1,0,0,0,1" bc="FFFFFFFF" ac="FFFFFFFF" sc="6"><vp x="-2" y="0" z="-5"/></o></c><c d="01_block" t="0"><o r="-1,0,0,0,-1,0,0,0,1" bc="FFFFFFFF" ac="FFFFFFFF" sc="6"><vp x="-2" y="-1" z="-5"/></o></c><c d="01_block" t="0"><o r="1,0,0,0,0,-1,0,1,0" bc="FFFFFFFF" ac="FFFFFFFF" sc="6"><vp x="-2" y="-1" z="-6"/></o></c><c d="01_block" t="0"><o r="1,0,0,0,0,-1,0,1,0" bc="FFFFFFFF" ac="FFFFFFFF" sc="6"><vp x="-2" y="0" z="-6"/></o></c><c d="motor_small" t="0"><o r="0,0,1,-1,0,0,0,-1,0" bc="FFFFFFFF" ac="FFFFFFFF" sc="6" custom_name="" default_state="false"><vp x="2" y="-1" z="4"/><logic_slots><slot value="0"/><slot value="false"/><slot value="0"/></logic_slots></o></c><c d="01_block" t="0"><o r="0,0,-1,1,0,0,0,-1,0" bc="FFFFFFFF" ac="FFFFFFFF" sc="6"><vp x="4" y="0" z="-4"/></o></c><c d="01_block" t="0"><o r="0,0,-1,1,0,0,0,-1,0" bc="FFFFFFFF" ac="FFFFFFFF" sc="6"><vp x="4" y="0" z="-3"/></o></c><c d="01_block" t="0"><o r="0,0,-1,1,0,0,0,-1,0" bc="FFFFFFFF" ac="FFFFFFFF" sc="6"><vp x="4" y="0" z="-2"/></o></c><c d="01_block" t="0"><o r="0,0,-1,1,0,0,0,-1,0" bc="FFFFFFFF" ac="FFFFFFFF" sc="6"><vp x="4" y="0" z="-1"/></o></c><c d="01_block" t="0"><o r="0,0,-1,1,0,0,0,-1,0" bc="FFFFFFFF" ac="FFFFFFFF" sc="6"><vp x="4" y="0" z="0"/></o></c><c d="01_block" t="0"><o r="0,0,-1,1,0,0,0,-1,0" bc="FFFFFFFF" ac="FFFFFFFF" sc="6"><vp x="4" y="0" z="1"/></o></c><c d="01_block" t="0"><o r="0,0,-1,1,0,0,0,-1,0" bc="FFFFFFFF" ac="FFFFFFFF" sc="6"><vp x="4" y="1" z="-4"/></o></c><c d="01_block" t="0"><o r="0,0,-1,1,0,0,0,-1,0" bc="FFFFFFFF" ac="FFFFFFFF" sc="6"><vp x="4" y="1" z="-3"/></o></c><c d="01_block" t="0"><o r="0,0,-1,1,0,0,0,-1,0" bc="FFFFFFFF" ac="FFFFFFFF" sc="6"><vp x="4" y="1" z="-2"/></o></c><c d="01_block" t="0"><o r="0,0,-1,1,0,0,0,-1,0" bc="FFFFFFFF" ac="FFFFFFFF" sc="6"><vp x="4" y="1" z="-1"/></o></c><c d="01_block" t="0"><o r="0,0,-1,1,0,0,0,-1,0" bc="FFFFFFFF" ac="FFFFFFFF" sc="6"><vp x="4" y="1" z="0"/></o></c><c d="01_block" t="0"><o r="0,0,-1,1,0,0,0,-1,0" bc="FFFFFFFF" ac="FFFFFFFF" sc="6"><vp x="4" y="1" z="1"/></o></c><c d="01_block" t="0"><o r="0,0,-1,1,0,0,0,-1,0" bc="FFFFFFFF" ac="FFFFFFFF" sc="6"><vp x="4" y="2" z="-4"/></o></c><c d="01_block" t="0"><o r="0,0,-1,1,0,0,0,-1,0" bc="FFFFFFFF" ac="FFFFFFFF" sc="6"><vp x="4" y="2" z="-3"/></o></c><c d="01_block" t="0"><o r="0,0,-1,1,0,0,0,-1,0" bc="FFFFFFFF" ac="FFFFFFFF" sc="6"><vp x="4" y="2" z="-2"/></o></c><c d="01_block" t="0"><o r="0,0,-1,1,0,0,0,-1,0" bc="FFFFFFFF" ac="FFFFFFFF" sc="6"><vp x="4" y="2" z="-1"/></o></c><c d="01_block" t="0"><o r="0,0,-1,1,0,0,0,-1,0" bc="FFFFFFFF" ac="FFFFFFFF" sc="6"><vp x="4" y="2" z="0"/></o></c><c d="01_block" t="0"><o r="0,0,-1,1,0,0,0,-1,0" bc="FFFFFFFF" ac="FFFFFFFF" sc="6"><vp x="4" y="2" z="1"/></o></c><c d="01_block" t="0"><o r="0,0,-1,1,0,0,0,-1,0" bc="FFFFFFFF" ac="FFFFFFFF" sc="6"><vp x="4" y="2" z="2"/></o></c><c d="05_wedge_2" t="0"><o r="-1,0,0,0,0,1,0,1,0" bc="FFFFFFFF" ac="FFFFFFFF" sc="9"><vp x="4" y="1" z="2"/></o></c><c d="01_block" t="0"><o r="0,0,1,-1,0,0,0,-1,0" bc="FFFFFFFF" ac="FFFFFFFF" sc="6"><vp x="-3" y="0" z="-6"/></o></c><c d="01_block" t="0"><o r="0,0,1,-1,0,0,0,-1,0" bc="FFFFFFFF" ac="FFFFFFFF" sc="6"><vp x="-3" y="0" z="-5"/></o></c><c d="01_block" t="0"><o r="0,0,1,-1,0,0,0,-1,0" bc="FFFFFFFF" ac="FFFFFFFF" sc="6"><vp x="-4" y="0" z="-6"/></o></c><c d="01_block" t="0"><o r="0,0,1,-1,0,0,0,-1,0" bc="FFFFFFFF" ac="FFFFFFFF" sc="6"><vp x="-4" y="0" z="-5"/></o></c><c d="01_block" t="0"><o r="0,0,1,-1,0,0,0,-1,0" bc="FFFFFFFF" ac="FFFFFFFF" sc="6"><vp x="-4" y="0" z="-4"/></o></c><c d="01_block" t="0"><o r="0,0,1,-1,0,0,0,-1,0" bc="FFFFFFFF" ac="FFFFFFFF" sc="6"><vp x="-4" y="0" z="-3"/></o></c><c d="01_block" t="0"><o r="0,0,1,-1,0,0,0,-1,0" bc="FFFFFFFF" ac="FFFFFFFF" sc="6"><vp x="-4" y="0" z="-2"/></o></c><c d="01_block" t="0"><o r="0,0,1,-1,0,0,0,-1,0" bc="FFFFFFFF" ac="FFFFFFFF" sc="6"><vp x="-4" y="0" z="-1"/></o></c><c d="01_block" t="0"><o r="0,0,1,-1,0,0,0,-1,0" bc="FFFFFFFF" ac="FFFFFFFF" sc="6"><vp x="-4" y="0" z="0"/></o></c><c d="01_block" t="0"><o r="0,0,1,-1,0,0,0,-1,0" bc="FFFFFFFF" ac="FFFFFFFF" sc="6"><vp x="-4" y="0" z="1"/></o></c><c d="01_block" t="0"><o r="0,0,1,-1,0,0,0,-1,0" bc="FFFFFFFF" ac="FFFFFFFF" sc="6"><vp x="-4" y="1" z="-6"/></o></c><c d="01_block" t="0"><o r="0,0,1,-1,0,0,0,-1,0" bc="FFFFFFFF" ac="FFFFFFFF" sc="6"><vp x="-4" y="1" z="-5"/></o></c><c d="01_block" t="0"><o r="0,0,1,-1,0,0,0,-1,0" bc="FFFFFFFF" ac="FFFFFFFF" sc="6"><vp x="-4" y="1" z="-4"/></o></c><c d="01_block" t="0"><o r="0,0,1,-1,0,0,0,-1,0" bc="FFFFFFFF" ac="FFFFFFFF" sc="6"><vp x="-4" y="1" z="-3"/></o></c><c d="01_block" t="0"><o r="0,0,1,-1,0,0,0,-1,0" bc="FFFFFFFF" ac="FFFFFFFF" sc="6"><vp x="-4" y="1" z="-2"/></o></c><c d="01_block" t="0"><o r="0,0,1,-1,0,0,0,-1,0" bc="FFFFFFFF" ac="FFFFFFFF" sc="6"><vp x="-4" y="1" z="-1"/></o></c><c d="01_block" t="0"><o r="0,0,1,-1,0,0,0,-1,0" bc="FFFFFFFF" ac="FFFFFFFF" sc="6"><vp x="-4" y="1" z="0"/></o></c><c d="01_block" t="0"><o r="0,0,1,-1,0,0,0,-1,0" bc="FFFFFFFF" ac="FFFFFFFF" sc="6"><vp x="-4" y="1" z="1"/></o></c><c d="01_block" t="0"><o r="0,0,1,-1,0,0,0,-1,0" bc="FFFFFFFF" ac="FFFFFFFF" sc="6"><vp x="-4" y="2" z="-6"/></o></c><c d="01_block" t="0"><o r="0,0,1,-1,0,0,0,-1,0" bc="FFFFFFFF" ac="FFFFFFFF" sc="6"><vp x="-4" y="2" z="-5"/></o></c><c d="01_block" t="0"><o r="0,0,1,-1,0,0,0,-1,0" bc="FFFFFFFF" ac="FFFFFFFF" sc="6"><vp x="-4" y="2" z="-4"/></o></c><c d="01_block" t="0"><o r="0,0,1,-1,0,0,0,-1,0" bc="FFFFFFFF" ac="FFFFFFFF" sc="6"><vp x="-4" y="2" z="-3"/></o></c><c d="01_block" t="0"><o r="0,0,1,-1,0,0,0,-1,0" bc="FFFFFFFF" ac="FFFFFFFF" sc="6"><vp x="-4" y="2" z="-2"/></o></c><c d="01_block" t="0"><o r="0,0,1,-1,0,0,0,-1,0" bc="FFFFFFFF" ac="FFFFFFFF" sc="6"><vp x="-4" y="2" z="-1"/></o></c><c d="01_block" t="0"><o r="0,0,1,-1,0,0,0,-1,0" bc="FFFFFFFF" ac="FFFFFFFF" sc="6"><vp x="-4" y="2" z="0"/></o></c><c d="01_block" t="0"><o r="0,0,1,-1,0,0,0,-1,0" bc="FFFFFFFF" ac="FFFFFFFF" sc="6"><vp x="-4" y="2" z="1"/></o></c><c d="01_block" t="0"><o r="0,0,1,-1,0,0,0,-1,0" bc="FFFFFFFF" ac="FFFFFFFF" sc="6"><vp x="-4" y="2" z="2"/></o></c><c d="05_wedge_2" t="0"><o r="-1,0,0,0,0,1,0,1,0" bc="FFFFFFFF" ac="FFFFFFFF" sc="9"><vp x="-4" y="1" z="2"/></o></c><c d="01_block" t="0"><o r="1,0,0,0,0,-1,0,1,0" bc="FFFFFFFF" ac="FFFFFFFF" sc="6"><vp x="-1" y="0" z="-6"/></o></c><c d="01_block" t="0"><o r="1,0,0,0,0,-1,0,1,0" bc="FFFFFFFF" ac="FFFFFFFF" sc="6"><vp x="-1" y="0" z="-5"/></o></c><c d="01_block" t="0"><o r="1,0,0,0,0,-1,0,1,0" bc="FFFFFFFF" ac="FFFFFFFF" sc="6"><vp x="0" y="0" z="-6"/></o></c><c d="01_block" t="0"><o r="1,0,0,0,0,-1,0,1,0" bc="FFFFFFFF" ac="FFFFFFFF" sc="6"><vp x="0" y="0" z="-5"/></o></c><c d="01_block" t="0"><o r="1,0,0,0,0,-1,0,1,0" bc="FFFFFFFF" ac="FFFFFFFF" sc="6"><vp x="1" y="0" z="-6"/></o></c><c d="01_block" t="0"><o r="1,0,0,0,0,-1,0,1,0" bc="FFFFFFFF" ac="FFFFFFFF" sc="6"><vp x="1" y="0" z="-5"/></o></c><c d="01_block" t="0"><o r="1,0,0,0,0,-1,0,1,0" bc="FFFFFFFF" ac="FFFFFFFF" sc="6"><vp x="2" y="0" z="-6"/></o></c><c d="01_block" t="0"><o r="1,0,0,0,0,-1,0,1,0" bc="FFFFFFFF" ac="FFFFFFFF" sc="6"><vp x="2" y="0" z="-5"/></o></c><c d="01_block" t="0"><o r="1,0,0,0,0,-1,0,1,0" bc="FFFFFFFF" ac="FFFFFFFF" sc="6"><vp x="3" y="0" z="-6"/></o></c><c d="01_block" t="0"><o r="1,0,0,0,0,-1,0,1,0" bc="FFFFFFFF" ac="FFFFFFFF" sc="6"><vp x="3" y="0" z="-5"/></o></c><c d="01_block" t="0"><o r="1,0,0,0,0,-1,0,1,0" bc="FFFFFFFF" ac="FFFFFFFF" sc="6"><vp x="4" y="0" z="-6"/></o></c><c d="01_block" t="0"><o r="1,0,0,0,0,-1,0,1,0" bc="FFFFFFFF" ac="FFFFFFFF" sc="6"><vp x="4" y="0" z="-5"/></o></c><c d="01_block" t="0"><o r="1,0,0,0,0,-1,0,1,0" bc="FFFFFFFF" ac="FFFFFFFF" sc="6"><vp x="4" y="1" z="-6"/></o></c><c d="01_block" t="0"><o r="1,0,0,0,0,-1,0,1,0" bc="FFFFFFFF" ac="FFFFFFFF" sc="6"><vp x="4" y="1" z="-5"/></o></c><c d="01_block" t="0"><o r="1,0,0,0,0,-1,0,1,0" bc="FFFFFFFF" ac="FFFFFFFF" sc="6"><vp x="4" y="2" z="-6"/></o></c><c d="01_block" t="0"><o r="1,0,0,0,0,-1,0,1,0" bc="FFFFFFFF" ac="FFFFFFFF" sc="6"><vp x="4" y="2" z="-5"/></o></c><c d="05_wedge_2" t="0"><o r="1,0,0,0,0,-1,0,1,0" bc="FFFFFFFF" ac="FFFFFFFF" sc="9"><vp x="4" y="1" z="-7"/></o></c><c d="05_wedge_2" t="1"><o r="1,0,0,0,0,-1,0,1,0" bc="FFFFFFFF" ac="FFFFFFFF" sc="9"><vp x="-4" y="1" z="-7"/></o></c><c d="01_block" t="0"><o r="1,0,0,0,0,-1,0,1,0" bc="FFFFFFFF" ac="FFFFFFFF" sc="6"><vp x="4" y="2" z="-7"/></o></c><c d="01_block" t="1"><o r="1,0,0,0,0,-1,0,1,0" bc="FFFFFFFF" ac="FFFFFFFF" sc="6"><vp x="-4" y="2" z="-7"/></o></c><c d="01_block" t="0"><o r="0,0,-1,1,0,0,0,-1,0" bc="FFFFFFFF" ac="FFFFFFFF" sc="6"><vp x="4" y="2" z="3"/></o></c><c d="01_block" t="0"><o r="0,0,-1,1,0,0,0,-1,0" bc="FFFFFFFF" ac="FFFFFFFF" sc="6"><vp x="4" y="2" z="4"/></o></c><c d="01_block" t="0"><o r="0,0,-1,1,0,0,0,-1,0" bc="FFFFFFFF" ac="FFFFFFFF" sc="6"><vp x="4" y="2" z="5"/></o></c><c d="01_block" t="2"><o r="0,0,-1,1,0,0,0,-1,0" bc="FFFFFFFF" ac="FFFFFFFF" sc="6"><vp x="-4" y="2" z="3"/></o></c><c d="01_block" t="2"><o r="0,0,-1,1,0,0,0,-1,0" bc="FFFFFFFF" ac="FFFFFFFF" sc="6"><vp x="-4" y="2" z="4"/></o></c><c d="01_block" t="2"><o r="0,0,-1,1,0,0,0,-1,0" bc="FFFFFFFF" ac="FFFFFFFF" sc="6"><vp x="-4" y="2" z="5"/></o></c><c d="02_wedge" t="0"><o r="1,0,0,0,0,1,0,-1,0" bc="FFFFFFFF" ac="FFFFFFFF" sc="5"><vp x="4" y="2" z="6"/></o></c><c d="02_wedge" t="1"><o r="1,0,0,0,0,1,0,-1,0" bc="FFFFFFFF" ac="FFFFFFFF" sc="5"><vp x="-4" y="2" z="6"/></o></c><c d="01_block" t="0"><o r="0,0,-1,1,0,0,0,-1,0" bc="FFFFFFFF" ac="FFFFFFFF" sc="6"><vp x="4" y="1" z="6"/></o></c><c d="01_block" t="2"><o r="0,0,-1,1,0,0,0,-1,0" bc="FFFFFFFF" ac="FFFFFFFF" sc="6"><vp x="-4" y="1" z="6"/></o></c><c d="01_block" t="0"><o r="1,0,0,0,0,-1,0,1,0" bc="FFFFFFFF" ac="FFFFFFFF" sc="6"><vp x="-4" y="2" z="-8"/></o></c><c d="01_block" t="0"><o r="1,0,0,0,0,-1,0,1,0" bc="FFFFFFFF" ac="FFFFFFFF" sc="6"><vp x="4" y="2" z="-8"/></o></c><c d="01_block" t="0"><o r="1,0,0,0,0,-1,0,1,0" bc="FFFFFFFF" ac="FFFFFFFF" sc="6"><vp x="4" y="2" z="-9"/></o></c><c d="01_block" t="1"><o r="1,0,0,0,0,-1,0,1,0" bc="FFFFFFFF" ac="FFFFFFFF" sc="6"><vp x="-4" y="2" z="-9"/></o></c><c d="01_block" t="0"><o r="1,0,0,0,0,-1,0,1,0" bc="FFFFFFFF" ac="FFFFFFFF" sc="6"><vp x="-4" y="2" z="-10"/></o></c><c d="01_block" t="1"><o r="1,0,0,0,0,-1,0,1,0" bc="FFFFFFFF" ac="FFFFFFFF" sc="6"><vp x="4" y="2" z="-10"/></o></c><c d="01_block" t="0"><o r="1,0,0,0,0,-1,0,1,0" bc="FFFFFFFF" ac="FFFFFFFF" sc="6"><vp x="-2" y="-1" z="-7"/></o></c><c d="01_block" t="0"><o r="1,0,0,0,0,-1,0,1,0" bc="FFFFFFFF" ac="FFFFFFFF" sc="6"><vp x="-2" y="0" z="-7"/></o></c><c d="01_block" t="1"><o r="1,0,0,0,0,-1,0,1,0" bc="FFFFFFFF" ac="FFFFFFFF" sc="6"><vp x="2" y="0" z="-7"/></o></c><c d="01_block" t="1"><o r="1,0,0,0,0,-1,0,1,0" bc="FFFFFFFF" ac="FFFFFFFF" sc="6"><vp x="2" y="-1" z="-7"/></o></c><c d="01_block" t="0"><o r="1,0,0,0,1,0,0,0,1" bc="FFFFFFFF" ac="FFFFFFFF" sc="6"><vp x="-3" y="1" z="-6"/></o></c><c d="01_block" t="0"><o r="1,0,0,0,1,0,0,0,1" bc="FFFFFFFF" ac="FFFFFFFF" sc="6"><vp x="-2" y="1" z="-6"/></o></c><c d="01_block" t="1"><o r="1,0,0,0,1,0,0,0,1" bc="FFFFFFFF" ac="FFFFFFFF" sc="6"><vp x="3" y="1" z="-6"/></o></c><c d="01_block" t="1"><o r="1,0,0,0,1,0,0,0,1" bc="FFFFFFFF" ac="FFFFFFFF" sc="6"><vp x="2" y="1" z="-6"/></o></c><c d="01_block" t="0"><o r="1,0,0,0,1,0,0,0,1" bc="FFFFFFFF" ac="FFFFFFFF" sc="6"><vp x="-3" y="2" z="-10"/></o></c><c d="01_block" t="0"><o r="1,0,0,0,1,0,0,0,1" bc="FFFFFFFF" ac="FFFFFFFF" sc="6"><vp x="-3" y="2" z="-9"/></o></c><c d="01_block" t="0"><o r="1,0,0,0,1,0,0,0,1" bc="FFFFFFFF" ac="FFFFFFFF" sc="6"><vp x="-3" y="2" z="-8"/></o></c><c d="01_block" t="0"><o r="1,0,0,0,1,0,0,0,1" bc="FFFFFFFF" ac="FFFFFFFF" sc="6"><vp x="-3" y="2" z="-7"/></o></c><c d="01_block" t="0"><o r="1,0,0,0,1,0,0,0,1" bc="FFFFFFFF" ac="FFFFFFFF" sc="6"><vp x="-3" y="2" z="-6"/></o></c><c d="01_block" t="0"><o r="1,0,0,0,1,0,0,0,1" bc="FFFFFFFF" ac="FFFFFFFF" sc="6"><vp x="-2" y="2" z="-10"/></o></c><c d="01_block" t="0"><o r="1,0,0,0,1,0,0,0,1" bc="FFFFFFFF" ac="FFFFFFFF" sc="6"><vp x="-2" y="2" z="-9"/></o></c><c d="01_block" t="0"><o r="1,0,0,0,1,0,0,0,1" bc="FFFFFFFF" ac="FFFFFFFF" sc="6"><vp x="-2" y="2" z="-8"/></o></c><c d="01_block" t="0"><o r="1,0,0,0,1,0,0,0,1" bc="FFFFFFFF" ac="FFFFFFFF" sc="6"><vp x="-2" y="2" z="-7"/></o></c><c d="01_block" t="0"><o r="1,0,0,0,1,0,0,0,1" bc="FFFFFFFF" ac="FFFFFFFF" sc="6"><vp x="-2" y="2" z="-6"/></o></c><c d="01_block" t="1"><o r="1,0,0,0,1,0,0,0,1" bc="FFFFFFFF" ac="FFFFFFFF" sc="6"><vp x="3" y="2" z="-10"/></o></c><c d="01_block" t="1"><o r="1,0,0,0,1,0,0,0,1" bc="FFFFFFFF" ac="FFFFFFFF" sc="6"><vp x="3" y="2" z="-9"/></o></c><c d="01_block" t="1"><o r="1,0,0,0,1,0,0,0,1" bc="FFFFFFFF" ac="FFFFFFFF" sc="6"><vp x="3" y="2" z="-8"/></o></c><c d="01_block" t="1"><o r="1,0,0,0,1,0,0,0,1" bc="FFFFFFFF" ac="FFFFFFFF" sc="6"><vp x="3" y="2" z="-7"/></o></c><c d="01_block" t="1"><o r="1,0,0,0,1,0,0,0,1" bc="FFFFFFFF" ac="FFFFFFFF" sc="6"><vp x="3" y="2" z="-6"/></o></c><c d="01_block" t="1"><o r="1,0,0,0,1,0,0,0,1" bc="FFFFFFFF" ac="FFFFFFFF" sc="6"><vp x="2" y="2" z="-10"/></o></c><c d="01_block" t="1"><o r="1,0,0,0,1,0,0,0,1" bc="FFFFFFFF" ac="FFFFFFFF" sc="6"><vp x="2" y="2" z="-9"/></o></c><c d="01_block" t="1"><o r="1,0,0,0,1,0,0,0,1" bc="FFFFFFFF" ac="FFFFFFFF" sc="6"><vp x="2" y="2" z="-8"/></o></c><c d="01_block" t="1"><o r="1,0,0,0,1,0,0,0,1" bc="FFFFFFFF" ac="FFFFFFFF" sc="6"><vp x="2" y="2" z="-7"/></o></c><c d="01_block" t="1"><o r="1,0,0,0,1,0,0,0,1" bc="FFFFFFFF" ac="FFFFFFFF" sc="6"><vp x="2" y="2" z="-6"/></o></c><c d="01_block" t="0"><o r="-1,0,0,0,-1,0,0,0,1" bc="FFFFFFFF" ac="FFFFFFFF" sc="6"><vp x="-2" y="-1" z="-8"/></o></c><c d="01_block" t="0"><o r="-1,0,0,0,-1,0,0,0,1" bc="FFFFFFFF" ac="FFFFFFFF" sc="6"><vp x="-2" y="0" z="-8"/></o></c><c d="01_block" t="0"><o r="-1,0,0,0,-1,0,0,0,1" bc="FFFFFFFF" ac="FFFFFFFF" sc="6"><vp x="-2" y="1" z="-10"/></o></c><c d="01_block" t="0"><o r="-1,0,0,0,-1,0,0,0,1" bc="FFFFFFFF" ac="FFFFFFFF" sc="6"><vp x="-2" y="1" z="-9"/></o></c><c d="01_block" t="0"><o r="-1,0,0,0,-1,0,0,0,1" bc="FFFFFFFF" ac="FFFFFFFF" sc="6"><vp x="-2" y="1" z="-8"/></o></c><c d="01_block" t="0"><o r="-1,0,0,0,-1,0,0,0,1" bc="FFFFFFFF" ac="FFFFFFFF" sc="6"><vp x="-2" y="0" z="-10"/></o></c><c d="01_block" t="0"><o r="-1,0,0,0,-1,0,0,0,1" bc="FFFFFFFF" ac="FFFFFFFF" sc="6"><vp x="-2" y="0" z="-9"/></o></c><c d="01_block" t="0"><o r="-1,0,0,0,-1,0,0,0,1" bc="FFFFFFFF" ac="FFFFFFFF" sc="6"><vp x="-2" y="-1" z="-10"/></o></c><c d="01_block" t="1"><o r="-1,0,0,0,-1,0,0,0,1" bc="FFFFFFFF" ac="FFFFFFFF" sc="6"><vp x="2" y="-1" z="-8"/></o></c><c d="01_block" t="1"><o r="-1,0,0,0,-1,0,0,0,1" bc="FFFFFFFF" ac="FFFFFFFF" sc="6"><vp x="2" y="0" z="-8"/></o></c><c d="01_block" t="1"><o r="-1,0,0,0,-1,0,0,0,1" bc="FFFFFFFF" ac="FFFFFFFF" sc="6"><vp x="2" y="1" z="-10"/></o></c><c d="01_block" t="1"><o r="-1,0,0,0,-1,0,0,0,1" bc="FFFFFFFF" ac="FFFFFFFF" sc="6"><vp x="2" y="1" z="-9"/></o></c><c d="01_block" t="1"><o r="-1,0,0,0,-1,0,0,0,1" bc="FFFFFFFF" ac="FFFFFFFF" sc="6"><vp x="2" y="1" z="-8"/></o></c><c d="01_block" t="1"><o r="-1,0,0,0,-1,0,0,0,1" bc="FFFFFFFF" ac="FFFFFFFF" sc="6"><vp x="2" y="0" z="-10"/></o></c><c d="01_block" t="1"><o r="-1,0,0,0,-1,0,0,0,1" bc="FFFFFFFF" ac="FFFFFFFF" sc="6"><vp x="2" y="0" z="-9"/></o></c><c d="01_block" t="1"><o r="-1,0,0,0,-1,0,0,0,1" bc="FFFFFFFF" ac="FFFFFFFF" sc="6"><vp x="2" y="-1" z="-10"/></o></c><c d="01_block" t="0"><o r="1,0,0,0,0,-1,0,1,0" bc="FFFFFFFF" ac="FFFFFFFF" sc="6"><vp x="-2" y="1" z="-7"/></o></c><c d="01_block" t="1"><o r="1,0,0,0,0,-1,0,1,0" bc="FFFFFFFF" ac="FFFFFFFF" sc="6"><vp x="2" y="1" z="-7"/></o></c><c d="motor_small" t="0"><o r="0,-1,0,1,0,0,0,0,1" bc="FFFFFFFF" ac="FFFFFFFF" sc="6" custom_name="" default_state="false"><vp x="-2" y="-1" z="-9"/><logic_slots><slot value="0"/><slot value="false"/><slot value="0"/></logic_slots></o></c><c d="motor_small" t="2"><o r="0,-1,0,1,0,0,0,0,1" bc="FFFFFFFF" ac="FFFFFFFF" sc="6" custom_name="" default_state="false"><vp x="2" y="-1" z="-9"/><logic_slots><slot value="0"/><slot value="false"/><slot value="0"/></logic_slots></o></c><c d="05_wedge_2" t="0"><o r="1,0,0,0,0,-1,0,1,0" bc="FFFFFFFF" ac="FFFFFFFF" sc="9"><vp x="-4" y="0" z="6"/></o></c><c d="05_wedge_2" t="1"><o r="1,0,0,0,0,-1,0,1,0" bc="FFFFFFFF" ac="FFFFFFFF" sc="9"><vp x="4" y="0" z="6"/></o></c><c d="01_block" t="0"><o r="-1,0,0,0,-1,0,0,0,1" bc="FFFFFFFF" ac="FFFFFFFF" sc="6"><vp x="2" y="-1" z="-6"/></o></c><c d="01_block" t="0"><o r="-1,0,0,0,-1,0,0,0,1" bc="FFFFFFFF" ac="FFFFFFFF" sc="6"><vp x="2" y="-1" z="-5"/></o></c><c d="01_block" t="0"><o r="-1,0,0,0,-1,0,0,0,1" bc="FFFFFFFF" ac="FFFFFFFF" sc="6"><vp x="2" y="-1" z="-4"/></o></c><c d="01_block" t="0"><o r="0,0,1,-1,0,0,0,-1,0" bc="FFFFFFFF" ac="FFFFFFFF" sc="6"><vp x="-1" y="2" z="-10"/></o></c><c d="01_block" t="0"><o r="0,0,1,-1,0,0,0,-1,0" bc="FFFFFFFF" ac="FFFFFFFF" sc="6"><vp x="-1" y="2" z="-9"/></o></c><c d="01_block" t="0"><o r="0,0,1,-1,0,0,0,-1,0" bc="FFFFFFFF" ac="FFFFFFFF" sc="6"><vp x="-1" y="2" z="-8"/></o></c><c d="01_block" t="0"><o r="0,0,1,-1,0,0,0,-1,0" bc="FFFFFFFF" ac="FFFFFFFF" sc="6"><vp x="-1" y="2" z="-7"/></o></c><c d="01_block" t="0"><o r="0,0,1,-1,0,0,0,-1,0" bc="FFFFFFFF" ac="FFFFFFFF" sc="6"><vp x="-1" y="2" z="-6"/></o></c><c d="01_block" t="0"><o r="0,0,1,-1,0,0,0,-1,0" bc="FFFFFFFF" ac="FFFFFFFF" sc="6"><vp x="0" y="2" z="-10"/></o></c><c d="01_block" t="0"><o r="0,0,1,-1,0,0,0,-1,0" bc="FFFFFFFF" ac="FFFFFFFF" sc="6"><vp x="0" y="2" z="-9"/></o></c><c d="01_block" t="0"><o r="0,0,1,-1,0,0,0,-1,0" bc="FFFFFFFF" ac="FFFFFFFF" sc="6"><vp x="0" y="2" z="-8"/></o></c><c d="01_block" t="0"><o r="0,0,1,-1,0,0,0,-1,0" bc="FFFFFFFF" ac="FFFFFFFF" sc="6"><vp x="0" y="2" z="-7"/></o></c><c d="01_block" t="0"><o r="0,0,1,-1,0,0,0,-1,0" bc="FFFFFFFF" ac="FFFFFFFF" sc="6"><vp x="0" y="2" z="-6"/></o></c><c d="01_block" t="0"><o r="0,0,1,-1,0,0,0,-1,0" bc="FFFFFFFF" ac="FFFFFFFF" sc="6"><vp x="1" y="2" z="-10"/></o></c><c d="01_block" t="0"><o r="0,0,1,-1,0,0,0,-1,0" bc="FFFFFFFF" ac="FFFFFFFF" sc="6"><vp x="1" y="2" z="-9"/></o></c><c d="01_block" t="0"><o r="0,0,1,-1,0,0,0,-1,0" bc="FFFFFFFF" ac="FFFFFFFF" sc="6"><vp x="1" y="2" z="-8"/></o></c><c d="01_block" t="0"><o r="0,0,1,-1,0,0,0,-1,0" bc="FFFFFFFF" ac="FFFFFFFF" sc="6"><vp x="1" y="2" z="-7"/></o></c><c d="01_block" t="0"><o r="0,0,1,-1,0,0,0,-1,0" bc="FFFFFFFF" ac="FFFFFFFF" sc="6"><vp x="1" y="2" z="-6"/></o></c><c d="02_wedge" t="0"><o r="0,1,0,0,0,1,1,0,0" bc="FFFFFFFF" ac="FFFFFFFF" sc="5"><vp x="-4" y="3" z="2"/></o></c><c d="02_wedge" t="4"><o r="0,1,0,0,0,1,1,0,0" bc="FFFFFFFF" ac="FFFFFFFF" sc="5"><vp x="4" y="3" z="2"/></o></c><c d="01_block" t="0"><o r="1,0,0,0,1,0,0,0,1" bc="FFFFFFFF" ac="FFFFFFFF" sc="6"><vp x="-3" y="3" z="2"/></o></c><c d="01_block" t="0"><o r="1,0,0,0,1,0,0,0,1" bc="FFFFFFFF" ac="FFFFFFFF" sc="6"><vp x="-2" y="3" z="2"/></o></c><c d="01_block" t="1"><o r="1,0,0,0,1,0,0,0,1" bc="FFFFFFFF" ac="FFFFFFFF" sc="6"><vp x="3" y="3" z="2"/></o></c><c d="01_block" t="1"><o r="1,0,0,0,1,0,0,0,1" bc="FFFFFFFF" ac="FFFFFFFF" sc="6"><vp x="2" y="3" z="2"/></o></c><c d="window_3x2" t="0"><o r="0,0,1,1,0,0,0,1,0" bc="FFFFFFFF" ac="FFFFFFFF" sc="10"><vp x="-2" y="5" z="2"/></o></c><c d="window_3x2" t="2"><o r="0,0,1,1,0,0,0,1,0" bc="FFFFFFFF" ac="FFFFFFFF" sc="10"><vp x="2" y="5" z="2"/></o></c><c d="window_2x1" t="0"><o r="0,0,1,0,-1,0,1,0,0" bc="FFFFFFFF" ac="FFFFFFFF" sc="6"><vp x="0" y="4" z="2"/></o></c><c d="wheel_advanced_3_sus" t="1"><o r="0,0,1,-1,0,0,0,-1,0" bc="FFFFFFFF" ac="FFFFFFFF" sc="1" custom_name="" grip_factor="1" stiffness_factor="0.4" damping_factor="0.11" tire_type="1" wheel_size="1" tyre_pressure="1"><vp x="-3" y="-1" z="4"/><logic_slots><slot value="false"/><slot value="0"/><slot value="0"/></logic_slots></o></c><c d="wheel_advanced_3_sus" t="1"><o r="0,0,-1,1,0,0,0,-1,0" bc="FFFFFFFF" ac="FFFFFFFF" sc="1" custom_name="" grip_factor="1" stiffness_factor="0.4" damping_factor="0.11" tire_type="1" wheel_size="1" tyre_pressure="1"><vp x="3" y="-1" z="4"/><logic_slots><slot value="false"/><slot value="0"/><slot value="0"/></logic_slots></o></c><c d="wheel_advanced_3_sus" t="1"><o r="0,0,-1,1,0,0,0,-1,0" bc="FFFFFFFF" ac="FFFFFFFF" sc="1" custom_name="" grip_factor="1" stiffness_factor="0.4" damping_factor="0.11" tire_type="1" wheel_size="1" tyre_pressure="1"><vp x="3" y="-1" z="-9"/><logic_slots><slot value="false"/><slot value="0"/><slot value="0"/></logic_slots></o></c><c d="wheel_advanced_3_sus" t="0"><o r="0,0,1,-1,0,0,0,-1,0" bc="FFFFFFFF" ac="FFFFFFFF" sc="1" custom_name="" grip_factor="1" stiffness_factor="0.4" damping_factor="0.11" tire_type="1" wheel_size="1" tyre_pressure="1"><vp x="-3" y="-1" z="-9"/><logic_slots><slot value="false"/><slot value="0"/><slot value="0"/></logic_slots></o></c><c d="01_block" t="0"><o r="-1,0,0,0,-1,0,0,0,1" bc="FFFFFFFF" ac="FFFFFFFF" sc="6"><vp x="-1" y="1" z="-6"/></o></c><c d="01_block" t="0"><o r="-1,0,0,0,-1,0,0,0,1" bc="FFFFFFFF" ac="FFFFFFFF" sc="6"><vp x="0" y="1" z="-6"/></o></c><c d="01_block" t="0"><o r="-1,0,0,0,-1,0,0,0,1" bc="FFFFFFFF" ac="FFFFFFFF" sc="6"><vp x="1" y="1" z="-6"/></o></c><c d="battery_medium" t="0"><o r="1,0,0,0,0,-1,0,1,0" bc="FFFFFFFF" ac="FFFFFFFF" sc="6" custom_name="" default_state="false"><vp x="0" y="0" z="-7"/><logic_slots><slot value="0"/><slot value="false"/><slot value="0"/></logic_slots></o></c><c d="trans_angle" t="0"><o r="0,0,-1,1,0,0,0,-1,0" bc="FFFFFFFF" ac="FFFFFFFF" sc="2" custom_name=""><vp x="0" y="-1" z="-6"/></o></c><c d="trans_angle" t="0"><o r="0,0,1,-1,0,0,0,-1,0" bc="FFFFFFFF" ac="FFFFFFFF" sc="2" custom_name=""><vp x="1" y="-1" z="-6"/></o></c><c d="trans_straight" t="0"><o r="0,0,1,0,-1,0,1,0,0" bc="FFFFFFFF" ac="FFFFFFFF" sc="2" custom_name=""><vp x="1" y="-1" z="-7"/></o></c><c d="trans_straight" t="0"><o r="0,0,1,0,-1,0,1,0,0" bc="FFFFFFFF" ac="FFFFFFFF" sc="2" custom_name=""><vp x="1" y="-1" z="-8"/></o></c><c d="fluid_exhaust" t="0"><o r="1,0,0,0,0,-1,0,1,0" bc="FFFFFFFF" ac="FFFFFFFF" sc="1" custom_name="" fluid_type="1" fluid_filter="4294967295"><vp x="1" y="-1" z="-9"/><logic_slots><slot value="0"/><slot value="0"/><slot value="false"/><slot value="0"/><slot value="0"/><slot value="0"/></logic_slots></o></c><c d="01_block" t="0"><o r="0,0,1,-1,0,0,0,-1,0" bc="FFFFFFFF" ac="FFFFFFFF" sc="6"><vp x="-1" y="0" z="-9"/></o></c><c d="01_block" t="0"><o r="0,0,1,-1,0,0,0,-1,0" bc="FFFFFFFF" ac="FFFFFFFF" sc="6"><vp x="-1" y="1" z="-9"/></o></c><c d="01_block" t="0"><o r="0,0,1,-1,0,0,0,-1,0" bc="FFFFFFFF" ac="FFFFFFFF" sc="6"><vp x="0" y="0" z="-9"/></o></c><c d="01_block" t="0"><o r="0,0,1,-1,0,0,0,-1,0" bc="FFFFFFFF" ac="FFFFFFFF" sc="6"><vp x="0" y="1" z="-9"/></o></c><c d="01_block" t="0"><o r="0,0,1,-1,0,0,0,-1,0" bc="FFFFFFFF" ac="FFFFFFFF" sc="6"><vp x="1" y="0" z="-9"/></o></c><c d="01_block" t="0"><o r="0,0,1,-1,0,0,0,-1,0" bc="FFFFFFFF" ac="FFFFFFFF" sc="6"><vp x="1" y="1" z="-9"/></o></c><c d="01_block" t="0"><o r="1,0,0,0,0,-1,0,1,0" bc="FFFFFFFF" ac="FFFFFFFF" sc="6"><vp x="-4" y="2" z="-11"/></o></c><c d="01_block" t="0"><o r="1,0,0,0,0,-1,0,1,0" bc="FFFFFFFF" ac="FFFFFFFF" sc="6"><vp x="-3" y="2" z="-11"/></o></c><c d="01_block" t="0"><o r="1,0,0,0,0,-1,0,1,0" bc="FFFFFFFF" ac="FFFFFFFF" sc="6"><vp x="-2" y="0" z="-11"/></o></c><c d="01_block" t="0"><o r="1,0,0,0,0,-1,0,1,0" bc="FFFFFFFF" ac="FFFFFFFF" sc="6"><vp x="-2" y="1" z="-11"/></o></c><c d="01_block" t="0"><o r="1,0,0,0,0,-1,0,1,0" bc="FFFFFFFF" ac="FFFFFFFF" sc="6"><vp x="-2" y="2" z="-11"/></o></c><c d="01_block" t="0"><o r="1,0,0,0,0,-1,0,1,0" bc="FFFFFFFF" ac="FFFFFFFF" sc="6"><vp x="1" y="2" z="-11"/></o></c><c d="01_block" t="0"><o r="1,0,0,0,0,-1,0,1,0" bc="FFFFFFFF" ac="FFFFFFFF" sc="6"><vp x="2" y="0" z="-11"/></o></c><c d="01_block" t="0"><o r="1,0,0,0,0,-1,0,1,0" bc="FFFFFFFF" ac="FFFFFFFF" sc="6"><vp x="2" y="1" z="-11"/></o></c><c d="01_block" t="0"><o r="1,0,0,0,0,-1,0,1,0" bc="FFFFFFFF" ac="FFFFFFFF" sc="6"><vp x="2" y="2" z="-11"/></o></c><c d="01_block" t="0"><o r="1,0,0,0,0,-1,0,1,0" bc="FFFFFFFF" ac="FFFFFFFF" sc="6"><vp x="3" y="2" z="-11"/></o></c><c d="01_block" t="0"><o r="1,0,0,0,0,-1,0,1,0" bc="FFFFFFFF" ac="FFFFFFFF" sc="6"><vp x="4" y="2" z="-11"/></o></c><c d="01_block" t="0"><o r="1,0,0,0,0,-1,0,1,0" bc="FFFFFFFF" ac="FFFFFFFF" sc="6"><vp x="1" y="0" z="-11"/></o></c><c d="01_block" t="0"><o r="1,0,0,0,0,-1,0,1,0" bc="FFFFFFFF" ac="FFFFFFFF" sc="6"><vp x="1" y="1" z="-11"/></o></c><c d="01_block" t="1"><o r="1,0,0,0,0,-1,0,1,0" bc="FFFFFFFF" ac="FFFFFFFF" sc="6"><vp x="-1" y="2" z="-11"/></o></c><c d="01_block" t="1"><o r="1,0,0,0,0,-1,0,1,0" bc="FFFFFFFF" ac="FFFFFFFF" sc="6"><vp x="-1" y="0" z="-11"/></o></c><c d="01_block" t="1"><o r="1,0,0,0,0,-1,0,1,0" bc="FFFFFFFF" ac="FFFFFFFF" sc="6"><vp x="-1" y="1" z="-11"/></o></c><c d="01_block" t="0"><o r="1,0,0,0,0,-1,0,1,0" bc="FFFFFFFF" ac="FFFFFFFF" sc="6"><vp x="0" y="0" z="-11"/></o></c><c d="01_block" t="0"><o r="1,0,0,0,0,-1,0,1,0" bc="FFFFFFFF" ac="FFFFFFFF" sc="6"><vp x="0" y="1" z="-11"/></o></c><c d="01_block" t="0"><o r="1,0,0,0,0,-1,0,1,0" bc="FFFFFFFF" ac="FFFFFFFF" sc="6"><vp x="0" y="2" z="-11"/></o></c><c d="05_wedge_2" t="0"><o r="-1,0,0,0,0,1,0,1,0" bc="FFFFFFFF" ac="FFFFFFFF" sc="9"><vp x="-3" y="1" z="-11"/></o></c><c d="05_wedge_2" t="0"><o r="-1,0,0,0,0,1,0,1,0" bc="FFFFFFFF" ac="FFFFFFFF" sc="9"><vp x="-4" y="1" z="-11"/></o></c><c d="05_wedge_2" t="1"><o r="-1,0,0,0,0,1,0,1,0" bc="FFFFFFFF" ac="FFFFFFFF" sc="9"><vp x="3" y="1" z="-11"/></o></c><c d="05_wedge_2" t="1"><o r="-1,0,0,0,0,1,0,1,0" bc="FFFFFFFF" ac="FFFFFFFF" sc="9"><vp x="4" y="1" z="-11"/></o></c><c d="01_block" t="0"><o r="1,0,0,0,1,0,0,0,1" bc="FFFFFFFF" ac="FFFFFFFF" sc="6"><vp x="-4" y="3" z="-11"/></o></c><c d="01_block" t="0"><o r="1,0,0,0,1,0,0,0,1" bc="FFFFFFFF" ac="FFFFFFFF" sc="6"><vp x="-4" y="3" z="-10"/></o></c><c d="01_block" t="0"><o r="1,0,0,0,1,0,0,0,1" bc="FFFFFFFF" ac="FFFFFFFF" sc="6"><vp x="-4" y="3" z="-9"/></o></c><c d="01_block" t="0"><o r="1,0,0,0,1,0,0,0,1" bc="FFFFFFFF" ac="FFFFFFFF" sc="6"><vp x="-4" y="3" z="-8"/></o></c><c d="01_block" t="0"><o r="1,0,0,0,1,0,0,0,1" bc="FFFFFFFF" ac="FFFFFFFF" sc="6"><vp x="-4" y="3" z="-7"/></o></c><c d="01_block" t="0"><o r="1,0,0,0,1,0,0,0,1" bc="FFFFFFFF" ac="FFFFFFFF" sc="6"><vp x="-4" y="3" z="-6"/></o></c><c d="01_block" t="1"><o r="1,0,0,0,1,0,0,0,1" bc="FFFFFFFF" ac="FFFFFFFF" sc="6"><vp x="4" y="3" z="-11"/></o></c><c d="01_block" t="1"><o r="1,0,0,0,1,0,0,0,1" bc="FFFFFFFF" ac="FFFFFFFF" sc="6"><vp x="4" y="3" z="-10"/></o></c><c d="01_block" t="1"><o r="1,0,0,0,1,0,0,0,1" bc="FFFFFFFF" ac="FFFFFFFF" sc="6"><vp x="4" y="3" z="-9"/></o></c><c d="01_block" t="1"><o r="1,0,0,0,1,0,0,0,1" bc="FFFFFFFF" ac="FFFFFFFF" sc="6"><vp x="4" y="3" z="-8"/></o></c><c d="01_block" t="1"><o r="1,0,0,0,1,0,0,0,1" bc="FFFFFFFF" ac="FFFFFFFF" sc="6"><vp x="4" y="3" z="-7"/></o></c><c d="01_block" t="1"><o r="1,0,0,0,1,0,0,0,1" bc="FFFFFFFF" ac="FFFFFFFF" sc="6"><vp x="4" y="3" z="-6"/></o></c><c d="01_block" t="0"><o r="1,0,0,0,1,0,0,0,1" bc="FFFFFFFF" ac="FFFFFFFF" sc="6"><vp x="-2" y="3" z="-11"/></o></c><c d="01_block" t="0"><o r="1,0,0,0,1,0,0,0,1" bc="FFFFFFFF" ac="FFFFFFFF" sc="6"><vp x="-1" y="3" z="-11"/></o></c><c d="01_block" t="0"><o r="1,0,0,0,1,0,0,0,1" bc="FFFFFFFF" ac="FFFFFFFF" sc="6"><vp x="0" y="3" z="-11"/></o></c><c d="01_block" t="0"><o r="1,0,0,0,1,0,0,0,1" bc="FFFFFFFF" ac="FFFFFFFF" sc="6"><vp x="1" y="3" z="-11"/></o></c><c d="01_block" t="0"><o r="1,0,0,0,1,0,0,0,1" bc="FFFFFFFF" ac="FFFFFFFF" sc="6"><vp x="2" y="3" z="-11"/></o></c><c d="01_block" t="0"><o r="1,0,0,0,1,0,0,0,1" bc="FFFFFFFF" ac="FFFFFFFF" sc="6"><vp x="3" y="3" z="-11"/></o></c><c d="01_block" t="1"><o r="1,0,0,0,1,0,0,0,1" bc="FFFFFFFF" ac="FFFFFFFF" sc="6"><vp x="-3" y="3" z="-11"/></o></c></components></body></bodies><logic_node_links><logic_node_link type="1"><voxel_pos_0 x="-3" y="2" z="-1"/><voxel_pos_1 x="-5" y="-2" z="4"/></logic_node_link><logic_node_link type="0"><voxel_pos_0 x="-3" y="3" z="-2"/><voxel_pos_1 x="0" y="2" z="2"/></logic_node_link><logic_node_link type="1"><voxel_pos_0 x="-1" y="1" z="-1"/><voxel_pos_1 x="0" y="2" z="3"/></logic_node_link><logic_node_link type="1"><voxel_pos_0 x="-3" y="2" z="-1"/><voxel_pos_1 x="5" y="-2" z="4"/></logic_node_link><logic_node_link type="1"><voxel_pos_0 x="-1" y="2" z="-1"/><voxel_pos_1 x="2" y="-1" z="4"/></logic_node_link><logic_node_link type="1"><voxel_pos_0 x="-1" y="2" z="-1"/><voxel_pos_1 x="-2" y="-1" z="4"/></logic_node_link><logic_node_link type="1"><voxel_pos_0 x="-1" y="2" z="-1"/><voxel_pos_1 x="2" y="-1" z="-9"/></logic_node_link><logic_node_link type="1"><voxel_pos_0 x="-1" y="2" z="-1"/><voxel_pos_1 x="-2" y="-1" z="-9"/></logic_node_link><logic_node_link type="4"><voxel_pos_0 x="-2" y="-1" z="4"/><voxel_pos_1 x="2" y="-1" z="4"/></logic_node_link><logic_node_link type="4"><voxel_pos_0 x="0" y="2" z="5"/><voxel_pos_1 x="2" y="-1" z="4"/></logic_node_link><logic_node_link type="4"><voxel_pos_0 x="0" y="2" z="5"/><voxel_pos_1 x="0" y="2" z="2"/></logic_node_link><logic_node_link type="4"><voxel_pos_0 x="0" y="2" z="2"/><voxel_pos_1 x="2" y="-1" z="-9"/></logic_node_link><logic_node_link type="4"><voxel_pos_0 x="2" y="-1" z="-9"/><voxel_pos_1 x="-2" y="-1" z="-9"/></logic_node_link><logic_node_link type="4"><voxel_pos_0 x="-2" y="-1" z="-9"/><voxel_pos_1 x="0" y="1" z="-8"/></logic_node_link></logic_node_links></vehicle>