<?xml version="1.0" encoding="UTF-8"?><vehicle data_version="2" is_advanced="true" is_static="false" bodies_id="6"><editor_placement_offset x="0" y="0" z="0"/><authors/><bodies><body unique_id="3"><initial_local_transform 00="1" 01="0" 02="0" 03="0" 10="0" 11="1" 12="0" 13="0" 20="0" 21="0" 22="1" 23="0" 30="0" 31="0" 32="0" 33="1"/><local_transform 00="1" 01="0" 02="0" 03="0" 10="0" 11="1" 12="0" 13="0" 20="0" 21="0" 22="1" 23="0" 30="0" 31="0" 32="0" 33="1"/><components><c d="aircraft_engine" t="0"><o r="1,0,0,0,1,0,0,0,1" bc="6E6E6EFF" ac="6E6E6EFF" sc="10" custom_name="" max_force_scale="0.75" rps_limit="25"><vp x="0" y="2" z="16"/><logic_slots><slot value="0"/><slot value="false"/><slot value="0"/><slot value="0"/></logic_slots></o></c><c d="water_inlet" t="0"><o r="0,-1,0,0,0,1,-1,0,0" bc="6E6E6EFF" ac="6E6E6EFF" sc="5" custom_name="" fluid_type="1" fluid_filter="4294967295"><vp x="0" y="1" z="18"/><logic_slots><slot value="0"/><slot value="0"/><slot value="false"/><slot value="0"/><slot value="0"/><slot value="0"/></logic_slots></o></c><c d="trans_block_angle" t="0"><o r="0,0,-1,0,1,0,1,0,0" bc="6E6E6EFF" ac="6E6E6EFF" sc="6" custom_name=""><vp x="-1" y="3" z="12"/></o></c><c d="trans_block_angle" t="4"><o r="0,0,-1,0,1,0,1,0,0" bc="6E6E6EFF" ac="6E6E6EFF" sc="6" custom_name=""><vp x="1" y="3" z="12"/></o></c><c d="trans_angle" t="0"><o r="0,1,0,-1,0,0,0,0,1" bc="6E6E6EFF" ac="6E6E6EFF" sc="2" custom_name=""><vp x="-1" y="4" z="12"/></o></c><c d="trans_angle" t="2"><o r="0,1,0,-1,0,0,0,0,1" bc="6E6E6EFF" ac="6E6E6EFF" sc="2" custom_name=""><vp x="1" y="4" z="12"/></o></c><c d="fluid_radiator" t="0"><o r="0,-1,0,0,0,-1,1,0,0" bc="6E6E6EFF" ac="6E6E6EFF" sc="23" custom_name="" fluid_type="1" fluid_filter="4294967295"><vp x="-2" y="2" z="12"/><logic_slots><slot value="0"/><slot value="0"/><slot value="false"/><slot value="0"/><slot value="0"/><slot value="0"/></logic_slots></o></c><c d="fluid_radiator" t="4"><o r="0,-1,0,0,0,-1,1,0,0" bc="6E6E6EFF" ac="6E6E6EFF" sc="23" custom_name="" fluid_type="1" fluid_filter="4294967295"><vp x="2" y="2" z="12"/><logic_slots><slot value="0"/><slot value="0"/><slot value="false"/><slot value="0"/><slot value="0"/><slot value="0"/></logic_slots></o></c><c d="trans_block_straight" t="0"><o r="-1,0,0,0,0,-1,0,-1,0" bc="6E6E6EFF" ac="6E6E6EFF" sc="6" custom_name=""><vp x="1" y="3" z="11"/></o></c><c d="trans_block_straight" t="1"><o r="-1,0,0,0,0,-1,0,-1,0" bc="6E6E6EFF" ac="6E6E6EFF" sc="6" custom_name=""><vp x="-1" y="3" z="11"/></o></c><c d="trans_block_straight" t="0"><o r="-1,0,0,0,0,-1,0,-1,0" bc="6E6E6EFF" ac="6E6E6EFF" sc="6" custom_name=""><vp x="0" y="3" z="11"/></o></c><c d="trans_block_angle" t="0"><o r="0,0,-1,0,-1,0,-1,0,0" bc="6E6E6EFF" ac="6E6E6EFF" sc="6" custom_name=""><vp x="-1" y="2" z="12"/></o></c><c d="trans_block_angle" t="4"><o r="0,0,-1,0,-1,0,-1,0,0" bc="6E6E6EFF" ac="6E6E6EFF" sc="6" custom_name=""><vp x="1" y="2" z="12"/></o></c><c d="trans_block_angle" t="0"><o r="0,-1,0,0,0,-1,1,0,0" bc="6E6E6EFF" ac="6E6E6EFF" sc="6" custom_name=""><vp x="-1" y="1" z="12"/></o></c><c d="trans_block_angle" t="4"><o r="0,-1,0,0,0,-1,1,0,0" bc="6E6E6EFF" ac="6E6E6EFF" sc="6" custom_name=""><vp x="1" y="1" z="12"/></o></c><c d="trans_block_angle" t="0"><o r="0,0,-1,-1,0,0,0,1,0" bc="6E6E6EFF" ac="6E6E6EFF" sc="6" custom_name=""><vp x="-1" y="1" z="11"/></o></c><c d="trans_block_angle" t="2"><o r="0,0,-1,-1,0,0,0,1,0" bc="6E6E6EFF" ac="6E6E6EFF" sc="6" custom_name=""><vp x="1" y="1" z="11"/></o></c><c d="01_block" t="0"><o r="0,0,-1,1,0,0,0,-1,0" bc="6E6E6EFF" ac="6E6E6EFF" sc="6"><vp x="-1" y="2" z="11"/></o></c><c d="01_block" t="2"><o r="0,0,-1,1,0,0,0,-1,0" bc="6E6E6EFF" ac="6E6E6EFF" sc="6"><vp x="1" y="2" z="11"/></o></c><c d="trans_block_angle" t="0"><o r="0,0,1,0,1,0,-1,0,0" bc="6E6E6EFF" ac="6E6E6EFF" sc="6" custom_name=""><vp x="0" y="2" z="12"/></o></c><c d="trans_block_straight" t="0"><o r="0,0,-1,-1,0,0,0,1,0" bc="6E6E6EFF" ac="6E6E6EFF" sc="6" custom_name=""><vp x="0" y="2" z="11"/></o></c><c d="trans_block_straight" t="0"><o r="0,-1,0,-1,0,0,0,0,-1" bc="6E6E6EFF" ac="6E6E6EFF" sc="6" custom_name=""><vp x="0" y="3" z="12"/></o></c><c d="trans_angle" t="0"><o r="0,1,0,0,0,1,1,0,0" bc="6E6E6EFF" ac="6E6E6EFF" sc="2" custom_name=""><vp x="0" y="4" z="12"/></o></c><c d="01_block" t="0"><o r="-1,0,0,0,0,1,0,1,0" bc="6E6E6EFF" ac="6E6E6EFF" sc="6"><vp x="0" y="1" z="12"/></o></c><c d="01_block" t="0"><o r="-1,0,0,0,0,-1,0,-1,0" bc="6E6E6EFF" ac="6E6E6EFF" sc="6"><vp x="0" y="1" z="11"/></o></c><c d="01_block" t="0"><o r="-1,0,0,0,0,-1,0,-1,0" bc="6E6E6EFF" ac="6E6E6EFF" sc="6"><vp x="-1" y="1" z="10"/></o></c><c d="01_block" t="1"><o r="-1,0,0,0,0,-1,0,-1,0" bc="6E6E6EFF" ac="6E6E6EFF" sc="6"><vp x="1" y="1" z="10"/></o></c><c d="01_block" t="0"><o r="-1,0,0,0,0,-1,0,-1,0" bc="6E6E6EFF" ac="6E6E6EFF" sc="6"><vp x="0" y="1" z="10"/></o></c><c d="trans_block_straight" t="0"><o r="-1,0,0,0,0,-1,0,-1,0" bc="6E6E6EFF" ac="6E6E6EFF" sc="6" custom_name=""><vp x="-1" y="2" z="10"/></o></c><c d="trans_block_straight" t="1"><o r="-1,0,0,0,0,-1,0,-1,0" bc="6E6E6EFF" ac="6E6E6EFF" sc="6" custom_name=""><vp x="1" y="2" z="10"/></o></c><c d="trans_block_t" t="0"><o r="0,0,-1,1,0,0,0,-1,0" bc="6E6E6EFF" ac="6E6E6EFF" sc="6" custom_name=""><vp x="0" y="2" z="10"/></o></c><c d="seat" t="0"><o r="1,0,0,0,1,0,0,0,1" bc="6E6E6EFF" ac="6E6E6EFF" sc="39" custom_name="" hotkey_0="0" hotkey_0_label="" hotkey_1="0" hotkey_1_label="" hotkey_2="0" hotkey_2_label="" hotkey_3="0" hotkey_3_label="" hotkey_4="0" hotkey_4_label="" hotkey_5="0" hotkey_5_label="" hotkey_6="0" hotkey_6_label="" hotkey_7="0" hotkey_7_label="" hotkey_8="0" hotkey_8_label="" hotkey_9="0" hotkey_9_label="" hotkey_10="0" hotkey_10_label="" hotkey_11="0" hotkey_11_label="" hotkey_12="0" hotkey_12_label="" hotkey_13="0" hotkey_13_label="" hotkey_14="0" hotkey_14_label="" hotkey_15="0" hotkey_15_label="" hotkey_16="0" hotkey_16_label="" hotkey_17="0" hotkey_17_label="" hotkey_18="0" hotkey_18_label="" hotkey_19="0" hotkey_19_label="" hotkey_20="0" hotkey_20_label="" hotkey_21="0" hotkey_21_label="" hotkey_22="0" hotkey_22_label="" hotkey_23="0" hotkey_23_label="" hotkey_24="0" hotkey_24_label="" hotkey_25="0" hotkey_25_label="" hotkey_26="0" hotkey_26_label="" hotkey_27="0" hotkey_27_label="" hotkey_28="0" hotkey_28_label="" hotkey_29="0" hotkey_29_label="" hotkey_30="0" hotkey_30_label="" hotkey_31="0" hotkey_31_label="" hotkey_32="0" hotkey_32_label="" hotkey_33="0" hotkey_33_label="" hotkey_34="0" hotkey_34_label="" hotkey_35="0" hotkey_35_label="" hotkey_36="0" hotkey_36_label="" hotkey_37="0" hotkey_37_label="" hotkey_38="0" hotkey_38_label="" hotkey_39="0" hotkey_39_label="" hotkey_40="0" hotkey_40_label="" hotkey_41="0" hotkey_41_label="" hotkey_42="0" hotkey_42_label="" hotkey_43="0" hotkey_43_label="" hotkey_44="0" hotkey_44_label="" hotkey_45="0" hotkey_45_label="" hotkey_46="0" hotkey_46_label="" hotkey_47="0" hotkey_47_label="" control_mode_0="0" control_mode_0_label="" control_mode_1="0" control_mode_1_label="" control_mode_2="0" control_mode_2_label="" control_mode_3="0" control_mode_3_label="" control_mode_4="0" control_mode_4_label="" control_mode_5="0" control_mode_5_label="" control_mode_6="0" control_mode_6_label="" control_mode_7="0" control_mode_7_label=""><vp x="0" y="1" z="7"/><logic_slots><slot value="0"/><slot value="0"/><slot value="0"/><slot value="0"/><slot value="0"/><slot value="0"/><slot value="0"/><slot value="0"/><slot value="false"/><slot value="false"/><slot value="false"/><slot value="false"/><slot value="false"/><slot value="false"/><slot value="false"/><slot value="false"/><slot value="false"/><slot value="false"/><slot value="false"/><slot value="false"/><slot value="false"/><slot value="false"/><slot value="false"/><slot value="false"/><slot value="false"/><slot value="false"/><slot value="false"/><slot value="false"/><slot value="false"/><slot value="false"/><slot value="false"/><slot value="false"/><slot value="false"/><slot value="false"/><slot value="false"/><slot value="false"/><slot value="false"/><slot value="false"/><slot value="false"/><slot value="false"/><slot value="false"/><slot value="false"/><slot value="false"/><slot value="false"/><slot value="false"/><slot value="false"/><slot value="false"/><slot value="false"/><slot value="false"/><slot value="false"/><slot value="false"/><slot value="false"/><slot value="false"/><slot value="false"/><slot value="false"/><slot value="false"/><slot value="false"/><slot><value bools="0" 01="0" 02="0" 03="0" 04="0" 05="0" 06="0" 07="0" 08="0" 09="0" 10="0" 11="0" 12="0" 13="0" 14="0" 15="0" 16="0" 17="0" 18="0" 19="0" 20="0" 21="0" 22="0" 23="0" 24="0" 25="0" 26="0" 27="0" 28="0" 29="0" 30="0" 31="0" 32="0"/></slot></logic_slots><trim_x_display text="0" value="0"/><trim_y_display text="0" value="0"/><trim_z_display text="0" value="0"/><trim_w_display text="0" value="0"/><axis_sensitivity x="0.2" y="0.1" z="0.1" w="1"/></o></c><c d="dial" t="0"><o r="-1,0,0,0,0,-1,0,-1,0" bc="6E6E6EFF" ac="FFFFFFFF" sc="5" custom_name="Fuel" decimal_point_pos="3" audio="audio/fx3/stormworks_warningalarm.ogg" volume="1" pitch="1" is_infrared="false"><vp x="-1" y="3" z="10"/><logic_slots><slot value="0"/><slot value="0"/><slot value="false"/></logic_slots><min_value text="0" value="0"/><max_value text="2000" value="2000"/></o></c><c d="dial" t="1"><o r="-1,0,0,0,0,-1,0,-1,0" bc="6E6E6EFF" ac="FFFFFFFF" sc="5" custom_name="" decimal_point_pos="3" audio="audio/fx3/stormworks_warningalarm.ogg" volume="1" pitch="1" is_infrared="false"><vp x="1" y="3" z="10"/><logic_slots><slot value="0"/><slot value="0"/><slot value="false"/></logic_slots><min_value text="0" value="0"/><max_value text="30" value="30"/></o></c><c d="dial" t="0"><o r="-1,0,0,0,0,-1,0,-1,0" bc="6E6E6EFF" ac="FFFFFFFF" sc="5" custom_name="Engine Temp" decimal_point_pos="3" audio="audio/fx3/stormworks_warningalarm.ogg" volume="1" pitch="1" is_infrared="false"><vp x="0" y="3" z="10"/><logic_slots><slot value="0"/><slot value="0"/><slot value="false"/></logic_slots><min_value text="50" value="50"/><max_value text="150" value="150"/></o></c><c d="08_wedge_4" t="0"><o r="1,0,0,0,-1,0,0,0,-1" bc="6E6E6EFF" ac="6E6E6EFF" sc="17"><vp x="-1" y="0" z="10"/></o></c><c d="08_wedge_4" t="0"><o r="1,0,0,0,-1,0,0,0,-1" bc="6E6E6EFF" ac="6E6E6EFF" sc="17"><vp x="0" y="0" z="10"/></o></c><c d="08_wedge_4" t="0"><o r="1,0,0,0,-1,0,0,0,-1" bc="6E6E6EFF" ac="6E6E6EFF" sc="17"><vp x="1" y="0" z="10"/></o></c><c d="01_block" t="0"><o r="0,0,1,-1,0,0,0,-1,0" bc="6E6E6EFF" ac="6E6E6EFF" sc="6"><vp x="-2" y="1" z="10"/></o></c><c d="01_block" t="2"><o r="0,0,1,-1,0,0,0,-1,0" bc="6E6E6EFF" ac="6E6E6EFF" sc="6"><vp x="2" y="1" z="10"/></o></c><c d="01_block" t="0"><o r="0,0,1,-1,0,0,0,-1,0" bc="6E6E6EFF" ac="6E6E6EFF" sc="6"><vp x="-2" y="1" z="9"/></o></c><c d="01_block" t="2"><o r="0,0,1,-1,0,0,0,-1,0" bc="6E6E6EFF" ac="6E6E6EFF" sc="6"><vp x="2" y="1" z="9"/></o></c><c d="01_block" t="0"><o r="0,0,1,-1,0,0,0,-1,0" bc="6E6E6EFF" ac="6E6E6EFF" sc="6"><vp x="-2" y="2" z="9"/></o></c><c d="01_block" t="2"><o r="0,0,1,-1,0,0,0,-1,0" bc="6E6E6EFF" ac="6E6E6EFF" sc="6"><vp x="2" y="2" z="9"/></o></c><c d="01_block" t="0"><o r="0,0,1,-1,0,0,0,-1,0" bc="6E6E6EFF" ac="6E6E6EFF" sc="6"><vp x="-2" y="3" z="10"/></o></c><c d="01_block" t="2"><o r="0,0,1,-1,0,0,0,-1,0" bc="6E6E6EFF" ac="6E6E6EFF" sc="6"><vp x="2" y="3" z="10"/></o></c><c d="08_wedge_4" t="0"><o r="1,0,0,0,-1,0,0,0,-1" bc="6E6E6EFF" ac="6E6E6EFF" sc="17"><vp x="2" y="0" z="10"/></o></c><c d="08_wedge_4" t="1"><o r="1,0,0,0,-1,0,0,0,-1" bc="6E6E6EFF" ac="6E6E6EFF" sc="17"><vp x="-2" y="0" z="10"/></o></c><c d="01_block" t="0"><o r="0,0,-1,1,0,0,0,-1,0" bc="6E6E6EFF" ac="6E6E6EFF" sc="6"><vp x="2" y="0" z="9"/></o></c><c d="01_block" t="0"><o r="0,0,-1,1,0,0,0,-1,0" bc="6E6E6EFF" ac="6E6E6EFF" sc="6"><vp x="2" y="0" z="8"/></o></c><c d="01_block" t="0"><o r="0,0,-1,1,0,0,0,-1,0" bc="6E6E6EFF" ac="6E6E6EFF" sc="6"><vp x="2" y="0" z="7"/></o></c><c d="01_block" t="0"><o r="0,0,-1,1,0,0,0,-1,0" bc="6E6E6EFF" ac="6E6E6EFF" sc="6"><vp x="2" y="0" z="6"/></o></c><c d="01_block" t="2"><o r="0,0,-1,1,0,0,0,-1,0" bc="6E6E6EFF" ac="6E6E6EFF" sc="6"><vp x="-2" y="0" z="9"/></o></c><c d="01_block" t="2"><o r="0,0,-1,1,0,0,0,-1,0" bc="6E6E6EFF" ac="6E6E6EFF" sc="6"><vp x="-2" y="0" z="8"/></o></c><c d="01_block" t="2"><o r="0,0,-1,1,0,0,0,-1,0" bc="6E6E6EFF" ac="6E6E6EFF" sc="6"><vp x="-2" y="0" z="7"/></o></c><c d="01_block" t="2"><o r="0,0,-1,1,0,0,0,-1,0" bc="6E6E6EFF" ac="6E6E6EFF" sc="6"><vp x="-2" y="0" z="6"/></o></c><c d="02_wedge" t="0"><o r="0,0,-1,0,-1,0,-1,0,0" bc="6E6E6EFF" ac="6E6E6EFF" sc="5"><vp x="3" y="0" z="6"/></o></c><c d="02_wedge" t="0"><o r="0,0,-1,0,-1,0,-1,0,0" bc="6E6E6EFF" ac="6E6E6EFF" sc="5"><vp x="3" y="0" z="7"/></o></c><c d="02_wedge" t="0"><o r="0,0,-1,0,-1,0,-1,0,0" bc="6E6E6EFF" ac="6E6E6EFF" sc="5"><vp x="3" y="0" z="8"/></o></c><c d="02_wedge" t="0"><o r="0,0,-1,0,-1,0,-1,0,0" bc="6E6E6EFF" ac="6E6E6EFF" sc="5"><vp x="3" y="0" z="9"/></o></c><c d="02_wedge" t="4"><o r="0,0,-1,0,-1,0,-1,0,0" bc="6E6E6EFF" ac="6E6E6EFF" sc="5"><vp x="-3" y="0" z="6"/></o></c><c d="02_wedge" t="4"><o r="0,0,-1,0,-1,0,-1,0,0" bc="6E6E6EFF" ac="6E6E6EFF" sc="5"><vp x="-3" y="0" z="7"/></o></c><c d="02_wedge" t="4"><o r="0,0,-1,0,-1,0,-1,0,0" bc="6E6E6EFF" ac="6E6E6EFF" sc="5"><vp x="-3" y="0" z="8"/></o></c><c d="02_wedge" t="4"><o r="0,0,-1,0,-1,0,-1,0,0" bc="6E6E6EFF" ac="6E6E6EFF" sc="5"><vp x="-3" y="0" z="9"/></o></c><c d="01_block" t="0"><o r="0,0,-1,1,0,0,0,-1,0" bc="6E6E6EFF" ac="6E6E6EFF" sc="6"><vp x="3" y="1" z="9"/></o></c><c d="01_block" t="0"><o r="0,0,-1,1,0,0,0,-1,0" bc="6E6E6EFF" ac="6E6E6EFF" sc="6"><vp x="3" y="1" z="8"/></o></c><c d="01_block" t="0"><o r="0,0,-1,1,0,0,0,-1,0" bc="6E6E6EFF" ac="6E6E6EFF" sc="6"><vp x="3" y="1" z="7"/></o></c><c d="01_block" t="0"><o r="0,0,-1,1,0,0,0,-1,0" bc="6E6E6EFF" ac="6E6E6EFF" sc="6"><vp x="3" y="1" z="6"/></o></c><c d="01_block" t="2"><o r="0,0,-1,1,0,0,0,-1,0" bc="6E6E6EFF" ac="6E6E6EFF" sc="6"><vp x="-3" y="1" z="9"/></o></c><c d="01_block" t="2"><o r="0,0,-1,1,0,0,0,-1,0" bc="6E6E6EFF" ac="6E6E6EFF" sc="6"><vp x="-3" y="1" z="8"/></o></c><c d="01_block" t="2"><o r="0,0,-1,1,0,0,0,-1,0" bc="6E6E6EFF" ac="6E6E6EFF" sc="6"><vp x="-3" y="1" z="7"/></o></c><c d="01_block" t="2"><o r="0,0,-1,1,0,0,0,-1,0" bc="6E6E6EFF" ac="6E6E6EFF" sc="6"><vp x="-3" y="1" z="6"/></o></c><c d="trans_block_straight" t="2"><o r="0,0,-1,1,0,0,0,-1,0" bc="6E6E6EFF" ac="6E6E6EFF" sc="6" custom_name=""><vp x="-3" y="2" z="9"/></o></c><c d="trans_block_straight" t="2"><o r="0,0,-1,1,0,0,0,-1,0" bc="6E6E6EFF" ac="6E6E6EFF" sc="6" custom_name=""><vp x="-3" y="2" z="8"/></o></c><c d="trans_block_straight" t="0"><o r="-1,0,0,0,0,-1,0,-1,0" bc="6E6E6EFF" ac="6E6E6EFF" sc="6" custom_name=""><vp x="2" y="2" z="10"/></o></c><c d="trans_block_straight" t="1"><o r="-1,0,0,0,0,-1,0,-1,0" bc="6E6E6EFF" ac="6E6E6EFF" sc="6" custom_name=""><vp x="-2" y="2" z="10"/></o></c><c d="02_wedge" t="0"><o r="0,1,0,1,0,0,0,0,-1" bc="6E6E6EFF" ac="6E6E6EFF" sc="5"><vp x="3" y="1" z="10"/></o></c><c d="02_wedge" t="2"><o r="0,1,0,1,0,0,0,0,-1" bc="6E6E6EFF" ac="6E6E6EFF" sc="5"><vp x="-3" y="1" z="10"/></o></c><c d="trans_angle" t="0"><o r="1,0,0,0,0,-1,0,1,0" bc="6E6E6EFF" ac="6E6E6EFF" sc="2" custom_name=""><vp x="3" y="2" z="10"/></o></c><c d="trans_angle" t="1"><o r="1,0,0,0,0,-1,0,1,0" bc="6E6E6EFF" ac="6E6E6EFF" sc="2" custom_name=""><vp x="-3" y="2" z="10"/></o></c><c d="01_block" t="0"><o r="-1,0,0,0,1,0,0,0,-1" bc="6E6E6EFF" ac="6E6E6EFF" sc="6"><vp x="2" y="4" z="10"/></o></c><c d="01_block" t="1"><o r="-1,0,0,0,1,0,0,0,-1" bc="6E6E6EFF" ac="6E6E6EFF" sc="6"><vp x="-2" y="4" z="10"/></o></c><c d="02_wedge" t="0"><o r="-1,0,0,0,1,0,0,0,-1" bc="6E6E6EFF" ac="6E6E6EFF" sc="5"><vp x="2" y="5" z="10"/></o></c><c d="02_wedge" t="1"><o r="-1,0,0,0,1,0,0,0,-1" bc="6E6E6EFF" ac="6E6E6EFF" sc="5"><vp x="-2" y="5" z="10"/></o></c><c d="01_block" t="0"><o r="-1,0,0,0,1,0,0,0,-1" bc="6E6E6EFF" ac="6E6E6EFF" sc="6"><vp x="-3" y="3" z="9"/></o></c><c d="01_block" t="0"><o r="-1,0,0,0,1,0,0,0,-1" bc="6E6E6EFF" ac="6E6E6EFF" sc="6"><vp x="-3" y="3" z="8"/></o></c><c d="01_block" t="0"><o r="-1,0,0,0,1,0,0,0,-1" bc="6E6E6EFF" ac="6E6E6EFF" sc="6"><vp x="-3" y="3" z="7"/></o></c><c d="01_block" t="0"><o r="-1,0,0,0,1,0,0,0,-1" bc="6E6E6EFF" ac="6E6E6EFF" sc="6"><vp x="-3" y="3" z="6"/></o></c><c d="01_block" t="1"><o r="-1,0,0,0,1,0,0,0,-1" bc="6E6E6EFF" ac="6E6E6EFF" sc="6"><vp x="3" y="3" z="9"/></o></c><c d="01_block" t="1"><o r="-1,0,0,0,1,0,0,0,-1" bc="6E6E6EFF" ac="6E6E6EFF" sc="6"><vp x="3" y="3" z="8"/></o></c><c d="01_block" t="1"><o r="-1,0,0,0,1,0,0,0,-1" bc="6E6E6EFF" ac="6E6E6EFF" sc="6"><vp x="3" y="3" z="7"/></o></c><c d="01_block" t="1"><o r="-1,0,0,0,1,0,0,0,-1" bc="6E6E6EFF" ac="6E6E6EFF" sc="6"><vp x="3" y="3" z="6"/></o></c><c d="fluid_exhaust" t="0"><o r="0,0,1,-1,0,0,0,-1,0" bc="6E6E6EFF" ac="6E6E6EFF" sc="1" custom_name="" fluid_type="1" fluid_filter="4294967295"><vp x="-2" y="4" z="12"/><logic_slots><slot value="0"/><slot value="0"/><slot value="false"/><slot value="0"/><slot value="0"/><slot value="0"/></logic_slots></o></c><c d="fluid_exhaust" t="2"><o r="0,0,1,-1,0,0,0,-1,0" bc="6E6E6EFF" ac="6E6E6EFF" sc="1" custom_name="" fluid_type="1" fluid_filter="4294967295"><vp x="2" y="4" z="12"/><logic_slots><slot value="0"/><slot value="0"/><slot value="false"/><slot value="0"/><slot value="0"/><slot value="0"/></logic_slots></o></c><c d="02_wedge" t="0"><o r="0,-1,0,-1,0,0,0,0,-1" bc="6E6E6EFF" ac="6E6E6EFF" sc="5"><vp x="-3" y="3" z="10"/></o></c><c d="02_wedge" t="2"><o r="0,-1,0,-1,0,0,0,0,-1" bc="6E6E6EFF" ac="6E6E6EFF" sc="5"><vp x="3" y="3" z="10"/></o></c><c d="window_1x1_wedge" t="0"><o r="1,0,0,0,0,1,0,-1,0" bc="6E6E6EFF" ac="6E6E6EFF" sc="4"><vp x="-3" y="4" z="10"/></o></c><c d="window_1x1_wedge" t="1"><o r="1,0,0,0,0,1,0,-1,0" bc="6E6E6EFF" ac="6E6E6EFF" sc="4"><vp x="3" y="4" z="10"/></o></c><c d="window_1x1_pyramid" t="0"><o r="0,0,-1,-1,0,0,0,1,0" bc="6E6E6EFF" ac="6E6E6EFF" sc="3"><vp x="-3" y="5" z="10"/></o></c><c d="window_1x1_pyramid" t="2"><o r="0,0,-1,-1,0,0,0,1,0" bc="6E6E6EFF" ac="6E6E6EFF" sc="3"><vp x="3" y="5" z="10"/></o></c><c d="window_narrow" t="0"><o r="1,0,0,0,0,1,0,-1,0" bc="6E6E6EFF" ac="6E6E6EFF" sc="8"><vp x="-3" y="4" z="8"/></o></c><c d="window_narrow" t="1"><o r="1,0,0,0,0,1,0,-1,0" bc="6E6E6EFF" ac="6E6E6EFF" sc="8"><vp x="3" y="4" z="8"/></o></c><c d="window_small_angle" t="0"><o r="1,0,0,0,1,0,0,0,1" bc="6E6E6EFF" ac="6E6E6EFF" sc="8"><vp x="-3" y="5" z="8"/></o></c><c d="window_small_angle" t="1"><o r="1,0,0,0,1,0,0,0,1" bc="6E6E6EFF" ac="6E6E6EFF" sc="8"><vp x="3" y="5" z="8"/></o></c><c d="01_block" t="0"><o r="-1,0,0,0,0,-1,0,-1,0" bc="6E6E6EFF" ac="6E6E6EFF" sc="6"><vp x="3" y="1" z="5"/></o></c><c d="01_block" t="1"><o r="-1,0,0,0,0,-1,0,-1,0" bc="6E6E6EFF" ac="6E6E6EFF" sc="6"><vp x="-3" y="1" z="5"/></o></c><c d="01_block" t="0"><o r="-1,0,0,0,0,-1,0,-1,0" bc="6E6E6EFF" ac="6E6E6EFF" sc="6"><vp x="3" y="3" z="5"/></o></c><c d="01_block" t="1"><o r="-1,0,0,0,0,-1,0,-1,0" bc="6E6E6EFF" ac="6E6E6EFF" sc="6"><vp x="-3" y="3" z="5"/></o></c><c d="01_block" t="0"><o r="0,0,-1,1,0,0,0,-1,0" bc="6E6E6EFF" ac="6E6E6EFF" sc="6"><vp x="2" y="0" z="5"/></o></c><c d="01_block" t="0"><o r="0,0,-1,1,0,0,0,-1,0" bc="6E6E6EFF" ac="6E6E6EFF" sc="6"><vp x="2" y="1" z="5"/></o></c><c d="01_block" t="0"><o r="0,0,-1,1,0,0,0,-1,0" bc="6E6E6EFF" ac="6E6E6EFF" sc="6"><vp x="2" y="2" z="5"/></o></c><c d="01_block" t="0"><o r="0,0,-1,1,0,0,0,-1,0" bc="6E6E6EFF" ac="6E6E6EFF" sc="6"><vp x="2" y="3" z="5"/></o></c><c d="01_block" t="0"><o r="0,0,-1,1,0,0,0,-1,0" bc="6E6E6EFF" ac="6E6E6EFF" sc="6"><vp x="1" y="0" z="5"/></o></c><c d="01_block" t="0"><o r="0,0,-1,1,0,0,0,-1,0" bc="6E6E6EFF" ac="6E6E6EFF" sc="6"><vp x="1" y="1" z="5"/></o></c><c d="01_block" t="0"><o r="0,0,-1,1,0,0,0,-1,0" bc="6E6E6EFF" ac="6E6E6EFF" sc="6"><vp x="1" y="2" z="5"/></o></c><c d="01_block" t="0"><o r="0,0,-1,1,0,0,0,-1,0" bc="6E6E6EFF" ac="6E6E6EFF" sc="6"><vp x="1" y="3" z="5"/></o></c><c d="01_block" t="0"><o r="0,0,-1,1,0,0,0,-1,0" bc="6E6E6EFF" ac="6E6E6EFF" sc="6"><vp x="0" y="0" z="5"/></o></c><c d="01_block" t="0"><o r="0,0,-1,1,0,0,0,-1,0" bc="6E6E6EFF" ac="6E6E6EFF" sc="6"><vp x="0" y="3" z="5"/></o></c><c d="01_block" t="0"><o r="0,0,-1,1,0,0,0,-1,0" bc="6E6E6EFF" ac="6E6E6EFF" sc="6"><vp x="-1" y="0" z="5"/></o></c><c d="01_block" t="0"><o r="0,0,-1,1,0,0,0,-1,0" bc="6E6E6EFF" ac="6E6E6EFF" sc="6"><vp x="-1" y="1" z="5"/></o></c><c d="01_block" t="0"><o r="0,0,-1,1,0,0,0,-1,0" bc="6E6E6EFF" ac="6E6E6EFF" sc="6"><vp x="-1" y="2" z="5"/></o></c><c d="01_block" t="0"><o r="0,0,-1,1,0,0,0,-1,0" bc="6E6E6EFF" ac="6E6E6EFF" sc="6"><vp x="-1" y="3" z="5"/></o></c><c d="01_block" t="0"><o r="0,0,-1,1,0,0,0,-1,0" bc="6E6E6EFF" ac="6E6E6EFF" sc="6"><vp x="-2" y="0" z="5"/></o></c><c d="01_block" t="0"><o r="0,0,-1,1,0,0,0,-1,0" bc="6E6E6EFF" ac="6E6E6EFF" sc="6"><vp x="-2" y="1" z="5"/></o></c><c d="01_block" t="0"><o r="0,0,-1,1,0,0,0,-1,0" bc="6E6E6EFF" ac="6E6E6EFF" sc="6"><vp x="-2" y="2" z="5"/></o></c><c d="01_block" t="0"><o r="0,0,-1,1,0,0,0,-1,0" bc="6E6E6EFF" ac="6E6E6EFF" sc="6"><vp x="-2" y="3" z="5"/></o></c><c d="01_block" t="0"><o r="-1,0,0,0,1,0,0,0,-1" bc="6E6E6EFF" ac="6E6E6EFF" sc="6"><vp x="2" y="4" z="5"/></o></c><c d="01_block" t="0"><o r="-1,0,0,0,1,0,0,0,-1" bc="6E6E6EFF" ac="6E6E6EFF" sc="6"><vp x="1" y="4" z="5"/></o></c><c d="01_block" t="0"><o r="-1,0,0,0,1,0,0,0,-1" bc="6E6E6EFF" ac="6E6E6EFF" sc="6"><vp x="0" y="4" z="5"/></o></c><c d="01_block" t="1"><o r="-1,0,0,0,1,0,0,0,-1" bc="6E6E6EFF" ac="6E6E6EFF" sc="6"><vp x="-2" y="4" z="5"/></o></c><c d="01_block" t="1"><o r="-1,0,0,0,1,0,0,0,-1" bc="6E6E6EFF" ac="6E6E6EFF" sc="6"><vp x="-1" y="4" z="5"/></o></c><c d="02_wedge" t="0"><o r="0,0,1,0,-1,0,1,0,0" bc="6E6E6EFF" ac="6E6E6EFF" sc="5"><vp x="-3" y="0" z="5"/></o></c><c d="02_wedge" t="4"><o r="0,0,1,0,-1,0,1,0,0" bc="6E6E6EFF" ac="6E6E6EFF" sc="5"><vp x="3" y="0" z="5"/></o></c><c d="01_block" t="0"><o r="-1,0,0,0,0,-1,0,-1,0" bc="6E6E6EFF" ac="6E6E6EFF" sc="6"><vp x="-2" y="0" z="4"/></o></c><c d="01_block" t="1"><o r="-1,0,0,0,0,-1,0,-1,0" bc="6E6E6EFF" ac="6E6E6EFF" sc="6"><vp x="2" y="0" z="4"/></o></c><c d="01_block" t="0"><o r="-1,0,0,0,0,-1,0,-1,0" bc="6E6E6EFF" ac="6E6E6EFF" sc="6"><vp x="1" y="0" z="4"/></o></c><c d="01_block" t="0"><o r="-1,0,0,0,0,-1,0,-1,0" bc="6E6E6EFF" ac="6E6E6EFF" sc="6"><vp x="0" y="0" z="4"/></o></c><c d="01_block" t="1"><o r="-1,0,0,0,0,-1,0,-1,0" bc="6E6E6EFF" ac="6E6E6EFF" sc="6"><vp x="-1" y="0" z="4"/></o></c><c d="01_block" t="0"><o r="-1,0,0,0,0,-1,0,-1,0" bc="6E6E6EFF" ac="6E6E6EFF" sc="6"><vp x="1" y="0" z="3"/></o></c><c d="01_block" t="0"><o r="-1,0,0,0,0,-1,0,-1,0" bc="6E6E6EFF" ac="6E6E6EFF" sc="6"><vp x="0" y="0" z="3"/></o></c><c d="01_block" t="1"><o r="-1,0,0,0,0,-1,0,-1,0" bc="6E6E6EFF" ac="6E6E6EFF" sc="6"><vp x="-1" y="0" z="3"/></o></c><c d="01_block" t="0"><o r="-1,0,0,0,0,-1,0,-1,0" bc="6E6E6EFF" ac="6E6E6EFF" sc="6"><vp x="-3" y="1" z="4"/></o></c><c d="01_block" t="1"><o r="-1,0,0,0,0,-1,0,-1,0" bc="6E6E6EFF" ac="6E6E6EFF" sc="6"><vp x="3" y="1" z="4"/></o></c><c d="01_block" t="0"><o r="-1,0,0,0,0,-1,0,-1,0" bc="6E6E6EFF" ac="6E6E6EFF" sc="6"><vp x="-3" y="3" z="4"/></o></c><c d="01_block" t="1"><o r="-1,0,0,0,0,-1,0,-1,0" bc="6E6E6EFF" ac="6E6E6EFF" sc="6"><vp x="3" y="3" z="4"/></o></c><c d="01_block" t="0"><o r="-1,0,0,0,0,-1,0,-1,0" bc="6E6E6EFF" ac="6E6E6EFF" sc="6"><vp x="-3" y="4" z="4"/></o></c><c d="01_block" t="1"><o r="-1,0,0,0,0,-1,0,-1,0" bc="6E6E6EFF" ac="6E6E6EFF" sc="6"><vp x="3" y="4" z="4"/></o></c><c d="02_wedge" t="0"><o r="0,0,-1,-1,0,0,0,1,0" bc="6E6E6EFF" ac="6E6E6EFF" sc="5"><vp x="-3" y="0" z="4"/></o></c><c d="02_wedge" t="2"><o r="0,0,-1,-1,0,0,0,1,0" bc="6E6E6EFF" ac="6E6E6EFF" sc="5"><vp x="3" y="0" z="4"/></o></c><c d="01_block" t="0"><o r="-1,0,0,0,1,0,0,0,-1" bc="6E6E6EFF" ac="6E6E6EFF" sc="6"><vp x="3" y="2" z="9"/></o></c><c d="01_block" t="0"><o r="-1,0,0,0,1,0,0,0,-1" bc="6E6E6EFF" ac="6E6E6EFF" sc="6"><vp x="3" y="2" z="8"/></o></c><c d="01_block" t="0"><o r="-1,0,0,0,1,0,0,0,-1" bc="6E6E6EFF" ac="6E6E6EFF" sc="6"><vp x="3" y="2" z="7"/></o></c><c d="01_block" t="0"><o r="-1,0,0,0,1,0,0,0,-1" bc="6E6E6EFF" ac="6E6E6EFF" sc="6"><vp x="3" y="2" z="6"/></o></c><c d="trans_block_angle" t="0"><o r="0,0,-1,1,0,0,0,-1,0" bc="6E6E6EFF" ac="6E6E6EFF" sc="6" custom_name=""><vp x="-3" y="2" z="4"/></o></c><c d="water_inlet" t="0"><o r="0,0,-1,1,0,0,0,-1,0" bc="6E6E6EFF" ac="6E6E6EFF" sc="5" custom_name="" fluid_type="1" fluid_filter="4294967295"><vp x="-2" y="2" z="4"/><logic_slots><slot value="0"/><slot value="0"/><slot value="false"/><slot value="0"/><slot value="0"/><slot value="0"/></logic_slots></o></c><c d="water_spawner" t="0"><o r="-1,0,0,0,0,-1,0,-1,0" bc="6E6E6EFF" ac="6E6E6EFF" sc="5" custom_name="" fluid_type="1" fluid_filter="4294967295"><vp x="0" y="1" z="5"/><logic_slots><slot value="0"/><slot value="0"/><slot value="false"/><slot value="0"/><slot value="0"/><slot value="0"/></logic_slots></o></c><c d="water_measure" t="0"><o r="-1,0,0,0,0,-1,0,-1,0" bc="6E6E6EFF" ac="6E6E6EFF" sc="5" custom_name="" fluid_type="1" fluid_filter="4294967295"><vp x="0" y="2" z="5"/><logic_slots><slot value="0"/><slot value="0"/><slot value="false"/><slot value="0"/><slot value="0"/><slot value="0"/></logic_slots></o></c><c d="trans_block_straight" t="2"><o r="0,0,-1,1,0,0,0,-1,0" bc="6E6E6EFF" ac="6E6E6EFF" sc="6" custom_name=""><vp x="-3" y="2" z="7"/></o></c><c d="trans_block_straight" t="2"><o r="0,0,-1,1,0,0,0,-1,0" bc="6E6E6EFF" ac="6E6E6EFF" sc="6" custom_name=""><vp x="-3" y="2" z="6"/></o></c><c d="trans_block_straight" t="0"><o r="0,0,-1,1,0,0,0,-1,0" bc="6E6E6EFF" ac="6E6E6EFF" sc="6" custom_name=""><vp x="-3" y="2" z="5"/></o></c><c d="connector_water" t="0"><o r="0,-1,0,1,0,0,0,0,1" bc="6E6E6EFF" ac="6E6E6EFF" sc="5" custom_name=""><vp x="3" y="2" z="4"/><logic_slots><slot value="false"/><slot value="false"/><slot value="false"/><slot value="false"/><slot value="0"/><slot value="0"/><slot><value bools="0" 01="0" 02="0" 03="0" 04="0" 05="0" 06="0" 07="0" 08="0" 09="0" 10="0" 11="0" 12="0" 13="0" 14="0" 15="0" 16="0" 17="0" 18="0" 19="0" 20="0" 21="0" 22="0" 23="0" 24="0" 25="0" 26="0" 27="0" 28="0" 29="0" 30="0" 31="0" 32="0"/></slot><slot><value bools="0" 01="0" 02="0" 03="0" 04="0" 05="0" 06="0" 07="0" 08="0" 09="0" 10="0" 11="0" 12="0" 13="0" 14="0" 15="0" 16="0" 17="0" 18="0" 19="0" 20="0" 21="0" 22="0" 23="0" 24="0" 25="0" 26="0" 27="0" 28="0" 29="0" 30="0" 31="0" 32="0"/></slot><slot><value/></slot><slot><value/></slot></logic_slots></o></c><c d="button_push" t="0"><o r="0,0,-1,1,0,0,0,-1,0" bc="6E6E6EFF" ac="6E6E6EFF" sc="5" custom_name="" hold_duration="1" default_state="false" sensitivity="1" val_1_name="" val_2_name=""><vp x="3" y="2" z="5"/><logic_slots><slot value="false"/><slot value="false"/><slot value="false"/><slot value="0"/><slot value="0"/></logic_slots><min_lever_value text="0" value="0"/><max_lever_value text="1" value="1"/><starting_lever_value text="0" value="0"/></o></c><c d="water_inlet" t="0"><o r="0,0,1,-1,0,0,0,-1,0" bc="6E6E6EFF" ac="6E6E6EFF" sc="5" custom_name="" fluid_type="1" fluid_filter="4294967295"><vp x="2" y="2" z="4"/><logic_slots><slot value="0"/><slot value="0"/><slot value="false"/><slot value="0"/><slot value="0"/><slot value="0"/></logic_slots></o></c><c d="01_block" t="0"><o r="-1,0,0,0,0,-1,0,-1,0" bc="6E6E6EFF" ac="6E6E6EFF" sc="6"><vp x="2" y="1" z="2"/></o></c><c d="01_block" t="0"><o r="-1,0,0,0,0,-1,0,-1,0" bc="6E6E6EFF" ac="6E6E6EFF" sc="6"><vp x="2" y="2" z="2"/></o></c><c d="01_block" t="0"><o r="-1,0,0,0,0,-1,0,-1,0" bc="6E6E6EFF" ac="6E6E6EFF" sc="6"><vp x="2" y="3" z="2"/></o></c><c d="01_block" t="0"><o r="-1,0,0,0,0,-1,0,-1,0" bc="6E6E6EFF" ac="6E6E6EFF" sc="6"><vp x="2" y="4" z="2"/></o></c><c d="01_block" t="0"><o r="-1,0,0,0,0,-1,0,-1,0" bc="6E6E6EFF" ac="6E6E6EFF" sc="6"><vp x="1" y="0" z="2"/></o></c><c d="01_block" t="0"><o r="-1,0,0,0,0,-1,0,-1,0" bc="6E6E6EFF" ac="6E6E6EFF" sc="6"><vp x="1" y="1" z="2"/></o></c><c d="01_block" t="0"><o r="-1,0,0,0,0,-1,0,-1,0" bc="6E6E6EFF" ac="6E6E6EFF" sc="6"><vp x="1" y="2" z="2"/></o></c><c d="01_block" t="0"><o r="-1,0,0,0,0,-1,0,-1,0" bc="6E6E6EFF" ac="6E6E6EFF" sc="6"><vp x="1" y="3" z="2"/></o></c><c d="01_block" t="0"><o r="-1,0,0,0,0,-1,0,-1,0" bc="6E6E6EFF" ac="6E6E6EFF" sc="6"><vp x="1" y="4" z="2"/></o></c><c d="01_block" t="0"><o r="-1,0,0,0,0,-1,0,-1,0" bc="6E6E6EFF" ac="6E6E6EFF" sc="6"><vp x="0" y="0" z="2"/></o></c><c d="01_block" t="0"><o r="-1,0,0,0,0,-1,0,-1,0" bc="6E6E6EFF" ac="6E6E6EFF" sc="6"><vp x="0" y="1" z="2"/></o></c><c d="01_block" t="0"><o r="-1,0,0,0,0,-1,0,-1,0" bc="6E6E6EFF" ac="6E6E6EFF" sc="6"><vp x="0" y="2" z="2"/></o></c><c d="01_block" t="0"><o r="-1,0,0,0,0,-1,0,-1,0" bc="6E6E6EFF" ac="6E6E6EFF" sc="6"><vp x="0" y="3" z="2"/></o></c><c d="01_block" t="0"><o r="-1,0,0,0,0,-1,0,-1,0" bc="6E6E6EFF" ac="6E6E6EFF" sc="6"><vp x="0" y="4" z="2"/></o></c><c d="01_block" t="0"><o r="-1,0,0,0,0,-1,0,-1,0" bc="6E6E6EFF" ac="6E6E6EFF" sc="6"><vp x="-1" y="0" z="2"/></o></c><c d="01_block" t="0"><o r="-1,0,0,0,0,-1,0,-1,0" bc="6E6E6EFF" ac="6E6E6EFF" sc="6"><vp x="-1" y="1" z="2"/></o></c><c d="01_block" t="0"><o r="-1,0,0,0,0,-1,0,-1,0" bc="6E6E6EFF" ac="6E6E6EFF" sc="6"><vp x="-1" y="2" z="2"/></o></c><c d="01_block" t="0"><o r="-1,0,0,0,0,-1,0,-1,0" bc="6E6E6EFF" ac="6E6E6EFF" sc="6"><vp x="-1" y="3" z="2"/></o></c><c d="01_block" t="0"><o r="-1,0,0,0,0,-1,0,-1,0" bc="6E6E6EFF" ac="6E6E6EFF" sc="6"><vp x="-1" y="4" z="2"/></o></c><c d="01_block" t="0"><o r="-1,0,0,0,0,-1,0,-1,0" bc="6E6E6EFF" ac="6E6E6EFF" sc="6"><vp x="-2" y="1" z="2"/></o></c><c d="01_block" t="0"><o r="-1,0,0,0,0,-1,0,-1,0" bc="6E6E6EFF" ac="6E6E6EFF" sc="6"><vp x="-2" y="2" z="2"/></o></c><c d="01_block" t="0"><o r="-1,0,0,0,0,-1,0,-1,0" bc="6E6E6EFF" ac="6E6E6EFF" sc="6"><vp x="-2" y="3" z="2"/></o></c><c d="01_block" t="0"><o r="-1,0,0,0,0,-1,0,-1,0" bc="6E6E6EFF" ac="6E6E6EFF" sc="6"><vp x="-2" y="4" z="2"/></o></c><c d="07_invpyramid_2" t="0"><o r="0,1,0,-1,0,0,0,0,1" bc="6E6E6EFF" ac="6E6E6EFF" sc="12"><vp x="-2" y="0" z="3"/></o></c><c d="06_pyramid_2" t="0"><o r="0,1,0,-1,0,0,0,0,1" bc="6E6E6EFF" ac="6E6E6EFF" sc="7"><vp x="-3" y="0" z="3"/></o></c><c d="07_invpyramid_2" t="2"><o r="0,1,0,-1,0,0,0,0,1" bc="6E6E6EFF" ac="6E6E6EFF" sc="12"><vp x="2" y="0" z="3"/></o></c><c d="06_pyramid_2" t="2"><o r="0,1,0,-1,0,0,0,0,1" bc="6E6E6EFF" ac="6E6E6EFF" sc="7"><vp x="3" y="0" z="3"/></o></c><c d="01_block" t="0"><o r="-1,0,0,0,0,-1,0,-1,0" bc="6E6E6EFF" ac="6E6E6EFF" sc="6"><vp x="2" y="5" z="4"/></o></c><c d="01_block" t="0"><o r="-1,0,0,0,0,-1,0,-1,0" bc="6E6E6EFF" ac="6E6E6EFF" sc="6"><vp x="1" y="5" z="4"/></o></c><c d="01_block" t="0"><o r="-1,0,0,0,0,-1,0,-1,0" bc="6E6E6EFF" ac="6E6E6EFF" sc="6"><vp x="0" y="5" z="4"/></o></c><c d="01_block" t="1"><o r="-1,0,0,0,0,-1,0,-1,0" bc="6E6E6EFF" ac="6E6E6EFF" sc="6"><vp x="-2" y="5" z="4"/></o></c><c d="01_block" t="1"><o r="-1,0,0,0,0,-1,0,-1,0" bc="6E6E6EFF" ac="6E6E6EFF" sc="6"><vp x="-1" y="5" z="4"/></o></c><c d="02_wedge" t="0"><o r="0,0,1,-1,0,0,0,-1,0" bc="6E6E6EFF" ac="6E6E6EFF" sc="5"><vp x="-3" y="5" z="4"/></o></c><c d="02_wedge" t="2"><o r="0,0,1,-1,0,0,0,-1,0" bc="6E6E6EFF" ac="6E6E6EFF" sc="5"><vp x="3" y="5" z="4"/></o></c><c d="05_wedge_2" t="0"><o r="1,0,0,0,1,0,0,0,1" bc="6E6E6EFF" ac="6E6E6EFF" sc="9"><vp x="1" y="5" z="3"/></o></c><c d="05_wedge_2" t="1"><o r="1,0,0,0,1,0,0,0,1" bc="6E6E6EFF" ac="6E6E6EFF" sc="9"><vp x="-1" y="5" z="3"/></o></c><c d="05_wedge_2" t="0"><o r="1,0,0,0,1,0,0,0,1" bc="6E6E6EFF" ac="6E6E6EFF" sc="9"><vp x="0" y="5" z="3"/></o></c><c d="05_wedge_2" t="0"><o r="1,0,0,0,1,0,0,0,1" bc="6E6E6EFF" ac="6E6E6EFF" sc="9"><vp x="-2" y="5" z="3"/></o></c><c d="05_wedge_2" t="1"><o r="1,0,0,0,1,0,0,0,1" bc="6E6E6EFF" ac="6E6E6EFF" sc="9"><vp x="2" y="5" z="3"/></o></c><c d="05_wedge_2" t="0"><o r="0,1,0,-1,0,0,0,0,1" bc="6E6E6EFF" ac="6E6E6EFF" sc="9"><vp x="-3" y="4" z="3"/></o></c><c d="05_wedge_2" t="0"><o r="0,1,0,-1,0,0,0,0,1" bc="6E6E6EFF" ac="6E6E6EFF" sc="9"><vp x="-3" y="3" z="3"/></o></c><c d="05_wedge_2" t="0"><o r="0,1,0,-1,0,0,0,0,1" bc="6E6E6EFF" ac="6E6E6EFF" sc="9"><vp x="-3" y="2" z="3"/></o></c><c d="05_wedge_2" t="0"><o r="0,1,0,-1,0,0,0,0,1" bc="6E6E6EFF" ac="6E6E6EFF" sc="9"><vp x="-3" y="1" z="3"/></o></c><c d="05_wedge_2" t="2"><o r="0,1,0,-1,0,0,0,0,1" bc="6E6E6EFF" ac="6E6E6EFF" sc="9"><vp x="3" y="4" z="3"/></o></c><c d="05_wedge_2" t="2"><o r="0,1,0,-1,0,0,0,0,1" bc="6E6E6EFF" ac="6E6E6EFF" sc="9"><vp x="3" y="3" z="3"/></o></c><c d="05_wedge_2" t="2"><o r="0,1,0,-1,0,0,0,0,1" bc="6E6E6EFF" ac="6E6E6EFF" sc="9"><vp x="3" y="2" z="3"/></o></c><c d="05_wedge_2" t="2"><o r="0,1,0,-1,0,0,0,0,1" bc="6E6E6EFF" ac="6E6E6EFF" sc="9"><vp x="3" y="1" z="3"/></o></c><c d="06_pyramid_2" t="0"><o r="1,0,0,0,1,0,0,0,1" bc="6E6E6EFF" ac="6E6E6EFF" sc="7"><vp x="-3" y="5" z="3"/></o></c><c d="06_pyramid_2" t="1"><o r="1,0,0,0,1,0,0,0,1" bc="6E6E6EFF" ac="6E6E6EFF" sc="7"><vp x="3" y="5" z="3"/></o></c><c d="01_block" t="0"><o r="0,0,1,-1,0,0,0,-1,0" bc="6E6E6EFF" ac="6E6E6EFF" sc="6"><vp x="-3" y="4" z="5"/></o></c><c d="01_block" t="2"><o r="0,0,1,-1,0,0,0,-1,0" bc="6E6E6EFF" ac="6E6E6EFF" sc="6"><vp x="3" y="4" z="5"/></o></c><c d="01_block" t="0"><o r="-1,0,0,0,1,0,0,0,-1" bc="6E6E6EFF" ac="6E6E6EFF" sc="6"><vp x="2" y="5" z="5"/></o></c><c d="01_block" t="0"><o r="-1,0,0,0,1,0,0,0,-1" bc="6E6E6EFF" ac="6E6E6EFF" sc="6"><vp x="1" y="5" z="5"/></o></c><c d="01_block" t="1"><o r="-1,0,0,0,1,0,0,0,-1" bc="6E6E6EFF" ac="6E6E6EFF" sc="6"><vp x="-2" y="5" z="5"/></o></c><c d="01_block" t="1"><o r="-1,0,0,0,1,0,0,0,-1" bc="6E6E6EFF" ac="6E6E6EFF" sc="6"><vp x="-1" y="5" z="5"/></o></c><c d="01_block" t="0"><o r="0,0,1,-1,0,0,0,-1,0" bc="6E6E6EFF" ac="6E6E6EFF" sc="6"><vp x="0" y="5" z="5"/></o></c><c d="02_wedge" t="0"><o r="0,0,1,-1,0,0,0,-1,0" bc="6E6E6EFF" ac="6E6E6EFF" sc="5"><vp x="-3" y="5" z="5"/></o></c><c d="02_wedge" t="2"><o r="0,0,1,-1,0,0,0,-1,0" bc="6E6E6EFF" ac="6E6E6EFF" sc="5"><vp x="3" y="5" z="5"/></o></c><c d="01_block" t="0"><o r="-1,0,0,0,0,1,0,1,0" bc="6E6E6EFF" ac="6E6E6EFF" sc="6"><vp x="-3" y="4" z="6"/></o></c><c d="01_block" t="1"><o r="-1,0,0,0,0,1,0,1,0" bc="6E6E6EFF" ac="6E6E6EFF" sc="6"><vp x="3" y="4" z="6"/></o></c><c d="02_wedge" t="0"><o r="0,0,1,-1,0,0,0,-1,0" bc="6E6E6EFF" ac="6E6E6EFF" sc="5"><vp x="-3" y="5" z="6"/></o></c><c d="02_wedge" t="2"><o r="0,0,1,-1,0,0,0,-1,0" bc="6E6E6EFF" ac="6E6E6EFF" sc="5"><vp x="3" y="5" z="6"/></o></c><c d="01_block" t="0"><o r="-1,0,0,0,1,0,0,0,-1" bc="6E6E6EFF" ac="6E6E6EFF" sc="6"><vp x="-2" y="4" z="11"/></o></c><c d="01_block" t="1"><o r="-1,0,0,0,1,0,0,0,-1" bc="6E6E6EFF" ac="6E6E6EFF" sc="6"><vp x="2" y="4" z="11"/></o></c><c d="02_wedge" t="0"><o r="-1,0,0,0,1,0,0,0,-1" bc="6E6E6EFF" ac="6E6E6EFF" sc="5"><vp x="-2" y="4" z="13"/></o></c><c d="02_wedge" t="1"><o r="-1,0,0,0,1,0,0,0,-1" bc="6E6E6EFF" ac="6E6E6EFF" sc="5"><vp x="2" y="4" z="13"/></o></c><c d="window_narrow" t="0"><o r="0,0,-1,1,0,0,0,-1,0" bc="6E6E6EFF" ac="6E6E6EFF" sc="8"><vp x="0" y="4" z="11"/></o></c><c d="window_narrow" t="0"><o r="0,1,0,1,0,0,0,0,-1" bc="6E6E6EFF" ac="6E6E6EFF" sc="8"><vp x="0" y="5" z="11"/></o></c><c d="window_small_angle" t="0"><o r="0,1,0,0,0,-1,-1,0,0" bc="6E6E6EFF" ac="6E6E6EFF" sc="8"><vp x="0" y="5" z="10"/></o></c><c d="01_block" t="0"><o r="-1,0,0,0,0,-1,0,-1,0" bc="6E6E6EFF" ac="6E6E6EFF" sc="6"><vp x="0" y="0" z="1"/></o></c><c d="01_block" t="0"><o r="-1,0,0,0,0,-1,0,-1,0" bc="6E6E6EFF" ac="6E6E6EFF" sc="6"><vp x="0" y="0" z="0"/></o></c><c d="01_block" t="0"><o r="-1,0,0,0,0,-1,0,-1,0" bc="6E6E6EFF" ac="6E6E6EFF" sc="6"><vp x="0" y="0" z="-1"/></o></c><c d="01_block" t="0"><o r="-1,0,0,0,0,-1,0,-1,0" bc="6E6E6EFF" ac="6E6E6EFF" sc="6"><vp x="0" y="0" z="-2"/></o></c><c d="01_block" t="0"><o r="-1,0,0,0,0,-1,0,-1,0" bc="6E6E6EFF" ac="6E6E6EFF" sc="6"><vp x="0" y="0" z="-3"/></o></c><c d="01_block" t="0"><o r="-1,0,0,0,0,-1,0,-1,0" bc="6E6E6EFF" ac="6E6E6EFF" sc="6"><vp x="0" y="0" z="-4"/></o></c><c d="01_block" t="0"><o r="-1,0,0,0,0,-1,0,-1,0" bc="6E6E6EFF" ac="6E6E6EFF" sc="6"><vp x="0" y="0" z="-5"/></o></c><c d="01_block" t="0"><o r="-1,0,0,0,0,-1,0,-1,0" bc="6E6E6EFF" ac="6E6E6EFF" sc="6"><vp x="0" y="0" z="-6"/></o></c><c d="01_block" t="0"><o r="-1,0,0,0,0,-1,0,-1,0" bc="6E6E6EFF" ac="6E6E6EFF" sc="6"><vp x="0" y="0" z="-7"/></o></c><c d="10_invpyramid_4" t="0"><o r="0,1,0,-1,0,0,0,0,1" bc="6E6E6EFF" ac="6E6E6EFF" sc="22"><vp x="-1" y="0" z="1"/></o></c><c d="09_pyramid_4" t="0"><o r="0,1,0,-1,0,0,0,0,1" bc="6E6E6EFF" ac="6E6E6EFF" sc="13"><vp x="-2" y="0" z="1"/></o></c><c d="10_invpyramid_4" t="2"><o r="0,1,0,-1,0,0,0,0,1" bc="6E6E6EFF" ac="6E6E6EFF" sc="22"><vp x="1" y="0" z="1"/></o></c><c d="09_pyramid_4" t="2"><o r="0,1,0,-1,0,0,0,0,1" bc="6E6E6EFF" ac="6E6E6EFF" sc="13"><vp x="2" y="0" z="1"/></o></c><c d="02_wedge" t="0"><o r="0,0,1,0,-1,0,1,0,0" bc="6E6E6EFF" ac="6E6E6EFF" sc="5"><vp x="-1" y="0" z="-3"/></o></c><c d="02_wedge" t="0"><o r="0,0,1,0,-1,0,1,0,0" bc="6E6E6EFF" ac="6E6E6EFF" sc="5"><vp x="-1" y="0" z="-4"/></o></c><c d="02_wedge" t="0"><o r="0,0,1,0,-1,0,1,0,0" bc="6E6E6EFF" ac="6E6E6EFF" sc="5"><vp x="-1" y="0" z="-5"/></o></c><c d="02_wedge" t="0"><o r="0,0,1,0,-1,0,1,0,0" bc="6E6E6EFF" ac="6E6E6EFF" sc="5"><vp x="-1" y="0" z="-6"/></o></c><c d="02_wedge" t="0"><o r="0,0,1,0,-1,0,1,0,0" bc="6E6E6EFF" ac="6E6E6EFF" sc="5"><vp x="-1" y="0" z="-7"/></o></c><c d="02_wedge" t="4"><o r="0,0,1,0,-1,0,1,0,0" bc="6E6E6EFF" ac="6E6E6EFF" sc="5"><vp x="1" y="0" z="-3"/></o></c><c d="02_wedge" t="4"><o r="0,0,1,0,-1,0,1,0,0" bc="6E6E6EFF" ac="6E6E6EFF" sc="5"><vp x="1" y="0" z="-4"/></o></c><c d="02_wedge" t="4"><o r="0,0,1,0,-1,0,1,0,0" bc="6E6E6EFF" ac="6E6E6EFF" sc="5"><vp x="1" y="0" z="-5"/></o></c><c d="02_wedge" t="4"><o r="0,0,1,0,-1,0,1,0,0" bc="6E6E6EFF" ac="6E6E6EFF" sc="5"><vp x="1" y="0" z="-6"/></o></c><c d="02_wedge" t="4"><o r="0,0,1,0,-1,0,1,0,0" bc="6E6E6EFF" ac="6E6E6EFF" sc="5"><vp x="1" y="0" z="-7"/></o></c><c d="01_block" t="0"><o r="-1,0,0,0,1,0,0,0,-1" bc="6E6E6EFF" ac="6E6E6EFF" sc="6"><vp x="-1" y="1" z="-3"/></o></c><c d="01_block" t="0"><o r="-1,0,0,0,1,0,0,0,-1" bc="6E6E6EFF" ac="6E6E6EFF" sc="6"><vp x="-1" y="1" z="-4"/></o></c><c d="01_block" t="0"><o r="-1,0,0,0,1,0,0,0,-1" bc="6E6E6EFF" ac="6E6E6EFF" sc="6"><vp x="-1" y="1" z="-5"/></o></c><c d="01_block" t="0"><o r="-1,0,0,0,1,0,0,0,-1" bc="6E6E6EFF" ac="6E6E6EFF" sc="6"><vp x="-1" y="1" z="-6"/></o></c><c d="01_block" t="0"><o r="-1,0,0,0,1,0,0,0,-1" bc="6E6E6EFF" ac="6E6E6EFF" sc="6"><vp x="-1" y="1" z="-7"/></o></c><c d="01_block" t="1"><o r="-1,0,0,0,1,0,0,0,-1" bc="6E6E6EFF" ac="6E6E6EFF" sc="6"><vp x="1" y="1" z="-3"/></o></c><c d="01_block" t="1"><o r="-1,0,0,0,1,0,0,0,-1" bc="6E6E6EFF" ac="6E6E6EFF" sc="6"><vp x="1" y="1" z="-4"/></o></c><c d="01_block" t="1"><o r="-1,0,0,0,1,0,0,0,-1" bc="6E6E6EFF" ac="6E6E6EFF" sc="6"><vp x="1" y="1" z="-5"/></o></c><c d="01_block" t="1"><o r="-1,0,0,0,1,0,0,0,-1" bc="6E6E6EFF" ac="6E6E6EFF" sc="6"><vp x="1" y="1" z="-6"/></o></c><c d="01_block" t="1"><o r="-1,0,0,0,1,0,0,0,-1" bc="6E6E6EFF" ac="6E6E6EFF" sc="6"><vp x="1" y="1" z="-7"/></o></c><c d="08_wedge_4" t="0"><o r="1,0,0,0,1,0,0,0,1" bc="6E6E6EFF" ac="6E6E6EFF" sc="17"><vp x="1" y="4" z="1"/></o></c><c d="08_wedge_4" t="0"><o r="1,0,0,0,1,0,0,0,1" bc="6E6E6EFF" ac="6E6E6EFF" sc="17"><vp x="0" y="4" z="1"/></o></c><c d="08_wedge_4" t="0"><o r="1,0,0,0,1,0,0,0,1" bc="6E6E6EFF" ac="6E6E6EFF" sc="17"><vp x="-1" y="4" z="1"/></o></c><c d="08_wedge_4" t="0"><o r="0,1,0,-1,0,0,0,0,1" bc="6E6E6EFF" ac="6E6E6EFF" sc="17"><vp x="-2" y="3" z="1"/></o></c><c d="08_wedge_4" t="0"><o r="0,1,0,-1,0,0,0,0,1" bc="6E6E6EFF" ac="6E6E6EFF" sc="17"><vp x="-2" y="2" z="1"/></o></c><c d="08_wedge_4" t="0"><o r="0,1,0,-1,0,0,0,0,1" bc="6E6E6EFF" ac="6E6E6EFF" sc="17"><vp x="-2" y="1" z="1"/></o></c><c d="08_wedge_4" t="2"><o r="0,1,0,-1,0,0,0,0,1" bc="6E6E6EFF" ac="6E6E6EFF" sc="17"><vp x="2" y="3" z="1"/></o></c><c d="08_wedge_4" t="2"><o r="0,1,0,-1,0,0,0,0,1" bc="6E6E6EFF" ac="6E6E6EFF" sc="17"><vp x="2" y="2" z="1"/></o></c><c d="08_wedge_4" t="2"><o r="0,1,0,-1,0,0,0,0,1" bc="6E6E6EFF" ac="6E6E6EFF" sc="17"><vp x="2" y="1" z="1"/></o></c><c d="01_block" t="0"><o r="-1,0,0,0,1,0,0,0,-1" bc="6E6E6EFF" ac="6E6E6EFF" sc="6"><vp x="1" y="2" z="-3"/></o></c><c d="01_block" t="0"><o r="-1,0,0,0,1,0,0,0,-1" bc="6E6E6EFF" ac="6E6E6EFF" sc="6"><vp x="1" y="2" z="-4"/></o></c><c d="01_block" t="0"><o r="-1,0,0,0,1,0,0,0,-1" bc="6E6E6EFF" ac="6E6E6EFF" sc="6"><vp x="1" y="2" z="-5"/></o></c><c d="01_block" t="0"><o r="-1,0,0,0,1,0,0,0,-1" bc="6E6E6EFF" ac="6E6E6EFF" sc="6"><vp x="1" y="2" z="-6"/></o></c><c d="01_block" t="1"><o r="-1,0,0,0,1,0,0,0,-1" bc="6E6E6EFF" ac="6E6E6EFF" sc="6"><vp x="-1" y="2" z="-3"/></o></c><c d="01_block" t="1"><o r="-1,0,0,0,1,0,0,0,-1" bc="6E6E6EFF" ac="6E6E6EFF" sc="6"><vp x="-1" y="2" z="-4"/></o></c><c d="01_block" t="1"><o r="-1,0,0,0,1,0,0,0,-1" bc="6E6E6EFF" ac="6E6E6EFF" sc="6"><vp x="-1" y="2" z="-5"/></o></c><c d="01_block" t="1"><o r="-1,0,0,0,1,0,0,0,-1" bc="6E6E6EFF" ac="6E6E6EFF" sc="6"><vp x="-1" y="2" z="-6"/></o></c><c d="08_wedge_4" t="0"><o r="1,0,0,0,1,0,0,0,1" bc="6E6E6EFF" ac="6E6E6EFF" sc="17"><vp x="1" y="3" z="-3"/></o></c><c d="08_wedge_4" t="0"><o r="1,0,0,0,1,0,0,0,1" bc="6E6E6EFF" ac="6E6E6EFF" sc="17"><vp x="0" y="3" z="-3"/></o></c><c d="08_wedge_4" t="0"><o r="1,0,0,0,1,0,0,0,1" bc="6E6E6EFF" ac="6E6E6EFF" sc="17"><vp x="-1" y="3" z="-3"/></o></c><c d="01_block" t="0"><o r="-1,0,0,0,0,-1,0,-1,0" bc="6E6E6EFF" ac="6E6E6EFF" sc="6"><vp x="1" y="1" z="-8"/></o></c><c d="01_block" t="0"><o r="-1,0,0,0,0,-1,0,-1,0" bc="6E6E6EFF" ac="6E6E6EFF" sc="6"><vp x="1" y="1" z="-9"/></o></c><c d="01_block" t="0"><o r="-1,0,0,0,0,-1,0,-1,0" bc="6E6E6EFF" ac="6E6E6EFF" sc="6"><vp x="1" y="1" z="-10"/></o></c><c d="01_block" t="1"><o r="-1,0,0,0,0,-1,0,-1,0" bc="6E6E6EFF" ac="6E6E6EFF" sc="6"><vp x="-1" y="1" z="-8"/></o></c><c d="01_block" t="1"><o r="-1,0,0,0,0,-1,0,-1,0" bc="6E6E6EFF" ac="6E6E6EFF" sc="6"><vp x="-1" y="1" z="-9"/></o></c><c d="01_block" t="1"><o r="-1,0,0,0,0,-1,0,-1,0" bc="6E6E6EFF" ac="6E6E6EFF" sc="6"><vp x="-1" y="1" z="-10"/></o></c><c d="01_block" t="0"><o r="-1,0,0,0,0,-1,0,-1,0" bc="6E6E6EFF" ac="6E6E6EFF" sc="6"><vp x="0" y="0" z="-8"/></o></c><c d="01_block" t="0"><o r="-1,0,0,0,0,-1,0,-1,0" bc="6E6E6EFF" ac="6E6E6EFF" sc="6"><vp x="0" y="0" z="-9"/></o></c><c d="01_block" t="0"><o r="-1,0,0,0,0,-1,0,-1,0" bc="6E6E6EFF" ac="6E6E6EFF" sc="6"><vp x="0" y="0" z="-10"/></o></c><c d="02_wedge" t="0"><o r="0,0,1,0,-1,0,1,0,0" bc="6E6E6EFF" ac="6E6E6EFF" sc="5"><vp x="-1" y="0" z="-10"/></o></c><c d="02_wedge" t="0"><o r="0,0,1,0,-1,0,1,0,0" bc="6E6E6EFF" ac="6E6E6EFF" sc="5"><vp x="-1" y="0" z="-9"/></o></c><c d="02_wedge" t="0"><o r="0,0,1,0,-1,0,1,0,0" bc="6E6E6EFF" ac="6E6E6EFF" sc="5"><vp x="-1" y="0" z="-8"/></o></c><c d="02_wedge" t="4"><o r="0,0,1,0,-1,0,1,0,0" bc="6E6E6EFF" ac="6E6E6EFF" sc="5"><vp x="1" y="0" z="-10"/></o></c><c d="02_wedge" t="4"><o r="0,0,1,0,-1,0,1,0,0" bc="6E6E6EFF" ac="6E6E6EFF" sc="5"><vp x="1" y="0" z="-9"/></o></c><c d="02_wedge" t="4"><o r="0,0,1,0,-1,0,1,0,0" bc="6E6E6EFF" ac="6E6E6EFF" sc="5"><vp x="1" y="0" z="-8"/></o></c><c d="10_invpyramid_4" t="0"><o r="1,0,0,0,1,0,0,0,1" bc="6E6E6EFF" ac="6E6E6EFF" sc="22"><vp x="-1" y="2" z="-7"/></o></c><c d="10_invpyramid_4" t="1"><o r="1,0,0,0,1,0,0,0,1" bc="6E6E6EFF" ac="6E6E6EFF" sc="22"><vp x="1" y="2" z="-7"/></o></c><c d="01_block" t="0"><o r="0,0,1,-1,0,0,0,-1,0" bc="6E6E6EFF" ac="6E6E6EFF" sc="6"><vp x="0" y="2" z="-7"/></o></c><c d="01_block" t="0"><o r="0,0,1,-1,0,0,0,-1,0" bc="6E6E6EFF" ac="6E6E6EFF" sc="6"><vp x="0" y="2" z="-8"/></o></c><c d="01_block" t="0"><o r="0,0,1,-1,0,0,0,-1,0" bc="6E6E6EFF" ac="6E6E6EFF" sc="6"><vp x="0" y="2" z="-9"/></o></c><c d="01_block" t="0"><o r="0,0,1,-1,0,0,0,-1,0" bc="6E6E6EFF" ac="6E6E6EFF" sc="6"><vp x="0" y="2" z="-10"/></o></c><c d="09_pyramid_4" t="0"><o r="1,0,0,0,1,0,0,0,1" bc="6E6E6EFF" ac="6E6E6EFF" sc="13"><vp x="-2" y="4" z="1"/></o></c><c d="09_pyramid_4" t="1"><o r="1,0,0,0,1,0,0,0,1" bc="6E6E6EFF" ac="6E6E6EFF" sc="13"><vp x="2" y="4" z="1"/></o></c><c d="01_block" t="0"><o r="-1,0,0,0,0,-1,0,-1,0" bc="6E6E6EFF" ac="6E6E6EFF" sc="6"><vp x="1" y="1" z="-11"/></o></c><c d="01_block" t="0"><o r="-1,0,0,0,0,-1,0,-1,0" bc="6E6E6EFF" ac="6E6E6EFF" sc="6"><vp x="1" y="1" z="-12"/></o></c><c d="01_block" t="0"><o r="-1,0,0,0,0,-1,0,-1,0" bc="6E6E6EFF" ac="6E6E6EFF" sc="6"><vp x="1" y="1" z="-13"/></o></c><c d="01_block" t="1"><o r="-1,0,0,0,0,-1,0,-1,0" bc="6E6E6EFF" ac="6E6E6EFF" sc="6"><vp x="-1" y="1" z="-11"/></o></c><c d="01_block" t="1"><o r="-1,0,0,0,0,-1,0,-1,0" bc="6E6E6EFF" ac="6E6E6EFF" sc="6"><vp x="-1" y="1" z="-12"/></o></c><c d="01_block" t="1"><o r="-1,0,0,0,0,-1,0,-1,0" bc="6E6E6EFF" ac="6E6E6EFF" sc="6"><vp x="-1" y="1" z="-13"/></o></c><c d="01_block" t="0"><o r="-1,0,0,0,0,-1,0,-1,0" bc="6E6E6EFF" ac="6E6E6EFF" sc="6"><vp x="0" y="0" z="-11"/></o></c><c d="01_block" t="0"><o r="-1,0,0,0,0,-1,0,-1,0" bc="6E6E6EFF" ac="6E6E6EFF" sc="6"><vp x="0" y="0" z="-12"/></o></c><c d="01_block" t="0"><o r="-1,0,0,0,0,-1,0,-1,0" bc="6E6E6EFF" ac="6E6E6EFF" sc="6"><vp x="0" y="0" z="-13"/></o></c><c d="01_block" t="0"><o r="-1,0,0,0,0,-1,0,-1,0" bc="6E6E6EFF" ac="6E6E6EFF" sc="6"><vp x="0" y="2" z="-11"/></o></c><c d="01_block" t="0"><o r="-1,0,0,0,0,-1,0,-1,0" bc="6E6E6EFF" ac="6E6E6EFF" sc="6"><vp x="0" y="2" z="-12"/></o></c><c d="01_block" t="0"><o r="-1,0,0,0,0,-1,0,-1,0" bc="6E6E6EFF" ac="6E6E6EFF" sc="6"><vp x="0" y="2" z="-13"/></o></c><c d="01_block" t="0"><o r="-1,0,0,0,0,-1,0,-1,0" bc="6E6E6EFF" ac="6E6E6EFF" sc="6"><vp x="0" y="2" z="-14"/></o></c><c d="02_wedge" t="0"><o r="0,0,-1,0,1,0,1,0,0" bc="6E6E6EFF" ac="6E6E6EFF" sc="5"><vp x="-1" y="2" z="-13"/></o></c><c d="02_wedge" t="0"><o r="0,0,-1,0,1,0,1,0,0" bc="6E6E6EFF" ac="6E6E6EFF" sc="5"><vp x="-1" y="2" z="-12"/></o></c><c d="02_wedge" t="0"><o r="0,0,-1,0,1,0,1,0,0" bc="6E6E6EFF" ac="6E6E6EFF" sc="5"><vp x="-1" y="2" z="-11"/></o></c><c d="02_wedge" t="4"><o r="0,0,-1,0,1,0,1,0,0" bc="6E6E6EFF" ac="6E6E6EFF" sc="5"><vp x="1" y="2" z="-13"/></o></c><c d="02_wedge" t="4"><o r="0,0,-1,0,1,0,1,0,0" bc="6E6E6EFF" ac="6E6E6EFF" sc="5"><vp x="1" y="2" z="-12"/></o></c><c d="02_wedge" t="4"><o r="0,0,-1,0,1,0,1,0,0" bc="6E6E6EFF" ac="6E6E6EFF" sc="5"><vp x="1" y="2" z="-11"/></o></c><c d="02_wedge" t="0"><o r="0,0,-1,-1,0,0,0,1,0" bc="6E6E6EFF" ac="6E6E6EFF" sc="5"><vp x="-1" y="0" z="-11"/></o></c><c d="02_wedge" t="0"><o r="0,0,-1,-1,0,0,0,1,0" bc="6E6E6EFF" ac="6E6E6EFF" sc="5"><vp x="-1" y="0" z="-12"/></o></c><c d="02_wedge" t="0"><o r="0,0,-1,-1,0,0,0,1,0" bc="6E6E6EFF" ac="6E6E6EFF" sc="5"><vp x="-1" y="0" z="-13"/></o></c><c d="02_wedge" t="2"><o r="0,0,-1,-1,0,0,0,1,0" bc="6E6E6EFF" ac="6E6E6EFF" sc="5"><vp x="1" y="0" z="-11"/></o></c><c d="02_wedge" t="2"><o r="0,0,-1,-1,0,0,0,1,0" bc="6E6E6EFF" ac="6E6E6EFF" sc="5"><vp x="1" y="0" z="-12"/></o></c><c d="02_wedge" t="2"><o r="0,0,-1,-1,0,0,0,1,0" bc="6E6E6EFF" ac="6E6E6EFF" sc="5"><vp x="1" y="0" z="-13"/></o></c><c d="01_block" t="0"><o r="-1,0,0,0,1,0,0,0,-1" bc="6E6E6EFF" ac="6E6E6EFF" sc="6"><vp x="0" y="1" z="-16"/></o></c><c d="01_block" t="0"><o r="-1,0,0,0,1,0,0,0,-1" bc="6E6E6EFF" ac="6E6E6EFF" sc="6"><vp x="0" y="2" z="-16"/></o></c><c d="01_block" t="0"><o r="-1,0,0,0,1,0,0,0,-1" bc="6E6E6EFF" ac="6E6E6EFF" sc="6"><vp x="0" y="3" z="-16"/></o></c><c d="01_block" t="0"><o r="-1,0,0,0,1,0,0,0,-1" bc="6E6E6EFF" ac="6E6E6EFF" sc="6"><vp x="0" y="4" z="-16"/></o></c><c d="01_block" t="0"><o r="-1,0,0,0,1,0,0,0,-1" bc="6E6E6EFF" ac="6E6E6EFF" sc="6"><vp x="0" y="5" z="-16"/></o></c><c d="control_surface_small" t="0"><o r="1,0,0,0,0,-1,0,1,0" bc="6E6E6EFF" ac="6E6E6EFF" sc="7" custom_name=""><vp x="0" y="4" z="-17"/><logic_slots><slot value="0"/></logic_slots></o></c><c d="01_block" t="0"><o r="-1,0,0,0,1,0,0,0,-1" bc="6E6E6EFF" ac="6E6E6EFF" sc="6"><vp x="0" y="6" z="-16"/></o></c><c d="02_wedge" t="0"><o r="-1,0,0,0,1,0,0,0,-1" bc="6E6E6EFF" ac="6E6E6EFF" sc="5"><vp x="0" y="7" z="-16"/></o></c><c d="01_block" t="0"><o r="-1,0,0,0,0,1,0,1,0" bc="6E6E6EFF" ac="6E6E6EFF" sc="6"><vp x="0" y="3" z="-15"/></o></c><c d="02_wedge" t="0"><o r="-1,0,0,0,1,0,0,0,-1" bc="6E6E6EFF" ac="6E6E6EFF" sc="5"><vp x="0" y="3" z="-14"/></o></c><c d="02_wedge" t="0"><o r="-1,0,0,0,1,0,0,0,-1" bc="6E6E6EFF" ac="6E6E6EFF" sc="5"><vp x="0" y="4" z="-15"/></o></c><c d="01_block" t="0"><o r="-1,0,0,0,1,0,0,0,-1" bc="6E6E6EFF" ac="6E6E6EFF" sc="6"><vp x="0" y="1" z="-14"/></o></c><c d="control_surface_small" t="0"><o r="0,-1,0,0,0,-1,1,0,0" bc="6E6E6EFF" ac="6E6E6EFF" sc="7" custom_name=""><vp x="-4" y="2" z="-17"/><logic_slots><slot value="0"/></logic_slots></o></c><c d="control_surface_small" t="4"><o r="0,-1,0,0,0,-1,1,0,0" bc="6E6E6EFF" ac="6E6E6EFF" sc="7" custom_name=""><vp x="4" y="2" z="-17"/><logic_slots><slot value="0"/></logic_slots></o></c><c d="01_block" t="0"><o r="-1,0,0,0,0,1,0,1,0" bc="6E6E6EFF" ac="6E6E6EFF" sc="6"><vp x="-1" y="2" z="-16"/></o></c><c d="01_block" t="0"><o r="-1,0,0,0,0,1,0,1,0" bc="6E6E6EFF" ac="6E6E6EFF" sc="6"><vp x="-2" y="2" z="-16"/></o></c><c d="01_block" t="0"><o r="-1,0,0,0,0,1,0,1,0" bc="6E6E6EFF" ac="6E6E6EFF" sc="6"><vp x="-3" y="2" z="-16"/></o></c><c d="01_block" t="0"><o r="-1,0,0,0,0,1,0,1,0" bc="6E6E6EFF" ac="6E6E6EFF" sc="6"><vp x="-4" y="2" z="-16"/></o></c><c d="01_block" t="0"><o r="-1,0,0,0,0,1,0,1,0" bc="6E6E6EFF" ac="6E6E6EFF" sc="6"><vp x="-5" y="2" z="-16"/></o></c><c d="01_block" t="0"><o r="-1,0,0,0,0,1,0,1,0" bc="6E6E6EFF" ac="6E6E6EFF" sc="6"><vp x="-6" y="2" z="-16"/></o></c><c d="01_block" t="1"><o r="-1,0,0,0,0,1,0,1,0" bc="6E6E6EFF" ac="6E6E6EFF" sc="6"><vp x="1" y="2" z="-16"/></o></c><c d="01_block" t="1"><o r="-1,0,0,0,0,1,0,1,0" bc="6E6E6EFF" ac="6E6E6EFF" sc="6"><vp x="2" y="2" z="-16"/></o></c><c d="01_block" t="1"><o r="-1,0,0,0,0,1,0,1,0" bc="6E6E6EFF" ac="6E6E6EFF" sc="6"><vp x="3" y="2" z="-16"/></o></c><c d="01_block" t="1"><o r="-1,0,0,0,0,1,0,1,0" bc="6E6E6EFF" ac="6E6E6EFF" sc="6"><vp x="4" y="2" z="-16"/></o></c><c d="01_block" t="1"><o r="-1,0,0,0,0,1,0,1,0" bc="6E6E6EFF" ac="6E6E6EFF" sc="6"><vp x="5" y="2" z="-16"/></o></c><c d="01_block" t="1"><o r="-1,0,0,0,0,1,0,1,0" bc="6E6E6EFF" ac="6E6E6EFF" sc="6"><vp x="6" y="2" z="-16"/></o></c><c d="01_block" t="0"><o r="-1,0,0,0,0,1,0,1,0" bc="6E6E6EFF" ac="6E6E6EFF" sc="6"><vp x="-1" y="2" z="-15"/></o></c><c d="01_block" t="0"><o r="-1,0,0,0,0,1,0,1,0" bc="6E6E6EFF" ac="6E6E6EFF" sc="6"><vp x="-2" y="2" z="-15"/></o></c><c d="01_block" t="0"><o r="-1,0,0,0,0,1,0,1,0" bc="6E6E6EFF" ac="6E6E6EFF" sc="6"><vp x="-3" y="2" z="-15"/></o></c><c d="01_block" t="0"><o r="-1,0,0,0,0,1,0,1,0" bc="6E6E6EFF" ac="6E6E6EFF" sc="6"><vp x="-4" y="2" z="-15"/></o></c><c d="01_block" t="0"><o r="-1,0,0,0,0,1,0,1,0" bc="6E6E6EFF" ac="6E6E6EFF" sc="6"><vp x="-5" y="2" z="-15"/></o></c><c d="01_block" t="1"><o r="-1,0,0,0,0,1,0,1,0" bc="6E6E6EFF" ac="6E6E6EFF" sc="6"><vp x="1" y="2" z="-15"/></o></c><c d="01_block" t="1"><o r="-1,0,0,0,0,1,0,1,0" bc="6E6E6EFF" ac="6E6E6EFF" sc="6"><vp x="2" y="2" z="-15"/></o></c><c d="01_block" t="1"><o r="-1,0,0,0,0,1,0,1,0" bc="6E6E6EFF" ac="6E6E6EFF" sc="6"><vp x="3" y="2" z="-15"/></o></c><c d="01_block" t="1"><o r="-1,0,0,0,0,1,0,1,0" bc="6E6E6EFF" ac="6E6E6EFF" sc="6"><vp x="4" y="2" z="-15"/></o></c><c d="01_block" t="1"><o r="-1,0,0,0,0,1,0,1,0" bc="6E6E6EFF" ac="6E6E6EFF" sc="6"><vp x="5" y="2" z="-15"/></o></c><c d="04_invpyramid" t="0"><o r="1,0,0,0,0,1,0,-1,0" bc="6E6E6EFF" ac="6E6E6EFF" sc="7"><vp x="-1" y="2" z="-14"/></o></c><c d="04_invpyramid" t="1"><o r="1,0,0,0,0,1,0,-1,0" bc="6E6E6EFF" ac="6E6E6EFF" sc="7"><vp x="1" y="2" z="-14"/></o></c><c d="02_wedge" t="0"><o r="1,0,0,0,0,1,0,-1,0" bc="6E6E6EFF" ac="6E6E6EFF" sc="5"><vp x="-2" y="2" z="-14"/></o></c><c d="02_wedge" t="0"><o r="1,0,0,0,0,1,0,-1,0" bc="6E6E6EFF" ac="6E6E6EFF" sc="5"><vp x="-3" y="2" z="-14"/></o></c><c d="02_wedge" t="0"><o r="1,0,0,0,0,1,0,-1,0" bc="6E6E6EFF" ac="6E6E6EFF" sc="5"><vp x="-4" y="2" z="-14"/></o></c><c d="02_wedge" t="0"><o r="1,0,0,0,0,1,0,-1,0" bc="6E6E6EFF" ac="6E6E6EFF" sc="5"><vp x="-5" y="2" z="-14"/></o></c><c d="02_wedge" t="1"><o r="1,0,0,0,0,1,0,-1,0" bc="6E6E6EFF" ac="6E6E6EFF" sc="5"><vp x="2" y="2" z="-14"/></o></c><c d="02_wedge" t="1"><o r="1,0,0,0,0,1,0,-1,0" bc="6E6E6EFF" ac="6E6E6EFF" sc="5"><vp x="3" y="2" z="-14"/></o></c><c d="02_wedge" t="1"><o r="1,0,0,0,0,1,0,-1,0" bc="6E6E6EFF" ac="6E6E6EFF" sc="5"><vp x="4" y="2" z="-14"/></o></c><c d="02_wedge" t="1"><o r="1,0,0,0,0,1,0,-1,0" bc="6E6E6EFF" ac="6E6E6EFF" sc="5"><vp x="5" y="2" z="-14"/></o></c><c d="04_invpyramid" t="0"><o r="1,0,0,0,0,1,0,-1,0" bc="6E6E6EFF" ac="6E6E6EFF" sc="7"><vp x="-7" y="2" z="-16"/></o></c><c d="04_invpyramid" t="0"><o r="1,0,0,0,0,1,0,-1,0" bc="6E6E6EFF" ac="6E6E6EFF" sc="7"><vp x="-6" y="2" z="-15"/></o></c><c d="03_pyramid" t="0"><o r="1,0,0,0,0,1,0,-1,0" bc="6E6E6EFF" ac="6E6E6EFF" sc="4"><vp x="-7" y="2" z="-15"/></o></c><c d="03_pyramid" t="0"><o r="1,0,0,0,0,1,0,-1,0" bc="6E6E6EFF" ac="6E6E6EFF" sc="4"><vp x="-6" y="2" z="-14"/></o></c><c d="04_invpyramid" t="1"><o r="1,0,0,0,0,1,0,-1,0" bc="6E6E6EFF" ac="6E6E6EFF" sc="7"><vp x="7" y="2" z="-16"/></o></c><c d="04_invpyramid" t="1"><o r="1,0,0,0,0,1,0,-1,0" bc="6E6E6EFF" ac="6E6E6EFF" sc="7"><vp x="6" y="2" z="-15"/></o></c><c d="03_pyramid" t="1"><o r="1,0,0,0,0,1,0,-1,0" bc="6E6E6EFF" ac="6E6E6EFF" sc="4"><vp x="7" y="2" z="-15"/></o></c><c d="03_pyramid" t="1"><o r="1,0,0,0,0,1,0,-1,0" bc="6E6E6EFF" ac="6E6E6EFF" sc="4"><vp x="6" y="2" z="-14"/></o></c><c d="wing_small_front" t="0"><o r="0,-1,0,1,0,0,0,0,1" bc="6E6E6EFF" ac="6E6E6EFF" sc="55" custom_name=""><vp x="-7" y="1" z="9"/><logic_slots><slot value="0"/></logic_slots></o></c><c d="wing_small_front" t="2"><o r="0,-1,0,1,0,0,0,0,1" bc="6E6E6EFF" ac="6E6E6EFF" sc="55" custom_name=""><vp x="7" y="1" z="9"/><logic_slots><slot value="0"/></logic_slots></o></c><c d="wing_small_front" t="0"><o r="0,-1,0,1,0,0,0,0,1" bc="6E6E6EFF" ac="6E6E6EFF" sc="55" custom_name=""><vp x="-14" y="1" z="9"/><logic_slots><slot value="0"/></logic_slots></o></c><c d="wing_small_front" t="2"><o r="0,-1,0,1,0,0,0,0,1" bc="6E6E6EFF" ac="6E6E6EFF" sc="55" custom_name=""><vp x="14" y="1" z="9"/><logic_slots><slot value="0"/></logic_slots></o></c><c d="01_block" t="0"><o r="0,0,1,-1,0,0,0,-1,0" bc="6E6E6EFF" ac="6E6E6EFF" sc="6"><vp x="-4" y="1" z="6"/></o></c><c d="01_block" t="0"><o r="0,0,1,-1,0,0,0,-1,0" bc="6E6E6EFF" ac="6E6E6EFF" sc="6"><vp x="-5" y="1" z="6"/></o></c><c d="01_block" t="0"><o r="0,0,1,-1,0,0,0,-1,0" bc="6E6E6EFF" ac="6E6E6EFF" sc="6"><vp x="-6" y="1" z="6"/></o></c><c d="01_block" t="0"><o r="0,0,1,-1,0,0,0,-1,0" bc="6E6E6EFF" ac="6E6E6EFF" sc="6"><vp x="-7" y="1" z="6"/></o></c><c d="01_block" t="0"><o r="0,0,1,-1,0,0,0,-1,0" bc="6E6E6EFF" ac="6E6E6EFF" sc="6"><vp x="-8" y="1" z="6"/></o></c><c d="01_block" t="0"><o r="0,0,1,-1,0,0,0,-1,0" bc="6E6E6EFF" ac="6E6E6EFF" sc="6"><vp x="-9" y="1" z="6"/></o></c><c d="01_block" t="0"><o r="0,0,1,-1,0,0,0,-1,0" bc="6E6E6EFF" ac="6E6E6EFF" sc="6"><vp x="-10" y="1" z="6"/></o></c><c d="01_block" t="0"><o r="0,0,1,-1,0,0,0,-1,0" bc="6E6E6EFF" ac="6E6E6EFF" sc="6"><vp x="-12" y="1" z="6"/></o></c><c d="01_block" t="0"><o r="0,0,1,-1,0,0,0,-1,0" bc="6E6E6EFF" ac="6E6E6EFF" sc="6"><vp x="-13" y="1" z="6"/></o></c><c d="01_block" t="0"><o r="0,0,1,-1,0,0,0,-1,0" bc="6E6E6EFF" ac="6E6E6EFF" sc="6"><vp x="-14" y="1" z="6"/></o></c><c d="01_block" t="0"><o r="0,0,1,-1,0,0,0,-1,0" bc="6E6E6EFF" ac="6E6E6EFF" sc="6"><vp x="-15" y="1" z="6"/></o></c><c d="01_block" t="0"><o r="0,0,1,-1,0,0,0,-1,0" bc="6E6E6EFF" ac="6E6E6EFF" sc="6"><vp x="-16" y="1" z="6"/></o></c><c d="01_block" t="0"><o r="0,0,1,-1,0,0,0,-1,0" bc="6E6E6EFF" ac="6E6E6EFF" sc="6"><vp x="-17" y="1" z="6"/></o></c><c d="01_block" t="2"><o r="0,0,1,-1,0,0,0,-1,0" bc="6E6E6EFF" ac="6E6E6EFF" sc="6"><vp x="4" y="1" z="6"/></o></c><c d="01_block" t="2"><o r="0,0,1,-1,0,0,0,-1,0" bc="6E6E6EFF" ac="6E6E6EFF" sc="6"><vp x="5" y="1" z="6"/></o></c><c d="01_block" t="2"><o r="0,0,1,-1,0,0,0,-1,0" bc="6E6E6EFF" ac="6E6E6EFF" sc="6"><vp x="6" y="1" z="6"/></o></c><c d="01_block" t="2"><o r="0,0,1,-1,0,0,0,-1,0" bc="6E6E6EFF" ac="6E6E6EFF" sc="6"><vp x="7" y="1" z="6"/></o></c><c d="01_block" t="2"><o r="0,0,1,-1,0,0,0,-1,0" bc="6E6E6EFF" ac="6E6E6EFF" sc="6"><vp x="8" y="1" z="6"/></o></c><c d="01_block" t="2"><o r="0,0,1,-1,0,0,0,-1,0" bc="6E6E6EFF" ac="6E6E6EFF" sc="6"><vp x="9" y="1" z="6"/></o></c><c d="01_block" t="2"><o r="0,0,1,-1,0,0,0,-1,0" bc="6E6E6EFF" ac="6E6E6EFF" sc="6"><vp x="10" y="1" z="6"/></o></c><c d="01_block" t="2"><o r="0,0,1,-1,0,0,0,-1,0" bc="6E6E6EFF" ac="6E6E6EFF" sc="6"><vp x="12" y="1" z="6"/></o></c><c d="01_block" t="2"><o r="0,0,1,-1,0,0,0,-1,0" bc="6E6E6EFF" ac="6E6E6EFF" sc="6"><vp x="13" y="1" z="6"/></o></c><c d="01_block" t="2"><o r="0,0,1,-1,0,0,0,-1,0" bc="6E6E6EFF" ac="6E6E6EFF" sc="6"><vp x="14" y="1" z="6"/></o></c><c d="01_block" t="2"><o r="0,0,1,-1,0,0,0,-1,0" bc="6E6E6EFF" ac="6E6E6EFF" sc="6"><vp x="15" y="1" z="6"/></o></c><c d="01_block" t="2"><o r="0,0,1,-1,0,0,0,-1,0" bc="6E6E6EFF" ac="6E6E6EFF" sc="6"><vp x="16" y="1" z="6"/></o></c><c d="01_block" t="2"><o r="0,0,1,-1,0,0,0,-1,0" bc="6E6E6EFF" ac="6E6E6EFF" sc="6"><vp x="17" y="1" z="6"/></o></c><c d="01_block" t="0"><o r="-1,0,0,0,0,-1,0,-1,0" bc="6E6E6EFF" ac="6E6E6EFF" sc="6"><vp x="-4" y="1" z="5"/></o></c><c d="01_block" t="0"><o r="-1,0,0,0,0,-1,0,-1,0" bc="6E6E6EFF" ac="6E6E6EFF" sc="6"><vp x="-5" y="1" z="5"/></o></c><c d="01_block" t="0"><o r="-1,0,0,0,0,-1,0,-1,0" bc="6E6E6EFF" ac="6E6E6EFF" sc="6"><vp x="-6" y="1" z="5"/></o></c><c d="01_block" t="0"><o r="-1,0,0,0,0,-1,0,-1,0" bc="6E6E6EFF" ac="6E6E6EFF" sc="6"><vp x="-7" y="1" z="5"/></o></c><c d="01_block" t="0"><o r="-1,0,0,0,0,-1,0,-1,0" bc="6E6E6EFF" ac="6E6E6EFF" sc="6"><vp x="-8" y="1" z="5"/></o></c><c d="01_block" t="0"><o r="-1,0,0,0,0,-1,0,-1,0" bc="6E6E6EFF" ac="6E6E6EFF" sc="6"><vp x="-9" y="1" z="5"/></o></c><c d="01_block" t="0"><o r="-1,0,0,0,0,-1,0,-1,0" bc="6E6E6EFF" ac="6E6E6EFF" sc="6"><vp x="-10" y="1" z="5"/></o></c><c d="01_block" t="0"><o r="-1,0,0,0,0,-1,0,-1,0" bc="6E6E6EFF" ac="6E6E6EFF" sc="6"><vp x="-11" y="1" z="5"/></o></c><c d="01_block" t="0"><o r="-1,0,0,0,0,-1,0,-1,0" bc="6E6E6EFF" ac="6E6E6EFF" sc="6"><vp x="-12" y="1" z="5"/></o></c><c d="01_block" t="0"><o r="-1,0,0,0,0,-1,0,-1,0" bc="6E6E6EFF" ac="6E6E6EFF" sc="6"><vp x="-13" y="1" z="5"/></o></c><c d="01_block" t="0"><o r="-1,0,0,0,0,-1,0,-1,0" bc="6E6E6EFF" ac="6E6E6EFF" sc="6"><vp x="-14" y="1" z="5"/></o></c><c d="01_block" t="0"><o r="-1,0,0,0,0,-1,0,-1,0" bc="6E6E6EFF" ac="6E6E6EFF" sc="6"><vp x="-15" y="1" z="5"/></o></c><c d="01_block" t="0"><o r="-1,0,0,0,0,-1,0,-1,0" bc="6E6E6EFF" ac="6E6E6EFF" sc="6"><vp x="-16" y="1" z="5"/></o></c><c d="01_block" t="0"><o r="-1,0,0,0,0,-1,0,-1,0" bc="6E6E6EFF" ac="6E6E6EFF" sc="6"><vp x="-17" y="1" z="5"/></o></c><c d="01_block" t="1"><o r="-1,0,0,0,0,-1,0,-1,0" bc="6E6E6EFF" ac="6E6E6EFF" sc="6"><vp x="4" y="1" z="5"/></o></c><c d="01_block" t="1"><o r="-1,0,0,0,0,-1,0,-1,0" bc="6E6E6EFF" ac="6E6E6EFF" sc="6"><vp x="5" y="1" z="5"/></o></c><c d="01_block" t="1"><o r="-1,0,0,0,0,-1,0,-1,0" bc="6E6E6EFF" ac="6E6E6EFF" sc="6"><vp x="6" y="1" z="5"/></o></c><c d="01_block" t="1"><o r="-1,0,0,0,0,-1,0,-1,0" bc="6E6E6EFF" ac="6E6E6EFF" sc="6"><vp x="7" y="1" z="5"/></o></c><c d="01_block" t="1"><o r="-1,0,0,0,0,-1,0,-1,0" bc="6E6E6EFF" ac="6E6E6EFF" sc="6"><vp x="8" y="1" z="5"/></o></c><c d="01_block" t="1"><o r="-1,0,0,0,0,-1,0,-1,0" bc="6E6E6EFF" ac="6E6E6EFF" sc="6"><vp x="9" y="1" z="5"/></o></c><c d="01_block" t="1"><o r="-1,0,0,0,0,-1,0,-1,0" bc="6E6E6EFF" ac="6E6E6EFF" sc="6"><vp x="10" y="1" z="5"/></o></c><c d="01_block" t="1"><o r="-1,0,0,0,0,-1,0,-1,0" bc="6E6E6EFF" ac="6E6E6EFF" sc="6"><vp x="11" y="1" z="5"/></o></c><c d="01_block" t="1"><o r="-1,0,0,0,0,-1,0,-1,0" bc="6E6E6EFF" ac="6E6E6EFF" sc="6"><vp x="12" y="1" z="5"/></o></c><c d="01_block" t="1"><o r="-1,0,0,0,0,-1,0,-1,0" bc="6E6E6EFF" ac="6E6E6EFF" sc="6"><vp x="13" y="1" z="5"/></o></c><c d="01_block" t="1"><o r="-1,0,0,0,0,-1,0,-1,0" bc="6E6E6EFF" ac="6E6E6EFF" sc="6"><vp x="14" y="1" z="5"/></o></c><c d="01_block" t="1"><o r="-1,0,0,0,0,-1,0,-1,0" bc="6E6E6EFF" ac="6E6E6EFF" sc="6"><vp x="15" y="1" z="5"/></o></c><c d="01_block" t="1"><o r="-1,0,0,0,0,-1,0,-1,0" bc="6E6E6EFF" ac="6E6E6EFF" sc="6"><vp x="16" y="1" z="5"/></o></c><c d="01_block" t="1"><o r="-1,0,0,0,0,-1,0,-1,0" bc="6E6E6EFF" ac="6E6E6EFF" sc="6"><vp x="17" y="1" z="5"/></o></c><c d="01_block" t="2"><o r="0,0,1,-1,0,0,0,-1,0" bc="6E6E6EFF" ac="6E6E6EFF" sc="6"><vp x="11" y="1" z="6"/></o></c><c d="01_block" t="0"><o r="0,0,1,-1,0,0,0,-1,0" bc="6E6E6EFF" ac="6E6E6EFF" sc="6"><vp x="-11" y="1" z="6"/></o></c><c d="control_surface_medium" t="0"><o r="0,1,0,0,0,-1,-1,0,0" bc="6E6E6EFF" ac="6E6E6EFF" sc="11" custom_name=""><vp x="-9" y="1" z="4"/><logic_slots><slot value="0"/></logic_slots></o></c><c d="control_surface_medium" t="4"><o r="0,1,0,0,0,-1,-1,0,0" bc="6E6E6EFF" ac="6E6E6EFF" sc="11" custom_name=""><vp x="9" y="1" z="4"/><logic_slots><slot value="0"/></logic_slots></o></c><c d="wing_small_front" t="0"><o r="0,1,0,-1,0,0,0,0,1" bc="6E6E6EFF" ac="6E6E6EFF" sc="55" custom_name=""><vp x="-21" y="1" z="9"/><logic_slots><slot value="0"/></logic_slots></o></c><c d="wing_small_front" t="2"><o r="0,1,0,-1,0,0,0,0,1" bc="6E6E6EFF" ac="6E6E6EFF" sc="55" custom_name=""><vp x="21" y="1" z="9"/><logic_slots><slot value="0"/></logic_slots></o></c><c d="01_block" t="0"><o r="0,0,1,-1,0,0,0,-1,0" bc="6E6E6EFF" ac="6E6E6EFF" sc="6"><vp x="-18" y="1" z="6"/></o></c><c d="01_block" t="0"><o r="0,0,1,-1,0,0,0,-1,0" bc="6E6E6EFF" ac="6E6E6EFF" sc="6"><vp x="-18" y="1" z="5"/></o></c><c d="01_block" t="0"><o r="0,0,1,-1,0,0,0,-1,0" bc="6E6E6EFF" ac="6E6E6EFF" sc="6"><vp x="-19" y="1" z="6"/></o></c><c d="01_block" t="0"><o r="0,0,1,-1,0,0,0,-1,0" bc="6E6E6EFF" ac="6E6E6EFF" sc="6"><vp x="-19" y="1" z="5"/></o></c><c d="01_block" t="0"><o r="0,0,1,-1,0,0,0,-1,0" bc="6E6E6EFF" ac="6E6E6EFF" sc="6"><vp x="-20" y="1" z="6"/></o></c><c d="01_block" t="0"><o r="0,0,1,-1,0,0,0,-1,0" bc="6E6E6EFF" ac="6E6E6EFF" sc="6"><vp x="-20" y="1" z="5"/></o></c><c d="01_block" t="0"><o r="0,0,1,-1,0,0,0,-1,0" bc="6E6E6EFF" ac="6E6E6EFF" sc="6"><vp x="-21" y="1" z="6"/></o></c><c d="01_block" t="0"><o r="0,0,1,-1,0,0,0,-1,0" bc="6E6E6EFF" ac="6E6E6EFF" sc="6"><vp x="-21" y="1" z="5"/></o></c><c d="01_block" t="0"><o r="0,0,1,-1,0,0,0,-1,0" bc="6E6E6EFF" ac="6E6E6EFF" sc="6"><vp x="-22" y="1" z="6"/></o></c><c d="01_block" t="0"><o r="0,0,1,-1,0,0,0,-1,0" bc="6E6E6EFF" ac="6E6E6EFF" sc="6"><vp x="-22" y="1" z="5"/></o></c><c d="01_block" t="0"><o r="0,0,1,-1,0,0,0,-1,0" bc="6E6E6EFF" ac="6E6E6EFF" sc="6"><vp x="-23" y="1" z="6"/></o></c><c d="01_block" t="0"><o r="0,0,1,-1,0,0,0,-1,0" bc="6E6E6EFF" ac="6E6E6EFF" sc="6"><vp x="-23" y="1" z="5"/></o></c><c d="01_block" t="0"><o r="0,0,1,-1,0,0,0,-1,0" bc="6E6E6EFF" ac="6E6E6EFF" sc="6"><vp x="-24" y="1" z="6"/></o></c><c d="01_block" t="0"><o r="0,0,1,-1,0,0,0,-1,0" bc="6E6E6EFF" ac="6E6E6EFF" sc="6"><vp x="-24" y="1" z="5"/></o></c><c d="01_block" t="2"><o r="0,0,1,-1,0,0,0,-1,0" bc="6E6E6EFF" ac="6E6E6EFF" sc="6"><vp x="18" y="1" z="6"/></o></c><c d="01_block" t="2"><o r="0,0,1,-1,0,0,0,-1,0" bc="6E6E6EFF" ac="6E6E6EFF" sc="6"><vp x="18" y="1" z="5"/></o></c><c d="01_block" t="2"><o r="0,0,1,-1,0,0,0,-1,0" bc="6E6E6EFF" ac="6E6E6EFF" sc="6"><vp x="19" y="1" z="6"/></o></c><c d="01_block" t="2"><o r="0,0,1,-1,0,0,0,-1,0" bc="6E6E6EFF" ac="6E6E6EFF" sc="6"><vp x="19" y="1" z="5"/></o></c><c d="01_block" t="2"><o r="0,0,1,-1,0,0,0,-1,0" bc="6E6E6EFF" ac="6E6E6EFF" sc="6"><vp x="20" y="1" z="6"/></o></c><c d="01_block" t="2"><o r="0,0,1,-1,0,0,0,-1,0" bc="6E6E6EFF" ac="6E6E6EFF" sc="6"><vp x="20" y="1" z="5"/></o></c><c d="01_block" t="2"><o r="0,0,1,-1,0,0,0,-1,0" bc="6E6E6EFF" ac="6E6E6EFF" sc="6"><vp x="21" y="1" z="6"/></o></c><c d="01_block" t="2"><o r="0,0,1,-1,0,0,0,-1,0" bc="6E6E6EFF" ac="6E6E6EFF" sc="6"><vp x="21" y="1" z="5"/></o></c><c d="01_block" t="2"><o r="0,0,1,-1,0,0,0,-1,0" bc="6E6E6EFF" ac="6E6E6EFF" sc="6"><vp x="22" y="1" z="6"/></o></c><c d="01_block" t="2"><o r="0,0,1,-1,0,0,0,-1,0" bc="6E6E6EFF" ac="6E6E6EFF" sc="6"><vp x="22" y="1" z="5"/></o></c><c d="01_block" t="2"><o r="0,0,1,-1,0,0,0,-1,0" bc="6E6E6EFF" ac="6E6E6EFF" sc="6"><vp x="23" y="1" z="6"/></o></c><c d="01_block" t="2"><o r="0,0,1,-1,0,0,0,-1,0" bc="6E6E6EFF" ac="6E6E6EFF" sc="6"><vp x="23" y="1" z="5"/></o></c><c d="01_block" t="2"><o r="0,0,1,-1,0,0,0,-1,0" bc="6E6E6EFF" ac="6E6E6EFF" sc="6"><vp x="24" y="1" z="6"/></o></c><c d="01_block" t="2"><o r="0,0,1,-1,0,0,0,-1,0" bc="6E6E6EFF" ac="6E6E6EFF" sc="6"><vp x="24" y="1" z="5"/></o></c><c d="control_surface_medium" t="0"><o r="0,-1,0,0,0,-1,1,0,0" bc="6E6E6EFF" ac="6E6E6EFF" sc="11" custom_name=""><vp x="-20" y="1" z="4"/><logic_slots><slot value="0"/></logic_slots></o></c><c d="01_block" t="0"><o r="0,0,1,-1,0,0,0,-1,0" bc="6E6E6EFF" ac="6E6E6EFF" sc="6"><vp x="-25" y="1" z="8"/></o></c><c d="01_block" t="0"><o r="0,0,1,-1,0,0,0,-1,0" bc="6E6E6EFF" ac="6E6E6EFF" sc="6"><vp x="-25" y="1" z="7"/></o></c><c d="01_block" t="0"><o r="0,0,1,-1,0,0,0,-1,0" bc="6E6E6EFF" ac="6E6E6EFF" sc="6"><vp x="-25" y="1" z="6"/></o></c><c d="01_block" t="0"><o r="0,0,1,-1,0,0,0,-1,0" bc="6E6E6EFF" ac="6E6E6EFF" sc="6"><vp x="-25" y="1" z="5"/></o></c><c d="02_wedge" t="0"><o r="0,1,0,0,0,1,1,0,0" bc="6E6E6EFF" ac="6E6E6EFF" sc="5"><vp x="-25" y="1" z="9"/></o></c><c d="control_surface_medium" t="0"><o r="0,1,0,0,0,-1,-1,0,0" bc="6E6E6EFF" ac="6E6E6EFF" sc="11" custom_name=""><vp x="20" y="1" z="4"/><logic_slots><slot value="0"/></logic_slots></o></c><c d="01_block" t="0"><o r="0,0,-1,1,0,0,0,-1,0" bc="6E6E6EFF" ac="6E6E6EFF" sc="6"><vp x="25" y="1" z="8"/></o></c><c d="01_block" t="0"><o r="0,0,-1,1,0,0,0,-1,0" bc="6E6E6EFF" ac="6E6E6EFF" sc="6"><vp x="25" y="1" z="7"/></o></c><c d="01_block" t="0"><o r="0,0,-1,1,0,0,0,-1,0" bc="6E6E6EFF" ac="6E6E6EFF" sc="6"><vp x="25" y="1" z="6"/></o></c><c d="01_block" t="0"><o r="0,0,-1,1,0,0,0,-1,0" bc="6E6E6EFF" ac="6E6E6EFF" sc="6"><vp x="25" y="1" z="5"/></o></c><c d="02_wedge" t="0"><o r="0,1,0,1,0,0,0,0,-1" bc="6E6E6EFF" ac="6E6E6EFF" sc="5"><vp x="25" y="1" z="9"/></o></c><c d="01_block" t="0"><o r="0,0,1,-1,0,0,0,-1,0" bc="6E6E6EFF" ac="6E6E6EFF" sc="6"><vp x="22" y="0" z="8"/></o></c><c d="01_block" t="2"><o r="0,0,1,-1,0,0,0,-1,0" bc="6E6E6EFF" ac="6E6E6EFF" sc="6"><vp x="-22" y="0" z="8"/></o></c><c d="02_wedge" t="0"><o r="1,0,0,0,-1,0,0,0,-1" bc="6E6E6EFF" ac="6E6E6EFF" sc="5"><vp x="22" y="0" z="9"/></o></c><c d="02_wedge" t="1"><o r="1,0,0,0,-1,0,0,0,-1" bc="6E6E6EFF" ac="6E6E6EFF" sc="5"><vp x="-22" y="0" z="9"/></o></c><c d="05_wedge_2" t="0"><o r="-1,0,0,0,-1,0,0,0,1" bc="6E6E6EFF" ac="6E6E6EFF" sc="9"><vp x="22" y="0" z="7"/></o></c><c d="05_wedge_2" t="1"><o r="-1,0,0,0,-1,0,0,0,1" bc="6E6E6EFF" ac="6E6E6EFF" sc="9"><vp x="-22" y="0" z="7"/></o></c><c d="02_wedge" t="0"><o r="0,0,1,0,-1,0,1,0,0" bc="6E6E6EFF" ac="6E6E6EFF" sc="5"><vp x="-1" y="1" z="-16"/></o></c><c d="02_wedge" t="0"><o r="0,0,1,0,-1,0,1,0,0" bc="6E6E6EFF" ac="6E6E6EFF" sc="5"><vp x="-1" y="1" z="-15"/></o></c><c d="02_wedge" t="4"><o r="0,0,1,0,-1,0,1,0,0" bc="6E6E6EFF" ac="6E6E6EFF" sc="5"><vp x="1" y="1" z="-16"/></o></c><c d="02_wedge" t="4"><o r="0,0,1,0,-1,0,1,0,0" bc="6E6E6EFF" ac="6E6E6EFF" sc="5"><vp x="1" y="1" z="-15"/></o></c><c d="04_invpyramid" t="0"><o r="0,0,1,0,-1,0,1,0,0" bc="6E6E6EFF" ac="6E6E6EFF" sc="7"><vp x="-1" y="1" z="-14"/></o></c><c d="04_invpyramid" t="4"><o r="0,0,1,0,-1,0,1,0,0" bc="6E6E6EFF" ac="6E6E6EFF" sc="7"><vp x="1" y="1" z="-14"/></o></c><c d="wheel_coaster_large" t="0"><o r="1,0,0,0,-1,0,0,0,-1" bc="6E6E6EFF" ac="6E6E6EFF" sc="1" custom_name="" grip_factor="1"><vp x="-22" y="-1" z="8"/><logic_slots><slot value="false"/><slot value="0"/><slot value="0"/></logic_slots></o></c><c d="wheel_coaster_large" t="1"><o r="1,0,0,0,-1,0,0,0,-1" bc="6E6E6EFF" ac="6E6E6EFF" sc="1" custom_name="" grip_factor="1"><vp x="22" y="-1" z="8"/><logic_slots><slot value="false"/><slot value="0"/><slot value="0"/></logic_slots></o></c><c d="button_throttle_lever" t="0"><o r="0,0,1,0,1,0,-1,0,0" bc="6E6E6EFF" ac="6E6E6EFF" sc="8" custom_name="" hold_duration="1" default_state="false" sensitivity="1" val_1_name="" val_2_name=""><vp x="2" y="1" z="7"/><logic_slots><slot value="false"/><slot value="false"/><slot value="false"/><slot value="0"/><slot value="0"/></logic_slots><min_lever_value text="0" value="0"/><max_lever_value text="1" value="1"/><starting_lever_value text="0.3" value="0.3"/></o></c><c d="button_throttle_lever" t="4"><o r="0,0,1,0,1,0,-1,0,0" bc="6E6E6EFF" ac="6E6E6EFF" sc="8" custom_name="" hold_duration="1" default_state="false" sensitivity="1" val_1_name="" val_2_name=""><vp x="-2" y="1" z="7"/><logic_slots><slot value="false"/><slot value="false"/><slot value="false"/><slot value="0"/><slot value="0"/></logic_slots><min_lever_value text="0" value="0"/><max_lever_value text="1" value="1"/><starting_lever_value text="1" value="1"/></o></c><c d="battery_medium" t="0"><o r="1,0,0,0,1,0,0,0,1" bc="6E6E6EFF" ac="6E6E6EFF" sc="6" custom_name="" default_state="false"><vp x="0" y="1" z="0"/><logic_slots><slot value="0"/><slot value="false"/><slot value="0"/></logic_slots></o></c><c d="generator_small" t="0"><o r="-1,0,0,0,-1,0,0,0,1" bc="6E6E6EFF" ac="6E6E6EFF" sc="6" custom_name="" default_state="false"><vp x="0" y="2" z="20"/><logic_slots><slot value="0"/><slot value="false"/><slot value="0"/></logic_slots></o></c><c d="aircraft_propeller" t="0"><o r="1,0,0,0,0,1,0,-1,0" bc="6E6E6EFF" ac="6E6E6EFF" sc="5" custom_name="" blade_count="4" blade_pitch="1"><vp x="0" y="3" z="21"/><logic_slots><slot value="0"/><slot value="0"/><slot value="0"/></logic_slots></o></c><c d="trans_block_t" t="0"><o r="0,1,0,0,0,-1,-1,0,0" bc="6E6E6EFF" ac="6E6E6EFF" sc="6" custom_name=""><vp x="0" y="3" z="20"/></o></c><c d="microprocessor" t="0"><o r="1,0,0,0,0,-1,0,1,0" bc="6E6E6EFF" ac="6E6E6EFF" sc="16" custom_name=""><microprocessor_definition name="Seat Throttle" description="No description set." hide_in_inventory="false" width="2" length="2" id_counter="20" id_counter_node="4" transform_index="0" sym0="0" sym1="0" sym2="0" sym3="0" sym4="0" sym5="16380" sym6="256" sym7="128" sym8="64" sym9="32" sym10="24" sym11="24" sym12="0" sym13="0" sym14="0" sym15="0"><nodes><n id="1" component_id="3" built_slot_index="0"><node label="Throttle Up" mode="0" type="0" description="The input signal to be processed." flags="0"><position x="0" y="0" z="0"/></node></n><n id="2" component_id="4" built_slot_index="0"><node label="Throttle Down" mode="0" type="0" description="The input signal to be processed." flags="0"><position x="1" y="0" z="0"/></node></n><n id="4" component_id="8" built_slot_index="0"><node label="Seat Throttle" mode="1" type="1" description="The input signal to be processed." flags="0"><position x="0" y="0" z="1"/></node></n></nodes><group id="0"><pos x="0" y="0"/><data type="0" name="" desc=""><inputs/><outputs/></data><components><c type="42"><object id="16"><pos x="-0.5" y="-0.25"/><in1 component_id="18" node_index="0"/><in2 component_id="8" node_index="0"/><out1/><e text="0.0001" value="0.0001"/></object></c><c type="42"><object id="17"><pos x="-0.5" y="-1"/><in1 component_id="8" node_index="0"/><in2 component_id="19" node_index="0"/><out1/><e text="0.0001" value="0.0001"/></object></c><c type="15"><object id="18"><pos x="-2" y="0"/><out1/><n text="1" value="1"/></object></c><c type="15"><object id="19"><pos x="-2" y="-1"/><out1/><n text="-1" value="-1"/></object></c></components><components_bridge><c type="1"><object id="3"><pos x="0.75" y="0"/><in1 component_id="16" node_index="0"/><out1/></object></c><c type="1"><object id="4"><pos x="0.75" y="-0.75"/><in1 component_id="17" node_index="0"/><out1/></object></c><c type="2"><object id="8"><pos x="-2" y="-0.5"/><in1 component_id="0" node_index="0"/><out1/></object></c></components_bridge><groups/></group></microprocessor_definition><vp x="1" y="3" z="4"/><logic_slots><slot value="false"/><slot value="false"/><slot value="0"/></logic_slots></o></c><c d="gyro" t="0"><o r="1,0,0,0,0,1,0,-1,0" bc="6E6E6EFF" ac="6E6E6EFF" sc="15" custom_name="" throttle_min="0.01" throttle_max="1"><vp x="0" y="3" z="3"/><logic_slots><slot value="0"/><slot value="0"/><slot value="0"/><slot value="0"/><slot value="false"/><slot value="0"/><slot value="0"/><slot value="0"/><slot value="0"/></logic_slots><delta_damping x="1" y="1" z="1"/></o></c><c d="multibody_compact_pivot_robotic_a" t="1"><o r="-1,0,0,0,-1,0,0,0,1" bc="6E6E6EFF" ac="6E6E6EFF" sc="5" custom_name="" max_force_scalar="1" gear_ratio="2" input_velocity="1"><vp x="0" y="2" z="-15"/><logic_slots><slot value="0"/><slot value="false"/><slot value="false"/><slot value="0"/></logic_slots></o></c></components></body><body unique_id="6"><initial_local_transform 00="1" 01="0" 02="0" 03="0" 10="0" 11="1" 12="0" 13="0" 20="0" 21="0" 22="1" 23="0" 30="0" 31="0" 32="0" 33="1"/><local_transform 00="1" 01="0" 02="0" 03="0" 10="0" 11="1" 12="0" 13="0" 20="0" 21="0" 22="1" 23="0" 30="0" 31="0" 32="0" 33="1"/><components><c d="multibody_compact_pivot_b" t="1"><o r="-1,0,0,0,-1,0,0,0,1" bc="6E6E6EFF" ac="6E6E6EFF" sc="6" custom_name="" max_force_scalar="1" gear_ratio="2" input_velocity="1"><vp x="0" y="1" z="-15"/><logic_slots><slot value="0"/><slot value="false"/><slot value="false"/><slot value="0"/></logic_slots></o></c><c d="wheel_coaster" t="0"><o r="-1,0,0,0,-1,0,0,0,1" bc="6E6E6EFF" ac="6E6E6EFF" sc="1" custom_name="" grip_factor="1"><vp x="0" y="0" z="-15"/><logic_slots><slot value="false"/><slot value="0"/><slot value="0"/></logic_slots></o></c></components></body></bodies><logic_node_links><logic_node_link type="4"><voxel_pos_0 x="0" y="2" z="1"/><voxel_pos_1 x="-9" y="1" z="4"/></logic_node_link><logic_node_link type="4"><voxel_pos_0 x="0" y="2" z="1"/><voxel_pos_1 x="9" y="1" z="4"/></logic_node_link><logic_node_link type="4"><voxel_pos_0 x="0" y="2" z="1"/><voxel_pos_1 x="0" y="4" z="-17"/></logic_node_link><logic_node_link type="4"><voxel_pos_0 x="0" y="2" z="1"/><voxel_pos_1 x="0" y="3" z="10"/></logic_node_link><logic_node_link type="4"><voxel_pos_0 x="0" y="2" z="1"/><voxel_pos_1 x="3" y="2" z="4"/></logic_node_link><logic_node_link type="4"><voxel_pos_0 x="3" y="2" z="4"/><voxel_pos_1 x="3" y="2" z="5"/></logic_node_link><logic_node_link type="4"><voxel_pos_0 x="0" y="3" z="10"/><voxel_pos_1 x="-1" y="3" z="10"/></logic_node_link><logic_node_link type="4"><voxel_pos_0 x="-1" y="3" z="10"/><voxel_pos_1 x="-2" y="1" z="7"/></logic_node_link><logic_node_link type="4"><voxel_pos_0 x="0" y="3" z="10"/><voxel_pos_1 x="1" y="3" z="10"/></logic_node_link><logic_node_link type="4"><voxel_pos_0 x="1" y="3" z="10"/><voxel_pos_1 x="2" y="1" z="7"/></logic_node_link><logic_node_link type="4"><voxel_pos_0 x="0" y="2" z="1"/><voxel_pos_1 x="0" y="2" z="16"/></logic_node_link><logic_node_link type="4"><voxel_pos_0 x="0" y="2" z="16"/><voxel_pos_1 x="0" y="2" z="20"/></logic_node_link><logic_node_link type="4"><voxel_pos_0 x="9" y="1" z="4"/><voxel_pos_1 x="20" y="1" z="4"/></logic_node_link><logic_node_link type="4"><voxel_pos_0 x="-9" y="1" z="4"/><voxel_pos_1 x="-20" y="1" z="4"/></logic_node_link><logic_node_link type="4"><voxel_pos_0 x="0" y="4" z="-17"/><voxel_pos_1 x="4" y="2" z="-17"/></logic_node_link><logic_node_link type="4"><voxel_pos_0 x="0" y="4" z="-17"/><voxel_pos_1 x="-4" y="2" z="-17"/></logic_node_link><logic_node_link type="1"><voxel_pos_0 x="2" y="1" z="7"/><voxel_pos_1 x="0" y="3" z="16"/></logic_node_link><logic_node_link type="1"><voxel_pos_0 x="-2" y="1" z="7"/><voxel_pos_1 x="0" y="3" z="21"/></logic_node_link><logic_node_link type="1"><voxel_pos_0 x="1" y="2" z="9"/><voxel_pos_1 x="1" y="4" z="3"/></logic_node_link><logic_node_link type="1"><voxel_pos_0 x="2" y="4" z="3"/><voxel_pos_1 x="3" y="2" z="-17"/></logic_node_link><logic_node_link type="1"><voxel_pos_0 x="-1" y="4" z="3"/><voxel_pos_1 x="19" y="1" z="4"/></logic_node_link><logic_node_link type="1"><voxel_pos_0 x="-1" y="2" z="9"/><voxel_pos_1 x="-2" y="4" z="3"/></logic_node_link><logic_node_link type="1"><voxel_pos_0 x="-1" y="0" z="9"/><voxel_pos_1 x="-2" y="2" z="3"/></logic_node_link><logic_node_link type="0"><voxel_pos_0 x="-1" y="3" z="6"/><voxel_pos_1 x="0" y="2" z="16"/></logic_node_link><logic_node_link type="0"><voxel_pos_0 x="-1" y="1" z="6"/><voxel_pos_1 x="22" y="-1" z="8"/></logic_node_link><logic_node_link type="0"><voxel_pos_0 x="-1" y="1" z="6"/><voxel_pos_1 x="-22" y="-1" z="8"/></logic_node_link><logic_node_link type="1"><voxel_pos_0 x="0" y="1" z="14"/><voxel_pos_1 x="1" y="3" z="10"/></logic_node_link><logic_node_link type="1"><voxel_pos_0 x="0" y="2" z="5"/><voxel_pos_1 x="-1" y="3" z="10"/></logic_node_link><logic_node_link type="0"><voxel_pos_0 x="2" y="3" z="4"/><voxel_pos_1 x="-2" y="2" z="7"/></logic_node_link><logic_node_link type="1"><voxel_pos_0 x="1" y="0" z="9"/><voxel_pos_1 x="1" y="4" z="4"/></logic_node_link><logic_node_link type="0"><voxel_pos_0 x="1" y="3" z="4"/><voxel_pos_1 x="-2" y="2" z="8"/></logic_node_link><logic_node_link type="1"><voxel_pos_0 x="0" y="1" z="15"/><voxel_pos_1 x="0" y="3" z="10"/></logic_node_link><logic_node_link type="1"><voxel_pos_0 x="-1" y="4" z="3"/><voxel_pos_1 x="-19" y="1" z="4"/></logic_node_link><logic_node_link type="1"><voxel_pos_0 x="2" y="4" z="3"/><voxel_pos_1 x="-3" y="2" z="-17"/></logic_node_link><logic_node_link type="4"><voxel_pos_0 x="0" y="3" z="3"/><voxel_pos_1 x="0" y="2" z="1"/></logic_node_link><logic_node_link type="1"><voxel_pos_0 x="-1" y="0" z="9"/><voxel_pos_1 x="0" y="2" z="-15"/></logic_node_link><logic_node_link type="1"><voxel_pos_0 x="-1" y="2" z="3"/><voxel_pos_1 x="0" y="5" z="-17"/></logic_node_link><logic_node_link type="4"><voxel_pos_0 x="0" y="2" z="-15"/><voxel_pos_1 x="0" y="4" z="-17"/></logic_node_link><logic_node_link type="0"><voxel_pos_0 x="-1" y="1" z="6"/><voxel_pos_1 x="0" y="0" z="-15"/></logic_node_link></logic_node_links></vehicle>