<?xml version="1.0" encoding="UTF-8"?><vehicle data_version="2" is_advanced="true" is_static="false" bodies_id="0"><editor_placement_offset x="0" y="0" z="0"/><authors/><bodies><body unique_id="0"><initial_local_transform 00="1" 01="0" 02="0" 03="0" 10="0" 11="1" 12="0" 13="0" 20="0" 21="0" 22="1" 23="0" 30="0" 31="0" 32="0" 33="1"/><local_transform 00="1" 01="0" 02="0" 03="0" 10="0" 11="1" 12="0" 13="0" 20="0" 21="0" 22="1" 23="0" 30="0" 31="0" 32="0" 33="1"/><components><c d="rx_small_v2" t="0"><o r="-1,0,0,0,1,0,0,0,-1" bc="FF7F27FF" ac="FFFFFFFF" sc="5,FF7F27FF,FFFFFFFF,FF7F27FF,FF7F27FF,FFFFFFFF" custom_name=""><vp x="15" y="2" z="-8"/><logic_slots><slot><value bools="0" 01="0" 02="0" 03="0" 04="0" 05="0" 06="0" 07="0" 08="0" 09="0" 10="0" 11="0" 12="0" 13="0" 14="0" 15="0" 16="0" 17="0" 18="0" 19="0" 20="0" 21="0" 22="0" 23="0" 24="0" 25="0" 26="0" 27="0" 28="0" 29="0" 30="0" 31="0" 32="0"/></slot><slot><value bools="0" 01="0" 02="0" 03="0" 04="0" 05="0" 06="0" 07="0" 08="0" 09="0" 10="0" 11="0" 12="0" 13="0" 14="0" 15="0" 16="0" 17="0" 18="0" 19="0" 20="0" 21="0" 22="0" 23="0" 24="0" 25="0" 26="0" 27="0" 28="0" 29="0" 30="0" 31="0" 32="0"/></slot><slot><value/></slot><slot><value/></slot><slot><value/></slot><slot><value/></slot><slot value="0"/><slot value="0"/><slot value="0"/><slot value="false"/></logic_slots></o></c><c d="instrument_display" t="0"><o r="0,1,0,-1,0,0,0,0,1" bc="FF7F27FF" ac="FFFFFFFF" sc="6,FFFFFFFF,FFFFFFFF,FFFFFFFF,FF7F27FF,FF7F27FF,FFFFFFFF" custom_name="" input_ch_1="0" input_ch_2="1" input_ch_3="2" color_mode="0"><vp x="15" y="1" z="-8"/><logic_slots><slot><value bools="0" 01="0" 02="0" 03="0" 04="0" 05="0" 06="0" 07="0" 08="0" 09="0" 10="0" 11="0" 12="0" 13="0" 14="0" 15="0" 16="0" 17="0" 18="0" 19="0" 20="0" 21="0" 22="0" 23="0" 24="0" 25="0" 26="0" 27="0" 28="0" 29="0" 30="0" 31="0" 32="0"/></slot><slot><value bools="0" 01="0" 02="0" 03="0" 04="0" 05="0" 06="0" 07="0" 08="0" 09="0" 10="0" 11="0" 12="0" 13="0" 14="0" 15="0" 16="0" 17="0" 18="0" 19="0" 20="0" 21="0" 22="0" 23="0" 24="0" 25="0" 26="0" 27="0" 28="0" 29="0" 30="0" 31="0" 32="0"/></slot><slot value="false"/></logic_slots><display_1 type="8" name="Winch Up" channel="0" mode="1" mode2="0" rot="0"><col r="255" g="255" b="255" a="255"/><min text="-1" value="-1"/><max text="1" value="1"/><col_extra size="0"/></display_1><display_2 type="3" name="Disconnect" channel="1" mode="0" mode2="0" rot="0"><col r="255" g="255" b="255" a="255"/><min text="-1" value="-1"/><max text="1" value="1"/><col_extra size="0"/></display_2><display_3 type="8" name="Winch Down" channel="2" mode="1" mode2="0" rot="2"><col r="255" g="255" b="255" a="255"/><min text="-1" value="-1"/><max text="1" value="1"/><col_extra size="0"/></display_3><display_4 type="3" name="Enable" channel="3" mode="1" mode2="0" rot="0"><col r="255" g="255" b="255" a="255"/><min text="-1" value="-1"/><max text="1" value="1"/><col_extra size="0"/></display_4></o></c><c d="connector_electric" t="0"><o r="-1,0,0,0,0,-1,0,-1,0" bc="FF7F27FF" ac="FF7F27FF" sc="5" custom_name=""><vp x="15" y="2" z="-9"/><logic_slots><slot value="false"/><slot value="false"/><slot value="false"/><slot value="false"/><slot value="0"/><slot value="0"/><slot><value bools="0" 01="0" 02="0" 03="0" 04="0" 05="0" 06="0" 07="0" 08="0" 09="0" 10="0" 11="0" 12="0" 13="0" 14="0" 15="0" 16="0" 17="0" 18="0" 19="0" 20="0" 21="0" 22="0" 23="0" 24="0" 25="0" 26="0" 27="0" 28="0" 29="0" 30="0" 31="0" 32="0"/></slot><slot><value bools="0" 01="0" 02="0" 03="0" 04="0" 05="0" 06="0" 07="0" 08="0" 09="0" 10="0" 11="0" 12="0" 13="0" 14="0" 15="0" 16="0" 17="0" 18="0" 19="0" 20="0" 21="0" 22="0" 23="0" 24="0" 25="0" 26="0" 27="0" 28="0" 29="0" 30="0" 31="0" 32="0"/></slot><slot><value/></slot><slot><value/></slot></logic_slots></o></c><c d="battery_small" t="0"><o r="0,-1,0,0,0,1,-1,0,0" bc="FF7F27FF" ac="FF7F27FF" sc="2" custom_name="" default_state="false"><vp x="15" y="1" z="-7"/><logic_slots><slot value="0"/><slot value="false"/><slot value="0"/></logic_slots></o></c><c d="gate_bool_constant" t="0"><o r="1,0,0,0,0,-1,0,1,0" bc="FF7F27FF" ac="FF7F27FF" sc="1" custom_name="" sensitivity="0.2" timer_scalar_1="0.183" timer_scalar_2="0.183" lss_mode="0" func_type="0" property_text=""><vp x="15" y="1" z="-9"/><logic_slots><slot value="false"/><slot value="false"/><slot value="0"/><slot value="0"/><slot value="0"/><slot value="false"/><slot value="false"/><slot value="0"/><slot value="0"/><slot value="0"/><slot value="0"/><slot><value bools="0" 01="0" 02="0" 03="0" 04="0" 05="0" 06="0" 07="0" 08="0" 09="0" 10="0" 11="0" 12="0" 13="0" 14="0" 15="0" 16="0" 17="0" 18="0" 19="0" 20="0" 21="0" 22="0" 23="0" 24="0" 25="0" 26="0" 27="0" 28="0" 29="0" 30="0" 31="0" 32="0"/></slot><slot><value/></slot><slot><value/></slot></logic_slots><property_output_float_val text="0" value="0"/><min_threshold text="0" value="0"/><max_threshold text="0" value="0"/><pid_controller_ki text="1" value="1"/><pid_controller_kp text="1" value="1"/><pid_controller_kd text="1" value="1"/><exp text="2" value="2"/><min_lever_value text="-1" value="-1"/><max_lever_value text="1" value="1"/><starting_lever_value text="0" value="0"/></o></c></components></body></bodies><logic_node_links><logic_node_link type="5"><voxel_pos_0 x="15" y="1" z="-8"/><voxel_pos_1 x="15" y="2" z="-8"/></logic_node_link><logic_node_link type="4"><voxel_pos_0 x="15" y="1" z="-8"/><voxel_pos_1 x="15" y="2" z="-8"/></logic_node_link><logic_node_link type="4"><voxel_pos_0 x="15" y="1" z="-7"/><voxel_pos_1 x="15" y="1" z="-8"/></logic_node_link><logic_node_link type="4"><voxel_pos_0 x="15" y="2" z="-8"/><voxel_pos_1 x="15" y="2" z="-9"/></logic_node_link><logic_node_link type="0"><voxel_pos_0 x="15" y="1" z="-9"/><voxel_pos_1 x="15" y="2" z="-8"/></logic_node_link></logic_node_links></vehicle>