<?xml version="1.0" encoding="UTF-8"?><vehicle data_version="2" is_advanced="true" is_static="false" bodies_id="50"><editor_placement_offset x="-8.75" y="-8.75" z="-9.125961"/><authors/><bodies><body unique_id="47"><initial_local_transform 00="1" 01="0" 02="0" 03="0" 10="0" 11="1" 12="0" 13="0" 20="0" 21="0" 22="1" 23="0" 30="0" 31="0" 32="0" 33="1"/><local_transform 00="1" 01="0" 02="0" 03="0" 10="0" 11="1" 12="0" 13="0" 20="0" 21="0" 22="1" 23="0" 30="0" 31="0" 32="0" 33="1"/><components><c d="solid_rocket_nozzle_large" t="0"><o r="-1,0,0,0,-1,0,0,0,1" bc="6E6E6EFF" ac="6E6E6EFF" sc="85" custom_name="" burn_rate="1"><vp x="0" y="-2" z="0"/><logic_slots><slot value="false"/><slot value="0"/></logic_slots></o></c><c d="solid_rocket_large" t="0"><o r="1,0,0,0,1,0,0,0,1" bc="6E6E6EFF" ac="6E6E6EFF" sc="110" custom_name="" burn_rate="1"><vp x="0" y="1" z="0"/><logic_slots><slot value="false"/><slot value="0"/></logic_slots></o></c><c d="solid_rocket_large" t="0"><o r="1,0,0,0,1,0,0,0,1" bc="6E6E6EFF" ac="6E6E6EFF" sc="110" custom_name="" burn_rate="1"><vp x="0" y="4" z="0"/><logic_slots><slot value="false"/><slot value="0"/></logic_slots></o></c><c d="solid_rocket_large" t="0"><o r="1,0,0,0,1,0,0,0,1" bc="6E6E6EFF" ac="6E6E6EFF" sc="110" custom_name="" burn_rate="1"><vp x="0" y="7" z="0"/><logic_slots><slot value="false"/><slot value="0"/></logic_slots></o></c><c d="solid_rocket_large" t="0"><o r="1,0,0,0,1,0,0,0,1" bc="6E6E6EFF" ac="6E6E6EFF" sc="110" custom_name="" burn_rate="1"><vp x="0" y="10" z="0"/><logic_slots><slot value="false"/><slot value="0"/></logic_slots></o></c><c d="solid_rocket_large" t="0"><o r="1,0,0,0,1,0,0,0,1" bc="6E6E6EFF" ac="6E6E6EFF" sc="110" custom_name="" burn_rate="1"><vp x="0" y="13" z="0"/><logic_slots><slot value="false"/><slot value="0"/></logic_slots></o></c><c d="solid_rocket_medium" t="0"><o r="0,0,-1,0,-1,0,-1,0,0" bc="6E6E6EFF" ac="6E6E6EFF" sc="54" custom_name="" burn_rate="1"><vp x="-4" y="1" z="0"/><logic_slots><slot value="false"/><slot value="0"/></logic_slots></o></c><c d="solid_rocket_medium" t="4"><o r="0,0,-1,0,-1,0,-1,0,0" bc="6E6E6EFF" ac="6E6E6EFF" sc="54" custom_name="" burn_rate="1"><vp x="4" y="1" z="0"/><logic_slots><slot value="false"/><slot value="0"/></logic_slots></o></c><c d="solid_rocket_medium" t="0"><o r="0,0,-1,0,-1,0,-1,0,0" bc="6E6E6EFF" ac="6E6E6EFF" sc="54" custom_name="" burn_rate="1"><vp x="-4" y="4" z="0"/><logic_slots><slot value="false"/><slot value="0"/></logic_slots></o></c><c d="solid_rocket_medium" t="4"><o r="0,0,-1,0,-1,0,-1,0,0" bc="6E6E6EFF" ac="6E6E6EFF" sc="54" custom_name="" burn_rate="1"><vp x="4" y="4" z="0"/><logic_slots><slot value="false"/><slot value="0"/></logic_slots></o></c><c d="solid_rocket_medium" t="0"><o r="0,0,-1,0,-1,0,-1,0,0" bc="6E6E6EFF" ac="6E6E6EFF" sc="54" custom_name="" burn_rate="1"><vp x="-4" y="7" z="0"/><logic_slots><slot value="false"/><slot value="0"/></logic_slots></o></c><c d="solid_rocket_medium" t="4"><o r="0,0,-1,0,-1,0,-1,0,0" bc="6E6E6EFF" ac="6E6E6EFF" sc="54" custom_name="" burn_rate="1"><vp x="4" y="7" z="0"/><logic_slots><slot value="false"/><slot value="0"/></logic_slots></o></c><c d="solid_rocket_medium" t="0"><o r="0,0,-1,0,-1,0,-1,0,0" bc="6E6E6EFF" ac="6E6E6EFF" sc="54" custom_name="" burn_rate="1"><vp x="-4" y="10" z="0"/><logic_slots><slot value="false"/><slot value="0"/></logic_slots></o></c><c d="solid_rocket_medium" t="4"><o r="0,0,-1,0,-1,0,-1,0,0" bc="6E6E6EFF" ac="6E6E6EFF" sc="54" custom_name="" burn_rate="1"><vp x="4" y="10" z="0"/><logic_slots><slot value="false"/><slot value="0"/></logic_slots></o></c><c d="solid_rocket_medium" t="0"><o r="0,0,-1,0,-1,0,-1,0,0" bc="6E6E6EFF" ac="6E6E6EFF" sc="54" custom_name="" burn_rate="1"><vp x="-4" y="13" z="0"/><logic_slots><slot value="false"/><slot value="0"/></logic_slots></o></c><c d="solid_rocket_medium" t="4"><o r="0,0,-1,0,-1,0,-1,0,0" bc="6E6E6EFF" ac="6E6E6EFF" sc="54" custom_name="" burn_rate="1"><vp x="4" y="13" z="0"/><logic_slots><slot value="false"/><slot value="0"/></logic_slots></o></c><c d="solid_rocket_medium" t="0"><o r="-1,0,0,0,-1,0,0,0,1" bc="6E6E6EFF" ac="6E6E6EFF" sc="54" custom_name="" burn_rate="1"><vp x="0" y="1" z="4"/><logic_slots><slot value="false"/><slot value="0"/></logic_slots></o></c><c d="solid_rocket_medium" t="0"><o r="-1,0,0,0,-1,0,0,0,1" bc="6E6E6EFF" ac="6E6E6EFF" sc="54" custom_name="" burn_rate="1"><vp x="0" y="4" z="4"/><logic_slots><slot value="false"/><slot value="0"/></logic_slots></o></c><c d="solid_rocket_medium" t="0"><o r="-1,0,0,0,-1,0,0,0,1" bc="6E6E6EFF" ac="6E6E6EFF" sc="54" custom_name="" burn_rate="1"><vp x="0" y="7" z="4"/><logic_slots><slot value="false"/><slot value="0"/></logic_slots></o></c><c d="solid_rocket_medium" t="0"><o r="-1,0,0,0,-1,0,0,0,1" bc="6E6E6EFF" ac="6E6E6EFF" sc="54" custom_name="" burn_rate="1"><vp x="0" y="10" z="4"/><logic_slots><slot value="false"/><slot value="0"/></logic_slots></o></c><c d="solid_rocket_medium" t="0"><o r="-1,0,0,0,-1,0,0,0,1" bc="6E6E6EFF" ac="6E6E6EFF" sc="54" custom_name="" burn_rate="1"><vp x="0" y="13" z="4"/><logic_slots><slot value="false"/><slot value="0"/></logic_slots></o></c><c d="solid_rocket_medium" t="0"><o r="-1,0,0,0,1,0,0,0,-1" bc="6E6E6EFF" ac="6E6E6EFF" sc="54" custom_name="" burn_rate="1"><vp x="0" y="13" z="-4"/><logic_slots><slot value="false"/><slot value="0"/></logic_slots></o></c><c d="solid_rocket_medium" t="0"><o r="-1,0,0,0,1,0,0,0,-1" bc="6E6E6EFF" ac="6E6E6EFF" sc="54" custom_name="" burn_rate="1"><vp x="0" y="10" z="-4"/><logic_slots><slot value="false"/><slot value="0"/></logic_slots></o></c><c d="solid_rocket_medium" t="0"><o r="-1,0,0,0,1,0,0,0,-1" bc="6E6E6EFF" ac="6E6E6EFF" sc="54" custom_name="" burn_rate="1"><vp x="0" y="7" z="-4"/><logic_slots><slot value="false"/><slot value="0"/></logic_slots></o></c><c d="solid_rocket_medium" t="0"><o r="-1,0,0,0,1,0,0,0,-1" bc="6E6E6EFF" ac="6E6E6EFF" sc="54" custom_name="" burn_rate="1"><vp x="0" y="4" z="-4"/><logic_slots><slot value="false"/><slot value="0"/></logic_slots></o></c><c d="solid_rocket_medium" t="0"><o r="-1,0,0,0,1,0,0,0,-1" bc="6E6E6EFF" ac="6E6E6EFF" sc="54" custom_name="" burn_rate="1"><vp x="0" y="1" z="-4"/><logic_slots><slot value="false"/><slot value="0"/></logic_slots></o></c><c d="solid_rocket_nozzle_medium" t="0"><o r="-1,0,0,0,-1,0,0,0,1" bc="6E6E6EFF" ac="6E6E6EFF" sc="45" custom_name="" burn_rate="1"><vp x="0" y="-2" z="-4"/><logic_slots><slot value="false"/><slot value="0"/></logic_slots></o></c><c d="solid_rocket_nozzle_medium" t="0"><o r="-1,0,0,0,-1,0,0,0,1" bc="6E6E6EFF" ac="6E6E6EFF" sc="45" custom_name="" burn_rate="1"><vp x="-4" y="-2" z="0"/><logic_slots><slot value="false"/><slot value="0"/></logic_slots></o></c><c d="solid_rocket_nozzle_medium" t="1"><o r="-1,0,0,0,-1,0,0,0,1" bc="6E6E6EFF" ac="6E6E6EFF" sc="45" custom_name="" burn_rate="1"><vp x="4" y="-2" z="0"/><logic_slots><slot value="false"/><slot value="0"/></logic_slots></o></c><c d="solid_rocket_nozzle_medium" t="0"><o r="-1,0,0,0,-1,0,0,0,1" bc="6E6E6EFF" ac="6E6E6EFF" sc="45" custom_name="" burn_rate="1"><vp x="0" y="-2" z="4"/><logic_slots><slot value="false"/><slot value="0"/></logic_slots></o></c><c d="solid_rocket_large" t="0"><o r="1,0,0,0,1,0,0,0,1" bc="6E6E6EFF" ac="6E6E6EFF" sc="110" custom_name="" burn_rate="1"><vp x="0" y="16" z="0"/><logic_slots><slot value="false"/><slot value="0"/></logic_slots></o></c><c d="solid_rocket_large" t="0"><o r="1,0,0,0,1,0,0,0,1" bc="6E6E6EFF" ac="6E6E6EFF" sc="110" custom_name="" burn_rate="1"><vp x="0" y="19" z="0"/><logic_slots><slot value="false"/><slot value="0"/></logic_slots></o></c><c d="solid_rocket_large" t="0"><o r="1,0,0,0,1,0,0,0,1" bc="6E6E6EFF" ac="6E6E6EFF" sc="110" custom_name="" burn_rate="1"><vp x="0" y="22" z="0"/><logic_slots><slot value="false"/><slot value="0"/></logic_slots></o></c><c d="solid_rocket_large" t="0"><o r="1,0,0,0,1,0,0,0,1" bc="6E6E6EFF" ac="6E6E6EFF" sc="110" custom_name="" burn_rate="1"><vp x="0" y="25" z="0"/><logic_slots><slot value="false"/><slot value="0"/></logic_slots></o></c><c d="solid_rocket_large" t="0"><o r="1,0,0,0,1,0,0,0,1" bc="6E6E6EFF" ac="6E6E6EFF" sc="110" custom_name="" burn_rate="1"><vp x="0" y="28" z="0"/><logic_slots><slot value="false"/><slot value="0"/></logic_slots></o></c><c d="solid_rocket_large" t="0"><o r="1,0,0,0,1,0,0,0,1" bc="6E6E6EFF" ac="6E6E6EFF" sc="110" custom_name="" burn_rate="1"><vp x="0" y="31" z="0"/><logic_slots><slot value="false"/><slot value="0"/></logic_slots></o></c><c d="solid_rocket_medium" t="0"><o r="1,0,0,0,1,0,0,0,1" bc="6E6E6EFF" ac="6E6E6EFF" sc="54" custom_name="" burn_rate="1"><vp x="-4" y="16" z="0"/><logic_slots><slot value="false"/><slot value="0"/></logic_slots></o></c><c d="solid_rocket_medium" t="1"><o r="1,0,0,0,1,0,0,0,1" bc="6E6E6EFF" ac="6E6E6EFF" sc="54" custom_name="" burn_rate="1"><vp x="4" y="16" z="0"/><logic_slots><slot value="false"/><slot value="0"/></logic_slots></o></c><c d="solid_rocket_medium" t="0"><o r="1,0,0,0,1,0,0,0,1" bc="6E6E6EFF" ac="6E6E6EFF" sc="54" custom_name="" burn_rate="1"><vp x="-4" y="19" z="0"/><logic_slots><slot value="false"/><slot value="0"/></logic_slots></o></c><c d="solid_rocket_medium" t="1"><o r="1,0,0,0,1,0,0,0,1" bc="6E6E6EFF" ac="6E6E6EFF" sc="54" custom_name="" burn_rate="1"><vp x="4" y="19" z="0"/><logic_slots><slot value="false"/><slot value="0"/></logic_slots></o></c><c d="solid_rocket_medium" t="0"><o r="1,0,0,0,1,0,0,0,1" bc="6E6E6EFF" ac="6E6E6EFF" sc="54" custom_name="" burn_rate="1"><vp x="-4" y="22" z="0"/><logic_slots><slot value="false"/><slot value="0"/></logic_slots></o></c><c d="solid_rocket_medium" t="1"><o r="1,0,0,0,1,0,0,0,1" bc="6E6E6EFF" ac="6E6E6EFF" sc="54" custom_name="" burn_rate="1"><vp x="4" y="22" z="0"/><logic_slots><slot value="false"/><slot value="0"/></logic_slots></o></c><c d="solid_rocket_medium" t="0"><o r="1,0,0,0,1,0,0,0,1" bc="6E6E6EFF" ac="6E6E6EFF" sc="54" custom_name="" burn_rate="1"><vp x="-4" y="25" z="0"/><logic_slots><slot value="false"/><slot value="0"/></logic_slots></o></c><c d="solid_rocket_medium" t="1"><o r="1,0,0,0,1,0,0,0,1" bc="6E6E6EFF" ac="6E6E6EFF" sc="54" custom_name="" burn_rate="1"><vp x="4" y="25" z="0"/><logic_slots><slot value="false"/><slot value="0"/></logic_slots></o></c><c d="solid_rocket_medium" t="0"><o r="1,0,0,0,1,0,0,0,1" bc="6E6E6EFF" ac="6E6E6EFF" sc="54" custom_name="" burn_rate="1"><vp x="-4" y="28" z="0"/><logic_slots><slot value="false"/><slot value="0"/></logic_slots></o></c><c d="solid_rocket_medium" t="1"><o r="1,0,0,0,1,0,0,0,1" bc="6E6E6EFF" ac="6E6E6EFF" sc="54" custom_name="" burn_rate="1"><vp x="4" y="28" z="0"/><logic_slots><slot value="false"/><slot value="0"/></logic_slots></o></c><c d="solid_rocket_medium" t="0"><o r="1,0,0,0,1,0,0,0,1" bc="6E6E6EFF" ac="6E6E6EFF" sc="54" custom_name="" burn_rate="1"><vp x="-4" y="31" z="0"/><logic_slots><slot value="false"/><slot value="0"/></logic_slots></o></c><c d="solid_rocket_medium" t="1"><o r="1,0,0,0,1,0,0,0,1" bc="6E6E6EFF" ac="6E6E6EFF" sc="54" custom_name="" burn_rate="1"><vp x="4" y="31" z="0"/><logic_slots><slot value="false"/><slot value="0"/></logic_slots></o></c><c d="solid_rocket_medium" t="0"><o r="1,0,0,0,1,0,0,0,1" bc="6E6E6EFF" ac="6E6E6EFF" sc="54" custom_name="" burn_rate="1"><vp x="-4" y="34" z="0"/><logic_slots><slot value="false"/><slot value="0"/></logic_slots></o></c><c d="solid_rocket_medium" t="1"><o r="1,0,0,0,1,0,0,0,1" bc="6E6E6EFF" ac="6E6E6EFF" sc="54" custom_name="" burn_rate="1"><vp x="4" y="34" z="0"/><logic_slots><slot value="false"/><slot value="0"/></logic_slots></o></c><c d="solid_rocket_medium" t="0"><o r="1,0,0,0,1,0,0,0,1" bc="6E6E6EFF" ac="6E6E6EFF" sc="54" custom_name="" burn_rate="1"><vp x="0" y="16" z="4"/><logic_slots><slot value="false"/><slot value="0"/></logic_slots></o></c><c d="solid_rocket_medium" t="0"><o r="1,0,0,0,1,0,0,0,1" bc="6E6E6EFF" ac="6E6E6EFF" sc="54" custom_name="" burn_rate="1"><vp x="0" y="19" z="4"/><logic_slots><slot value="false"/><slot value="0"/></logic_slots></o></c><c d="solid_rocket_medium" t="0"><o r="1,0,0,0,1,0,0,0,1" bc="6E6E6EFF" ac="6E6E6EFF" sc="54" custom_name="" burn_rate="1"><vp x="0" y="22" z="4"/><logic_slots><slot value="false"/><slot value="0"/></logic_slots></o></c><c d="solid_rocket_medium" t="0"><o r="1,0,0,0,1,0,0,0,1" bc="6E6E6EFF" ac="6E6E6EFF" sc="54" custom_name="" burn_rate="1"><vp x="0" y="25" z="4"/><logic_slots><slot value="false"/><slot value="0"/></logic_slots></o></c><c d="solid_rocket_medium" t="0"><o r="1,0,0,0,1,0,0,0,1" bc="6E6E6EFF" ac="6E6E6EFF" sc="54" custom_name="" burn_rate="1"><vp x="0" y="28" z="4"/><logic_slots><slot value="false"/><slot value="0"/></logic_slots></o></c><c d="solid_rocket_medium" t="0"><o r="1,0,0,0,1,0,0,0,1" bc="6E6E6EFF" ac="6E6E6EFF" sc="54" custom_name="" burn_rate="1"><vp x="0" y="31" z="4"/><logic_slots><slot value="false"/><slot value="0"/></logic_slots></o></c><c d="solid_rocket_medium" t="0"><o r="1,0,0,0,1,0,0,0,1" bc="6E6E6EFF" ac="6E6E6EFF" sc="54" custom_name="" burn_rate="1"><vp x="0" y="34" z="4"/><logic_slots><slot value="false"/><slot value="0"/></logic_slots></o></c><c d="solid_rocket_medium" t="0"><o r="1,0,0,0,1,0,0,0,1" bc="6E6E6EFF" ac="6E6E6EFF" sc="54" custom_name="" burn_rate="1"><vp x="0" y="16" z="-4"/><logic_slots><slot value="false"/><slot value="0"/></logic_slots></o></c><c d="solid_rocket_medium" t="0"><o r="1,0,0,0,1,0,0,0,1" bc="6E6E6EFF" ac="6E6E6EFF" sc="54" custom_name="" burn_rate="1"><vp x="0" y="19" z="-4"/><logic_slots><slot value="false"/><slot value="0"/></logic_slots></o></c><c d="solid_rocket_medium" t="0"><o r="1,0,0,0,1,0,0,0,1" bc="6E6E6EFF" ac="6E6E6EFF" sc="54" custom_name="" burn_rate="1"><vp x="0" y="22" z="-4"/><logic_slots><slot value="false"/><slot value="0"/></logic_slots></o></c><c d="solid_rocket_medium" t="0"><o r="1,0,0,0,1,0,0,0,1" bc="6E6E6EFF" ac="6E6E6EFF" sc="54" custom_name="" burn_rate="1"><vp x="0" y="25" z="-4"/><logic_slots><slot value="false"/><slot value="0"/></logic_slots></o></c><c d="solid_rocket_medium" t="0"><o r="1,0,0,0,1,0,0,0,1" bc="6E6E6EFF" ac="6E6E6EFF" sc="54" custom_name="" burn_rate="1"><vp x="0" y="28" z="-4"/><logic_slots><slot value="false"/><slot value="0"/></logic_slots></o></c><c d="solid_rocket_medium" t="0"><o r="1,0,0,0,1,0,0,0,1" bc="6E6E6EFF" ac="6E6E6EFF" sc="54" custom_name="" burn_rate="1"><vp x="0" y="31" z="-4"/><logic_slots><slot value="false"/><slot value="0"/></logic_slots></o></c><c d="solid_rocket_medium" t="0"><o r="1,0,0,0,1,0,0,0,1" bc="6E6E6EFF" ac="6E6E6EFF" sc="54" custom_name="" burn_rate="1"><vp x="0" y="34" z="-4"/><logic_slots><slot value="false"/><slot value="0"/></logic_slots></o></c><c d="solid_rocket_large" t="0"><o r="1,0,0,0,1,0,0,0,1" bc="6E6E6EFF" ac="6E6E6EFF" sc="110" custom_name="" burn_rate="1"><vp x="0" y="34" z="0"/><logic_slots><slot value="false"/><slot value="0"/></logic_slots></o></c><c d="01_block" t="0"><o r="1,0,0,0,1,0,0,0,1" bc="6E6E6EFF" ac="6E6E6EFF" sc="6"><vp x="-4" y="36" z="0"/></o></c><c d="01_block" t="1"><o r="1,0,0,0,1,0,0,0,1" bc="6E6E6EFF" ac="6E6E6EFF" sc="6"><vp x="4" y="36" z="0"/></o></c><c d="01_block" t="0"><o r="1,0,0,0,1,0,0,0,1" bc="6E6E6EFF" ac="6E6E6EFF" sc="6"><vp x="-4" y="37" z="0"/></o></c><c d="01_block" t="1"><o r="1,0,0,0,1,0,0,0,1" bc="6E6E6EFF" ac="6E6E6EFF" sc="6"><vp x="4" y="37" z="0"/></o></c><c d="01_block" t="0"><o r="1,0,0,0,1,0,0,0,1" bc="6E6E6EFF" ac="6E6E6EFF" sc="6"><vp x="-4" y="38" z="0"/></o></c><c d="01_block" t="1"><o r="1,0,0,0,1,0,0,0,1" bc="6E6E6EFF" ac="6E6E6EFF" sc="6"><vp x="4" y="38" z="0"/></o></c><c d="01_block" t="0"><o r="1,0,0,0,1,0,0,0,1" bc="6E6E6EFF" ac="6E6E6EFF" sc="6"><vp x="-4" y="39" z="0"/></o></c><c d="01_block" t="1"><o r="1,0,0,0,1,0,0,0,1" bc="6E6E6EFF" ac="6E6E6EFF" sc="6"><vp x="4" y="39" z="0"/></o></c><c d="connector_small" t="0"><o r="0,1,0,1,0,0,0,0,-1" bc="6E6E6EFF" ac="6E6E6EFF" sc="5" custom_name=""><vp x="-4" y="40" z="0"/><logic_slots><slot value="false"/><slot value="false"/><slot value="false"/><slot value="false"/><slot value="0"/><slot value="0"/><slot><value bools="0" 01="0" 02="0" 03="0" 04="0" 05="0" 06="0" 07="0" 08="0" 09="0" 10="0" 11="0" 12="0" 13="0" 14="0" 15="0" 16="0" 17="0" 18="0" 19="0" 20="0" 21="0" 22="0" 23="0" 24="0" 25="0" 26="0" 27="0" 28="0" 29="0" 30="0" 31="0" 32="0"/></slot><slot><value bools="0" 01="0" 02="0" 03="0" 04="0" 05="0" 06="0" 07="0" 08="0" 09="0" 10="0" 11="0" 12="0" 13="0" 14="0" 15="0" 16="0" 17="0" 18="0" 19="0" 20="0" 21="0" 22="0" 23="0" 24="0" 25="0" 26="0" 27="0" 28="0" 29="0" 30="0" 31="0" 32="0"/></slot><slot><value/></slot><slot><value/></slot></logic_slots></o></c><c d="connector_small" t="2"><o r="0,1,0,1,0,0,0,0,-1" bc="6E6E6EFF" ac="6E6E6EFF" sc="5" custom_name=""><vp x="4" y="40" z="0"/><logic_slots><slot value="false"/><slot value="false"/><slot value="false"/><slot value="false"/><slot value="0"/><slot value="0"/><slot><value bools="0" 01="0" 02="0" 03="0" 04="0" 05="0" 06="0" 07="0" 08="0" 09="0" 10="0" 11="0" 12="0" 13="0" 14="0" 15="0" 16="0" 17="0" 18="0" 19="0" 20="0" 21="0" 22="0" 23="0" 24="0" 25="0" 26="0" 27="0" 28="0" 29="0" 30="0" 31="0" 32="0"/></slot><slot><value bools="0" 01="0" 02="0" 03="0" 04="0" 05="0" 06="0" 07="0" 08="0" 09="0" 10="0" 11="0" 12="0" 13="0" 14="0" 15="0" 16="0" 17="0" 18="0" 19="0" 20="0" 21="0" 22="0" 23="0" 24="0" 25="0" 26="0" 27="0" 28="0" 29="0" 30="0" 31="0" 32="0"/></slot><slot><value/></slot><slot><value/></slot></logic_slots></o></c><c d="gate_bool_constant" t="0"><o r="1,0,0,0,1,0,0,0,1" bc="6E6E6EFF" ac="6E6E6EFF" sc="1" custom_name="" sensitivity="0.2" timer_scalar_1="0.183" timer_scalar_2="0.183" lss_mode="0" func_type="0" property_text=""><vp x="-4" y="41" z="0"/><logic_slots><slot value="false"/><slot value="false"/><slot value="0"/><slot value="0"/><slot value="0"/><slot value="false"/><slot value="false"/><slot value="0"/><slot value="0"/><slot value="0"/><slot value="0"/><slot><value bools="0" 01="0" 02="0" 03="0" 04="0" 05="0" 06="0" 07="0" 08="0" 09="0" 10="0" 11="0" 12="0" 13="0" 14="0" 15="0" 16="0" 17="0" 18="0" 19="0" 20="0" 21="0" 22="0" 23="0" 24="0" 25="0" 26="0" 27="0" 28="0" 29="0" 30="0" 31="0" 32="0"/></slot><slot><value/></slot><slot><value/></slot></logic_slots><property_output_float_val text="0" value="0"/><min_threshold text="0" value="0"/><max_threshold text="0" value="0"/><pid_controller_ki text="1" value="1"/><pid_controller_kp text="1" value="1"/><pid_controller_kd text="1" value="1"/><exp text="2" value="2"/><min_lever_value text="-1" value="-1"/><max_lever_value text="1" value="1"/><starting_lever_value text="0" value="0"/></o></c><c d="gate_bool_constant" t="1"><o r="1,0,0,0,1,0,0,0,1" bc="6E6E6EFF" ac="6E6E6EFF" sc="1" custom_name="" sensitivity="0.2" timer_scalar_1="0.183" timer_scalar_2="0.183" lss_mode="0" func_type="0" property_text=""><vp x="4" y="41" z="0"/><logic_slots><slot value="false"/><slot value="false"/><slot value="0"/><slot value="0"/><slot value="0"/><slot value="false"/><slot value="false"/><slot value="0"/><slot value="0"/><slot value="0"/><slot value="0"/><slot><value bools="0" 01="0" 02="0" 03="0" 04="0" 05="0" 06="0" 07="0" 08="0" 09="0" 10="0" 11="0" 12="0" 13="0" 14="0" 15="0" 16="0" 17="0" 18="0" 19="0" 20="0" 21="0" 22="0" 23="0" 24="0" 25="0" 26="0" 27="0" 28="0" 29="0" 30="0" 31="0" 32="0"/></slot><slot><value/></slot><slot><value/></slot></logic_slots><property_output_float_val text="0" value="0"/><min_threshold text="0" value="0"/><max_threshold text="0" value="0"/><pid_controller_ki text="1" value="1"/><pid_controller_kp text="1" value="1"/><pid_controller_kd text="1" value="1"/><exp text="2" value="2"/><min_lever_value text="-1" value="-1"/><max_lever_value text="1" value="1"/><starting_lever_value text="0" value="0"/></o></c><c d="battery_small" t="0"><o r="0,-1,0,1,0,0,0,0,1" bc="6E6E6EFF" ac="6E6E6EFF" sc="2" custom_name="" default_state="false"><vp x="-3" y="36" z="0"/><logic_slots><slot value="0"/><slot value="false"/><slot value="0"/></logic_slots></o></c><c d="battery_small" t="2"><o r="0,-1,0,1,0,0,0,0,1" bc="6E6E6EFF" ac="6E6E6EFF" sc="2" custom_name="" default_state="false"><vp x="3" y="36" z="0"/><logic_slots><slot value="0"/><slot value="false"/><slot value="0"/></logic_slots></o></c><c d="01_block" t="0"><o r="1,0,0,0,1,0,0,0,1" bc="6E6E6EFF" ac="6E6E6EFF" sc="6"><vp x="0" y="36" z="-4"/></o></c><c d="01_block" t="0"><o r="1,0,0,0,1,0,0,0,1" bc="6E6E6EFF" ac="6E6E6EFF" sc="6"><vp x="0" y="37" z="-4"/></o></c><c d="01_block" t="0"><o r="1,0,0,0,1,0,0,0,1" bc="6E6E6EFF" ac="6E6E6EFF" sc="6"><vp x="0" y="38" z="-4"/></o></c><c d="01_block" t="0"><o r="1,0,0,0,1,0,0,0,1" bc="6E6E6EFF" ac="6E6E6EFF" sc="6"><vp x="0" y="39" z="-4"/></o></c><c d="connector_electric" t="0"><o r="-1,0,0,0,0,1,0,1,0" bc="6E6E6EFF" ac="6E6E6EFF" sc="5" custom_name=""><vp x="0" y="40" z="-4"/><logic_slots><slot value="false"/><slot value="false"/><slot value="false"/><slot value="false"/><slot value="0"/><slot value="0"/><slot><value bools="0" 01="0" 02="0" 03="0" 04="0" 05="0" 06="0" 07="0" 08="0" 09="0" 10="0" 11="0" 12="0" 13="0" 14="0" 15="0" 16="0" 17="0" 18="0" 19="0" 20="0" 21="0" 22="0" 23="0" 24="0" 25="0" 26="0" 27="0" 28="0" 29="0" 30="0" 31="0" 32="0"/></slot><slot><value bools="0" 01="0" 02="0" 03="0" 04="0" 05="0" 06="0" 07="0" 08="0" 09="0" 10="0" 11="0" 12="0" 13="0" 14="0" 15="0" 16="0" 17="0" 18="0" 19="0" 20="0" 21="0" 22="0" 23="0" 24="0" 25="0" 26="0" 27="0" 28="0" 29="0" 30="0" 31="0" 32="0"/></slot><slot><value/></slot><slot><value/></slot></logic_slots></o></c><c d="microprocessor" t="0"><o r="1,0,0,0,1,0,0,0,1" bc="6E6E6EFF" ac="6E6E6EFF" sc="10" custom_name=""><microprocessor_definition name="Composite Read" description="No description set." hide_in_inventory="false" width="2" length="1" id_counter="5" id_counter_node="2" transform_index="0" sym0="0" sym1="0" sym2="13674" sym3="21802" sym4="22374" sym5="21802" sym6="12902" sym7="0" sym8="0" sym9="5212" sym10="5186" sym11="5186" sym12="30018" sym13="38594" sym14="29788" sym15="0"><nodes><n id="1" component_id="3" built_slot_index="0"><node label="Composite Input" mode="1" type="5" description="The input signal to be processed." flags="0"><position x="0" y="0" z="0"/></node></n><n id="2" component_id="4" built_slot_index="0"><node label="On/Off Output" mode="0" type="0" description="The input signal to be processed." flags="0"><position x="1" y="0" z="0"/></node></n></nodes><group id="0"><pos x="0" y="0"/><data type="0" name="" desc=""><inputs/><outputs/></data><components><c type="29"><object id="5" i="0"><pos x="1.5" y="0"/><in1 component_id="3" node_index="0"/><out1/></object></c></components><components_bridge><c type="4"><object id="3"><pos x="0" y="0"/><in1 component_id="0" node_index="0"/><out1/></object></c><c type="1"><object id="4"><pos x="3" y="0"/><in1 component_id="5" node_index="0"/><out1/></object></c></components_bridge><groups/></group></microprocessor_definition><vp x="0" y="36" z="0"/><logic_slots><slot value="false"/><slot><value bools="0" 01="0" 02="0" 03="0" 04="0" 05="0" 06="0" 07="0" 08="0" 09="0" 10="0" 11="0" 12="0" 13="0" 14="0" 15="0" 16="0" 17="0" 18="0" 19="0" 20="0" 21="0" 22="0" 23="0" 24="0" 25="0" 26="0" 27="0" 28="0" 29="0" 30="0" 31="0" 32="0"/></slot></logic_slots></o></c><c d="01_block_weight" t="0"><o r="0,0,-1,1,0,0,0,-1,0" bc="6E6E6EFF" ac="6E6E6EFF" sc="6"><vp x="2" y="0" z="4"/></o></c><c d="01_block_weight" t="0"><o r="0,0,-1,1,0,0,0,-1,0" bc="6E6E6EFF" ac="6E6E6EFF" sc="6"><vp x="2" y="1" z="4"/></o></c><c d="01_block_weight" t="0"><o r="0,0,-1,1,0,0,0,-1,0" bc="6E6E6EFF" ac="6E6E6EFF" sc="6"><vp x="2" y="2" z="4"/></o></c><c d="01_block_weight" t="0"><o r="0,0,-1,1,0,0,0,-1,0" bc="6E6E6EFF" ac="6E6E6EFF" sc="6"><vp x="2" y="3" z="4"/></o></c><c d="01_block_weight" t="2"><o r="0,0,-1,1,0,0,0,-1,0" bc="6E6E6EFF" ac="6E6E6EFF" sc="6"><vp x="-2" y="0" z="4"/></o></c><c d="01_block_weight" t="2"><o r="0,0,-1,1,0,0,0,-1,0" bc="6E6E6EFF" ac="6E6E6EFF" sc="6"><vp x="-2" y="1" z="4"/></o></c><c d="01_block_weight" t="2"><o r="0,0,-1,1,0,0,0,-1,0" bc="6E6E6EFF" ac="6E6E6EFF" sc="6"><vp x="-2" y="2" z="4"/></o></c><c d="01_block_weight" t="2"><o r="0,0,-1,1,0,0,0,-1,0" bc="6E6E6EFF" ac="6E6E6EFF" sc="6"><vp x="-2" y="3" z="4"/></o></c><c d="01_block_weight" t="0"><o r="1,0,0,0,0,1,0,-1,0" bc="6E6E6EFF" ac="6E6E6EFF" sc="6"><vp x="4" y="0" z="2"/></o></c><c d="01_block_weight" t="0"><o r="1,0,0,0,0,1,0,-1,0" bc="6E6E6EFF" ac="6E6E6EFF" sc="6"><vp x="4" y="1" z="2"/></o></c><c d="01_block_weight" t="0"><o r="1,0,0,0,0,1,0,-1,0" bc="6E6E6EFF" ac="6E6E6EFF" sc="6"><vp x="4" y="2" z="2"/></o></c><c d="01_block_weight" t="0"><o r="1,0,0,0,0,1,0,-1,0" bc="6E6E6EFF" ac="6E6E6EFF" sc="6"><vp x="4" y="3" z="2"/></o></c><c d="01_block_weight" t="1"><o r="1,0,0,0,0,1,0,-1,0" bc="6E6E6EFF" ac="6E6E6EFF" sc="6"><vp x="-4" y="0" z="2"/></o></c><c d="01_block_weight" t="1"><o r="1,0,0,0,0,1,0,-1,0" bc="6E6E6EFF" ac="6E6E6EFF" sc="6"><vp x="-4" y="1" z="2"/></o></c><c d="01_block_weight" t="1"><o r="1,0,0,0,0,1,0,-1,0" bc="6E6E6EFF" ac="6E6E6EFF" sc="6"><vp x="-4" y="2" z="2"/></o></c><c d="01_block_weight" t="1"><o r="1,0,0,0,0,1,0,-1,0" bc="6E6E6EFF" ac="6E6E6EFF" sc="6"><vp x="-4" y="3" z="2"/></o></c><c d="01_block_weight" t="0"><o r="1,0,0,0,0,1,0,-1,0" bc="6E6E6EFF" ac="6E6E6EFF" sc="6"><vp x="3" y="0" z="4"/></o></c><c d="01_block_weight" t="0"><o r="1,0,0,0,0,1,0,-1,0" bc="6E6E6EFF" ac="6E6E6EFF" sc="6"><vp x="4" y="0" z="3"/></o></c><c d="01_block_weight" t="0"><o r="1,0,0,0,0,1,0,-1,0" bc="6E6E6EFF" ac="6E6E6EFF" sc="6"><vp x="4" y="0" z="4"/></o></c><c d="01_block_weight" t="0"><o r="1,0,0,0,0,1,0,-1,0" bc="6E6E6EFF" ac="6E6E6EFF" sc="6"><vp x="3" y="0" z="3"/></o></c><c d="01_block_weight" t="1"><o r="1,0,0,0,0,1,0,-1,0" bc="6E6E6EFF" ac="6E6E6EFF" sc="6"><vp x="-3" y="0" z="4"/></o></c><c d="01_block_weight" t="1"><o r="1,0,0,0,0,1,0,-1,0" bc="6E6E6EFF" ac="6E6E6EFF" sc="6"><vp x="-4" y="0" z="3"/></o></c><c d="01_block_weight" t="1"><o r="1,0,0,0,0,1,0,-1,0" bc="6E6E6EFF" ac="6E6E6EFF" sc="6"><vp x="-4" y="0" z="4"/></o></c><c d="01_block_weight" t="1"><o r="1,0,0,0,0,1,0,-1,0" bc="6E6E6EFF" ac="6E6E6EFF" sc="6"><vp x="-3" y="0" z="3"/></o></c><c d="01_block_weight" t="0"><o r="1,0,0,0,1,0,0,0,1" bc="6E6E6EFF" ac="6E6E6EFF" sc="6"><vp x="3" y="1" z="3"/></o></c><c d="01_block_weight" t="0"><o r="1,0,0,0,1,0,0,0,1" bc="6E6E6EFF" ac="6E6E6EFF" sc="6"><vp x="3" y="1" z="4"/></o></c><c d="01_block_weight" t="1"><o r="1,0,0,0,1,0,0,0,1" bc="6E6E6EFF" ac="6E6E6EFF" sc="6"><vp x="-3" y="1" z="3"/></o></c><c d="01_block_weight" t="1"><o r="1,0,0,0,1,0,0,0,1" bc="6E6E6EFF" ac="6E6E6EFF" sc="6"><vp x="-3" y="1" z="4"/></o></c><c d="01_block_weight" t="0"><o r="1,0,0,0,0,1,0,-1,0" bc="6E6E6EFF" ac="6E6E6EFF" sc="6"><vp x="4" y="1" z="3"/></o></c><c d="01_block_weight" t="1"><o r="1,0,0,0,0,1,0,-1,0" bc="6E6E6EFF" ac="6E6E6EFF" sc="6"><vp x="-4" y="1" z="3"/></o></c><c d="01_block_weight" t="0"><o r="1,0,0,0,0,1,0,-1,0" bc="6E6E6EFF" ac="6E6E6EFF" sc="6"><vp x="4" y="1" z="4"/></o></c><c d="01_block_weight" t="1"><o r="1,0,0,0,0,1,0,-1,0" bc="6E6E6EFF" ac="6E6E6EFF" sc="6"><vp x="-4" y="1" z="4"/></o></c><c d="01_block_weight" t="0"><o r="1,0,0,0,0,1,0,-1,0" bc="6E6E6EFF" ac="6E6E6EFF" sc="6"><vp x="4" y="2" z="3"/></o></c><c d="01_block_weight" t="1"><o r="1,0,0,0,0,1,0,-1,0" bc="6E6E6EFF" ac="6E6E6EFF" sc="6"><vp x="-4" y="2" z="3"/></o></c><c d="01_block_weight" t="0"><o r="0,0,-1,1,0,0,0,-1,0" bc="6E6E6EFF" ac="6E6E6EFF" sc="6"><vp x="3" y="2" z="4"/></o></c><c d="01_block_weight" t="0"><o r="0,0,-1,1,0,0,0,-1,0" bc="6E6E6EFF" ac="6E6E6EFF" sc="6"><vp x="4" y="2" z="4"/></o></c><c d="01_block_weight" t="2"><o r="0,0,-1,1,0,0,0,-1,0" bc="6E6E6EFF" ac="6E6E6EFF" sc="6"><vp x="-3" y="2" z="4"/></o></c><c d="01_block_weight" t="2"><o r="0,0,-1,1,0,0,0,-1,0" bc="6E6E6EFF" ac="6E6E6EFF" sc="6"><vp x="-4" y="2" z="4"/></o></c><c d="01_block_weight" t="0"><o r="1,0,0,0,0,1,0,-1,0" bc="6E6E6EFF" ac="6E6E6EFF" sc="6"><vp x="3" y="3" z="4"/></o></c><c d="01_block_weight" t="0"><o r="1,0,0,0,0,1,0,-1,0" bc="6E6E6EFF" ac="6E6E6EFF" sc="6"><vp x="4" y="3" z="3"/></o></c><c d="01_block_weight" t="0"><o r="1,0,0,0,0,1,0,-1,0" bc="6E6E6EFF" ac="6E6E6EFF" sc="6"><vp x="4" y="3" z="4"/></o></c><c d="01_block_weight" t="0"><o r="1,0,0,0,0,1,0,-1,0" bc="6E6E6EFF" ac="6E6E6EFF" sc="6"><vp x="3" y="3" z="3"/></o></c><c d="01_block_weight" t="1"><o r="1,0,0,0,0,1,0,-1,0" bc="6E6E6EFF" ac="6E6E6EFF" sc="6"><vp x="-3" y="3" z="4"/></o></c><c d="01_block_weight" t="1"><o r="1,0,0,0,0,1,0,-1,0" bc="6E6E6EFF" ac="6E6E6EFF" sc="6"><vp x="-4" y="3" z="3"/></o></c><c d="01_block_weight" t="1"><o r="1,0,0,0,0,1,0,-1,0" bc="6E6E6EFF" ac="6E6E6EFF" sc="6"><vp x="-4" y="3" z="4"/></o></c><c d="01_block_weight" t="1"><o r="1,0,0,0,0,1,0,-1,0" bc="6E6E6EFF" ac="6E6E6EFF" sc="6"><vp x="-3" y="3" z="3"/></o></c><c d="01_block_weight" t="0"><o r="1,0,0,0,0,-1,0,1,0" bc="6E6E6EFF" ac="6E6E6EFF" sc="6"><vp x="2" y="0" z="-4"/></o></c><c d="01_block_weight" t="0"><o r="1,0,0,0,0,-1,0,1,0" bc="6E6E6EFF" ac="6E6E6EFF" sc="6"><vp x="2" y="0" z="-3"/></o></c><c d="01_block_weight" t="0"><o r="1,0,0,0,0,-1,0,1,0" bc="6E6E6EFF" ac="6E6E6EFF" sc="6"><vp x="3" y="0" z="-4"/></o></c><c d="01_block_weight" t="0"><o r="1,0,0,0,0,-1,0,1,0" bc="6E6E6EFF" ac="6E6E6EFF" sc="6"><vp x="3" y="0" z="-3"/></o></c><c d="01_block_weight" t="0"><o r="1,0,0,0,0,-1,0,1,0" bc="6E6E6EFF" ac="6E6E6EFF" sc="6"><vp x="3" y="0" z="-2"/></o></c><c d="01_block_weight" t="0"><o r="1,0,0,0,0,-1,0,1,0" bc="6E6E6EFF" ac="6E6E6EFF" sc="6"><vp x="4" y="0" z="-4"/></o></c><c d="01_block_weight" t="0"><o r="1,0,0,0,0,-1,0,1,0" bc="6E6E6EFF" ac="6E6E6EFF" sc="6"><vp x="4" y="0" z="-3"/></o></c><c d="01_block_weight" t="0"><o r="1,0,0,0,0,-1,0,1,0" bc="6E6E6EFF" ac="6E6E6EFF" sc="6"><vp x="4" y="0" z="-2"/></o></c><c d="01_block_weight" t="1"><o r="1,0,0,0,0,-1,0,1,0" bc="6E6E6EFF" ac="6E6E6EFF" sc="6"><vp x="-2" y="0" z="-4"/></o></c><c d="01_block_weight" t="1"><o r="1,0,0,0,0,-1,0,1,0" bc="6E6E6EFF" ac="6E6E6EFF" sc="6"><vp x="-2" y="0" z="-3"/></o></c><c d="01_block_weight" t="1"><o r="1,0,0,0,0,-1,0,1,0" bc="6E6E6EFF" ac="6E6E6EFF" sc="6"><vp x="-3" y="0" z="-4"/></o></c><c d="01_block_weight" t="1"><o r="1,0,0,0,0,-1,0,1,0" bc="6E6E6EFF" ac="6E6E6EFF" sc="6"><vp x="-3" y="0" z="-3"/></o></c><c d="01_block_weight" t="1"><o r="1,0,0,0,0,-1,0,1,0" bc="6E6E6EFF" ac="6E6E6EFF" sc="6"><vp x="-3" y="0" z="-2"/></o></c><c d="01_block_weight" t="1"><o r="1,0,0,0,0,-1,0,1,0" bc="6E6E6EFF" ac="6E6E6EFF" sc="6"><vp x="-4" y="0" z="-4"/></o></c><c d="01_block_weight" t="1"><o r="1,0,0,0,0,-1,0,1,0" bc="6E6E6EFF" ac="6E6E6EFF" sc="6"><vp x="-4" y="0" z="-3"/></o></c><c d="01_block_weight" t="1"><o r="1,0,0,0,0,-1,0,1,0" bc="6E6E6EFF" ac="6E6E6EFF" sc="6"><vp x="-4" y="0" z="-2"/></o></c><c d="01_block_weight" t="0"><o r="0,0,-1,1,0,0,0,-1,0" bc="6E6E6EFF" ac="6E6E6EFF" sc="6"><vp x="2" y="1" z="-4"/></o></c><c d="01_block_weight" t="0"><o r="0,0,-1,1,0,0,0,-1,0" bc="6E6E6EFF" ac="6E6E6EFF" sc="6"><vp x="2" y="1" z="-3"/></o></c><c d="01_block_weight" t="0"><o r="0,0,-1,1,0,0,0,-1,0" bc="6E6E6EFF" ac="6E6E6EFF" sc="6"><vp x="3" y="1" z="-4"/></o></c><c d="01_block_weight" t="0"><o r="0,0,-1,1,0,0,0,-1,0" bc="6E6E6EFF" ac="6E6E6EFF" sc="6"><vp x="3" y="1" z="-3"/></o></c><c d="01_block_weight" t="0"><o r="0,0,-1,1,0,0,0,-1,0" bc="6E6E6EFF" ac="6E6E6EFF" sc="6"><vp x="3" y="1" z="-2"/></o></c><c d="01_block_weight" t="0"><o r="0,0,-1,1,0,0,0,-1,0" bc="6E6E6EFF" ac="6E6E6EFF" sc="6"><vp x="4" y="1" z="-4"/></o></c><c d="01_block_weight" t="0"><o r="0,0,-1,1,0,0,0,-1,0" bc="6E6E6EFF" ac="6E6E6EFF" sc="6"><vp x="4" y="1" z="-3"/></o></c><c d="01_block_weight" t="0"><o r="0,0,-1,1,0,0,0,-1,0" bc="6E6E6EFF" ac="6E6E6EFF" sc="6"><vp x="4" y="1" z="-2"/></o></c><c d="01_block_weight" t="2"><o r="0,0,-1,1,0,0,0,-1,0" bc="6E6E6EFF" ac="6E6E6EFF" sc="6"><vp x="-2" y="1" z="-4"/></o></c><c d="01_block_weight" t="2"><o r="0,0,-1,1,0,0,0,-1,0" bc="6E6E6EFF" ac="6E6E6EFF" sc="6"><vp x="-2" y="1" z="-3"/></o></c><c d="01_block_weight" t="2"><o r="0,0,-1,1,0,0,0,-1,0" bc="6E6E6EFF" ac="6E6E6EFF" sc="6"><vp x="-3" y="1" z="-4"/></o></c><c d="01_block_weight" t="2"><o r="0,0,-1,1,0,0,0,-1,0" bc="6E6E6EFF" ac="6E6E6EFF" sc="6"><vp x="-3" y="1" z="-3"/></o></c><c d="01_block_weight" t="2"><o r="0,0,-1,1,0,0,0,-1,0" bc="6E6E6EFF" ac="6E6E6EFF" sc="6"><vp x="-3" y="1" z="-2"/></o></c><c d="01_block_weight" t="2"><o r="0,0,-1,1,0,0,0,-1,0" bc="6E6E6EFF" ac="6E6E6EFF" sc="6"><vp x="-4" y="1" z="-4"/></o></c><c d="01_block_weight" t="2"><o r="0,0,-1,1,0,0,0,-1,0" bc="6E6E6EFF" ac="6E6E6EFF" sc="6"><vp x="-4" y="1" z="-3"/></o></c><c d="01_block_weight" t="2"><o r="0,0,-1,1,0,0,0,-1,0" bc="6E6E6EFF" ac="6E6E6EFF" sc="6"><vp x="-4" y="1" z="-2"/></o></c><c d="01_block_weight" t="0"><o r="1,0,0,0,0,-1,0,1,0" bc="6E6E6EFF" ac="6E6E6EFF" sc="6"><vp x="2" y="2" z="-4"/></o></c><c d="01_block_weight" t="0"><o r="1,0,0,0,0,-1,0,1,0" bc="6E6E6EFF" ac="6E6E6EFF" sc="6"><vp x="2" y="2" z="-3"/></o></c><c d="01_block_weight" t="0"><o r="1,0,0,0,0,-1,0,1,0" bc="6E6E6EFF" ac="6E6E6EFF" sc="6"><vp x="3" y="2" z="-4"/></o></c><c d="01_block_weight" t="0"><o r="1,0,0,0,0,-1,0,1,0" bc="6E6E6EFF" ac="6E6E6EFF" sc="6"><vp x="3" y="2" z="-3"/></o></c><c d="01_block_weight" t="0"><o r="1,0,0,0,0,-1,0,1,0" bc="6E6E6EFF" ac="6E6E6EFF" sc="6"><vp x="3" y="2" z="-2"/></o></c><c d="01_block_weight" t="0"><o r="1,0,0,0,0,-1,0,1,0" bc="6E6E6EFF" ac="6E6E6EFF" sc="6"><vp x="4" y="2" z="-4"/></o></c><c d="01_block_weight" t="0"><o r="1,0,0,0,0,-1,0,1,0" bc="6E6E6EFF" ac="6E6E6EFF" sc="6"><vp x="4" y="2" z="-3"/></o></c><c d="01_block_weight" t="0"><o r="1,0,0,0,0,-1,0,1,0" bc="6E6E6EFF" ac="6E6E6EFF" sc="6"><vp x="4" y="2" z="-2"/></o></c><c d="01_block_weight" t="1"><o r="1,0,0,0,0,-1,0,1,0" bc="6E6E6EFF" ac="6E6E6EFF" sc="6"><vp x="-2" y="2" z="-4"/></o></c><c d="01_block_weight" t="1"><o r="1,0,0,0,0,-1,0,1,0" bc="6E6E6EFF" ac="6E6E6EFF" sc="6"><vp x="-2" y="2" z="-3"/></o></c><c d="01_block_weight" t="1"><o r="1,0,0,0,0,-1,0,1,0" bc="6E6E6EFF" ac="6E6E6EFF" sc="6"><vp x="-3" y="2" z="-4"/></o></c><c d="01_block_weight" t="1"><o r="1,0,0,0,0,-1,0,1,0" bc="6E6E6EFF" ac="6E6E6EFF" sc="6"><vp x="-3" y="2" z="-3"/></o></c><c d="01_block_weight" t="1"><o r="1,0,0,0,0,-1,0,1,0" bc="6E6E6EFF" ac="6E6E6EFF" sc="6"><vp x="-3" y="2" z="-2"/></o></c><c d="01_block_weight" t="1"><o r="1,0,0,0,0,-1,0,1,0" bc="6E6E6EFF" ac="6E6E6EFF" sc="6"><vp x="-4" y="2" z="-4"/></o></c><c d="01_block_weight" t="1"><o r="1,0,0,0,0,-1,0,1,0" bc="6E6E6EFF" ac="6E6E6EFF" sc="6"><vp x="-4" y="2" z="-3"/></o></c><c d="01_block_weight" t="1"><o r="1,0,0,0,0,-1,0,1,0" bc="6E6E6EFF" ac="6E6E6EFF" sc="6"><vp x="-4" y="2" z="-2"/></o></c><c d="01_block_weight" t="0"><o r="0,0,-1,1,0,0,0,-1,0" bc="6E6E6EFF" ac="6E6E6EFF" sc="6"><vp x="2" y="3" z="-4"/></o></c><c d="01_block_weight" t="0"><o r="0,0,-1,1,0,0,0,-1,0" bc="6E6E6EFF" ac="6E6E6EFF" sc="6"><vp x="2" y="3" z="-3"/></o></c><c d="01_block_weight" t="0"><o r="0,0,-1,1,0,0,0,-1,0" bc="6E6E6EFF" ac="6E6E6EFF" sc="6"><vp x="3" y="3" z="-4"/></o></c><c d="01_block_weight" t="0"><o r="0,0,-1,1,0,0,0,-1,0" bc="6E6E6EFF" ac="6E6E6EFF" sc="6"><vp x="3" y="3" z="-3"/></o></c><c d="01_block_weight" t="0"><o r="0,0,-1,1,0,0,0,-1,0" bc="6E6E6EFF" ac="6E6E6EFF" sc="6"><vp x="3" y="3" z="-2"/></o></c><c d="01_block_weight" t="0"><o r="0,0,-1,1,0,0,0,-1,0" bc="6E6E6EFF" ac="6E6E6EFF" sc="6"><vp x="4" y="3" z="-4"/></o></c><c d="01_block_weight" t="0"><o r="0,0,-1,1,0,0,0,-1,0" bc="6E6E6EFF" ac="6E6E6EFF" sc="6"><vp x="4" y="3" z="-3"/></o></c><c d="01_block_weight" t="0"><o r="0,0,-1,1,0,0,0,-1,0" bc="6E6E6EFF" ac="6E6E6EFF" sc="6"><vp x="4" y="3" z="-2"/></o></c><c d="01_block_weight" t="2"><o r="0,0,-1,1,0,0,0,-1,0" bc="6E6E6EFF" ac="6E6E6EFF" sc="6"><vp x="-2" y="3" z="-4"/></o></c><c d="01_block_weight" t="2"><o r="0,0,-1,1,0,0,0,-1,0" bc="6E6E6EFF" ac="6E6E6EFF" sc="6"><vp x="-2" y="3" z="-3"/></o></c><c d="01_block_weight" t="2"><o r="0,0,-1,1,0,0,0,-1,0" bc="6E6E6EFF" ac="6E6E6EFF" sc="6"><vp x="-3" y="3" z="-4"/></o></c><c d="01_block_weight" t="2"><o r="0,0,-1,1,0,0,0,-1,0" bc="6E6E6EFF" ac="6E6E6EFF" sc="6"><vp x="-3" y="3" z="-3"/></o></c><c d="01_block_weight" t="2"><o r="0,0,-1,1,0,0,0,-1,0" bc="6E6E6EFF" ac="6E6E6EFF" sc="6"><vp x="-3" y="3" z="-2"/></o></c><c d="01_block_weight" t="2"><o r="0,0,-1,1,0,0,0,-1,0" bc="6E6E6EFF" ac="6E6E6EFF" sc="6"><vp x="-4" y="3" z="-4"/></o></c><c d="01_block_weight" t="2"><o r="0,0,-1,1,0,0,0,-1,0" bc="6E6E6EFF" ac="6E6E6EFF" sc="6"><vp x="-4" y="3" z="-3"/></o></c><c d="01_block_weight" t="2"><o r="0,0,-1,1,0,0,0,-1,0" bc="6E6E6EFF" ac="6E6E6EFF" sc="6"><vp x="-4" y="3" z="-2"/></o></c><c d="control_fin_large" t="0"><o r="1,0,0,0,0,-1,0,1,0" bc="6E6E6EFF" ac="6E6E6EFF" sc="3" custom_name=""><vp x="0" y="1" z="-6"/><logic_slots><slot value="0"/></logic_slots></o></c><c d="control_fin_large" t="0"><o r="0,0,1,1,0,0,0,1,0" bc="6E6E6EFF" ac="6E6E6EFF" sc="3" custom_name=""><vp x="6" y="1" z="0"/><logic_slots><slot value="0"/></logic_slots></o></c><c d="control_fin_large" t="2"><o r="0,0,1,1,0,0,0,1,0" bc="6E6E6EFF" ac="6E6E6EFF" sc="3" custom_name=""><vp x="-6" y="1" z="0"/><logic_slots><slot value="0"/></logic_slots></o></c><c d="control_fin_large" t="0"><o r="-1,0,0,0,0,1,0,1,0" bc="6E6E6EFF" ac="6E6E6EFF" sc="3" custom_name=""><vp x="0" y="1" z="6"/><logic_slots><slot value="0"/></logic_slots></o></c><c d="01_block_weight" t="0"><o r="1,0,0,0,1,0,0,0,1" bc="6E6E6EFF" ac="6E6E6EFF" sc="6"><vp x="-4" y="4" z="2"/></o></c><c d="01_block_weight" t="0"><o r="1,0,0,0,1,0,0,0,1" bc="6E6E6EFF" ac="6E6E6EFF" sc="6"><vp x="-4" y="4" z="3"/></o></c><c d="01_block_weight" t="0"><o r="1,0,0,0,1,0,0,0,1" bc="6E6E6EFF" ac="6E6E6EFF" sc="6"><vp x="-4" y="4" z="4"/></o></c><c d="01_block_weight" t="0"><o r="1,0,0,0,1,0,0,0,1" bc="6E6E6EFF" ac="6E6E6EFF" sc="6"><vp x="-3" y="4" z="2"/></o></c><c d="01_block_weight" t="0"><o r="1,0,0,0,1,0,0,0,1" bc="6E6E6EFF" ac="6E6E6EFF" sc="6"><vp x="-3" y="4" z="3"/></o></c><c d="01_block_weight" t="0"><o r="1,0,0,0,1,0,0,0,1" bc="6E6E6EFF" ac="6E6E6EFF" sc="6"><vp x="-3" y="4" z="4"/></o></c><c d="01_block_weight" t="0"><o r="1,0,0,0,1,0,0,0,1" bc="6E6E6EFF" ac="6E6E6EFF" sc="6"><vp x="-2" y="4" z="3"/></o></c><c d="01_block_weight" t="0"><o r="1,0,0,0,1,0,0,0,1" bc="6E6E6EFF" ac="6E6E6EFF" sc="6"><vp x="-2" y="4" z="4"/></o></c><c d="01_block_weight" t="1"><o r="1,0,0,0,1,0,0,0,1" bc="6E6E6EFF" ac="6E6E6EFF" sc="6"><vp x="4" y="4" z="2"/></o></c><c d="01_block_weight" t="1"><o r="1,0,0,0,1,0,0,0,1" bc="6E6E6EFF" ac="6E6E6EFF" sc="6"><vp x="4" y="4" z="3"/></o></c><c d="01_block_weight" t="1"><o r="1,0,0,0,1,0,0,0,1" bc="6E6E6EFF" ac="6E6E6EFF" sc="6"><vp x="4" y="4" z="4"/></o></c><c d="01_block_weight" t="1"><o r="1,0,0,0,1,0,0,0,1" bc="6E6E6EFF" ac="6E6E6EFF" sc="6"><vp x="3" y="4" z="2"/></o></c><c d="01_block_weight" t="1"><o r="1,0,0,0,1,0,0,0,1" bc="6E6E6EFF" ac="6E6E6EFF" sc="6"><vp x="3" y="4" z="3"/></o></c><c d="01_block_weight" t="1"><o r="1,0,0,0,1,0,0,0,1" bc="6E6E6EFF" ac="6E6E6EFF" sc="6"><vp x="3" y="4" z="4"/></o></c><c d="01_block_weight" t="1"><o r="1,0,0,0,1,0,0,0,1" bc="6E6E6EFF" ac="6E6E6EFF" sc="6"><vp x="2" y="4" z="3"/></o></c><c d="01_block_weight" t="1"><o r="1,0,0,0,1,0,0,0,1" bc="6E6E6EFF" ac="6E6E6EFF" sc="6"><vp x="2" y="4" z="4"/></o></c><c d="01_block_weight" t="0"><o r="1,0,0,0,1,0,0,0,1" bc="6E6E6EFF" ac="6E6E6EFF" sc="6"><vp x="-4" y="4" z="-4"/></o></c><c d="01_block_weight" t="0"><o r="1,0,0,0,1,0,0,0,1" bc="6E6E6EFF" ac="6E6E6EFF" sc="6"><vp x="-4" y="4" z="-3"/></o></c><c d="01_block_weight" t="0"><o r="1,0,0,0,1,0,0,0,1" bc="6E6E6EFF" ac="6E6E6EFF" sc="6"><vp x="-4" y="4" z="-2"/></o></c><c d="01_block_weight" t="0"><o r="1,0,0,0,1,0,0,0,1" bc="6E6E6EFF" ac="6E6E6EFF" sc="6"><vp x="-3" y="4" z="-4"/></o></c><c d="01_block_weight" t="0"><o r="1,0,0,0,1,0,0,0,1" bc="6E6E6EFF" ac="6E6E6EFF" sc="6"><vp x="-3" y="4" z="-3"/></o></c><c d="01_block_weight" t="0"><o r="1,0,0,0,1,0,0,0,1" bc="6E6E6EFF" ac="6E6E6EFF" sc="6"><vp x="-3" y="4" z="-2"/></o></c><c d="01_block_weight" t="0"><o r="1,0,0,0,1,0,0,0,1" bc="6E6E6EFF" ac="6E6E6EFF" sc="6"><vp x="-2" y="4" z="-4"/></o></c><c d="01_block_weight" t="0"><o r="1,0,0,0,1,0,0,0,1" bc="6E6E6EFF" ac="6E6E6EFF" sc="6"><vp x="-2" y="4" z="-3"/></o></c><c d="01_block_weight" t="1"><o r="1,0,0,0,1,0,0,0,1" bc="6E6E6EFF" ac="6E6E6EFF" sc="6"><vp x="4" y="4" z="-4"/></o></c><c d="01_block_weight" t="1"><o r="1,0,0,0,1,0,0,0,1" bc="6E6E6EFF" ac="6E6E6EFF" sc="6"><vp x="4" y="4" z="-3"/></o></c><c d="01_block_weight" t="1"><o r="1,0,0,0,1,0,0,0,1" bc="6E6E6EFF" ac="6E6E6EFF" sc="6"><vp x="4" y="4" z="-2"/></o></c><c d="01_block_weight" t="1"><o r="1,0,0,0,1,0,0,0,1" bc="6E6E6EFF" ac="6E6E6EFF" sc="6"><vp x="3" y="4" z="-4"/></o></c><c d="01_block_weight" t="1"><o r="1,0,0,0,1,0,0,0,1" bc="6E6E6EFF" ac="6E6E6EFF" sc="6"><vp x="3" y="4" z="-3"/></o></c><c d="01_block_weight" t="1"><o r="1,0,0,0,1,0,0,0,1" bc="6E6E6EFF" ac="6E6E6EFF" sc="6"><vp x="3" y="4" z="-2"/></o></c><c d="01_block_weight" t="1"><o r="1,0,0,0,1,0,0,0,1" bc="6E6E6EFF" ac="6E6E6EFF" sc="6"><vp x="2" y="4" z="-4"/></o></c><c d="01_block_weight" t="1"><o r="1,0,0,0,1,0,0,0,1" bc="6E6E6EFF" ac="6E6E6EFF" sc="6"><vp x="2" y="4" z="-3"/></o></c></components></body><body unique_id="48"><initial_local_transform 00="1" 01="0" 02="0" 03="0" 10="0" 11="1" 12="0" 13="0" 20="0" 21="0" 22="1" 23="0" 30="0" 31="0" 32="0" 33="1"/><local_transform 00="1" 01="0" 02="0" 03="0" 10="0" 11="1" 12="0" 13="0" 20="0" 21="0" 22="1" 23="0" 30="0" 31="0" 32="0" 33="1"/><components><c d="solid_rocket_nozzle_medium" t="0"><o r="-1,0,0,0,-1,0,0,0,1" bc="6E6E6EFF" ac="6E6E6EFF" sc="45" custom_name="" burn_rate="1"><vp x="0" y="39" z="0"/><logic_slots><slot value="false"/><slot value="0"/></logic_slots></o></c><c d="solid_rocket_medium" t="0"><o r="1,0,0,0,1,0,0,0,1" bc="6E6E6EFF" ac="6E6E6EFF" sc="54" custom_name="" burn_rate="1"><vp x="0" y="42" z="0"/><logic_slots><slot value="false"/><slot value="0"/></logic_slots></o></c><c d="solid_rocket_medium" t="0"><o r="1,0,0,0,1,0,0,0,1" bc="6E6E6EFF" ac="6E6E6EFF" sc="54" custom_name="" burn_rate="1"><vp x="0" y="45" z="0"/><logic_slots><slot value="false"/><slot value="0"/></logic_slots></o></c><c d="solid_rocket_medium" t="0"><o r="1,0,0,0,1,0,0,0,1" bc="6E6E6EFF" ac="6E6E6EFF" sc="54" custom_name="" burn_rate="1"><vp x="0" y="48" z="0"/><logic_slots><slot value="false"/><slot value="0"/></logic_slots></o></c><c d="solid_rocket_medium" t="0"><o r="1,0,0,0,1,0,0,0,1" bc="6E6E6EFF" ac="6E6E6EFF" sc="54" custom_name="" burn_rate="1"><vp x="0" y="51" z="0"/><logic_slots><slot value="false"/><slot value="0"/></logic_slots></o></c><c d="solid_rocket_medium" t="0"><o r="1,0,0,0,1,0,0,0,1" bc="6E6E6EFF" ac="6E6E6EFF" sc="54" custom_name="" burn_rate="1"><vp x="0" y="54" z="0"/><logic_slots><slot value="false"/><slot value="0"/></logic_slots></o></c><c d="solid_rocket_medium" t="0"><o r="1,0,0,0,1,0,0,0,1" bc="6E6E6EFF" ac="6E6E6EFF" sc="54" custom_name="" burn_rate="1"><vp x="0" y="57" z="0"/><logic_slots><slot value="false"/><slot value="0"/></logic_slots></o></c><c d="solid_rocket_medium" t="0"><o r="1,0,0,0,1,0,0,0,1" bc="6E6E6EFF" ac="6E6E6EFF" sc="54" custom_name="" burn_rate="1"><vp x="0" y="60" z="0"/><logic_slots><slot value="false"/><slot value="0"/></logic_slots></o></c><c d="solid_rocket_medium" t="0"><o r="1,0,0,0,1,0,0,0,1" bc="6E6E6EFF" ac="6E6E6EFF" sc="54" custom_name="" burn_rate="1"><vp x="0" y="63" z="0"/><logic_slots><slot value="false"/><slot value="0"/></logic_slots></o></c><c d="solid_rocket_medium" t="0"><o r="1,0,0,0,1,0,0,0,1" bc="6E6E6EFF" ac="6E6E6EFF" sc="54" custom_name="" burn_rate="1"><vp x="0" y="66" z="0"/><logic_slots><slot value="false"/><slot value="0"/></logic_slots></o></c><c d="connector_small" t="0"><o r="0,0,1,-1,0,0,0,-1,0" bc="6E6E6EFF" ac="6E6E6EFF" sc="5" custom_name=""><vp x="-2" y="41" z="0"/><logic_slots><slot value="false"/><slot value="false"/><slot value="false"/><slot value="false"/><slot value="0"/><slot value="0"/><slot><value bools="0" 01="0" 02="0" 03="0" 04="0" 05="0" 06="0" 07="0" 08="0" 09="0" 10="0" 11="0" 12="0" 13="0" 14="0" 15="0" 16="0" 17="0" 18="0" 19="0" 20="0" 21="0" 22="0" 23="0" 24="0" 25="0" 26="0" 27="0" 28="0" 29="0" 30="0" 31="0" 32="0"/></slot><slot><value bools="0" 01="0" 02="0" 03="0" 04="0" 05="0" 06="0" 07="0" 08="0" 09="0" 10="0" 11="0" 12="0" 13="0" 14="0" 15="0" 16="0" 17="0" 18="0" 19="0" 20="0" 21="0" 22="0" 23="0" 24="0" 25="0" 26="0" 27="0" 28="0" 29="0" 30="0" 31="0" 32="0"/></slot><slot><value/></slot><slot><value/></slot></logic_slots></o></c><c d="connector_small" t="2"><o r="0,0,1,-1,0,0,0,-1,0" bc="6E6E6EFF" ac="6E6E6EFF" sc="5" custom_name=""><vp x="2" y="41" z="0"/><logic_slots><slot value="false"/><slot value="false"/><slot value="false"/><slot value="false"/><slot value="0"/><slot value="0"/><slot><value bools="0" 01="0" 02="0" 03="0" 04="0" 05="0" 06="0" 07="0" 08="0" 09="0" 10="0" 11="0" 12="0" 13="0" 14="0" 15="0" 16="0" 17="0" 18="0" 19="0" 20="0" 21="0" 22="0" 23="0" 24="0" 25="0" 26="0" 27="0" 28="0" 29="0" 30="0" 31="0" 32="0"/></slot><slot><value bools="0" 01="0" 02="0" 03="0" 04="0" 05="0" 06="0" 07="0" 08="0" 09="0" 10="0" 11="0" 12="0" 13="0" 14="0" 15="0" 16="0" 17="0" 18="0" 19="0" 20="0" 21="0" 22="0" 23="0" 24="0" 25="0" 26="0" 27="0" 28="0" 29="0" 30="0" 31="0" 32="0"/></slot><slot><value/></slot><slot><value/></slot></logic_slots></o></c><c d="gate_bool_not" t="0"><o r="0,0,-1,1,0,0,0,-1,0" bc="6E6E6EFF" ac="6E6E6EFF" sc="2" custom_name="" sensitivity="0.2" timer_scalar_1="0.183" timer_scalar_2="0.183" lss_mode="0" func_type="0" property_text=""><vp x="2" y="43" z="0"/><logic_slots><slot value="false"/><slot value="false"/><slot value="0"/><slot value="0"/><slot value="0"/><slot value="false"/><slot value="false"/><slot value="0"/><slot value="0"/><slot value="0"/><slot value="0"/><slot><value bools="0" 01="0" 02="0" 03="0" 04="0" 05="0" 06="0" 07="0" 08="0" 09="0" 10="0" 11="0" 12="0" 13="0" 14="0" 15="0" 16="0" 17="0" 18="0" 19="0" 20="0" 21="0" 22="0" 23="0" 24="0" 25="0" 26="0" 27="0" 28="0" 29="0" 30="0" 31="0" 32="0"/></slot><slot><value/></slot><slot><value/></slot></logic_slots><property_output_float_val text="0" value="0"/><min_threshold text="0" value="0"/><max_threshold text="0" value="0"/><pid_controller_ki text="1" value="1"/><pid_controller_kp text="1" value="1"/><pid_controller_kd text="1" value="1"/><exp text="2" value="2"/><min_lever_value text="-1" value="-1"/><max_lever_value text="1" value="1"/><starting_lever_value text="0" value="0"/></o></c><c d="gate_bool_not" t="2"><o r="0,0,-1,1,0,0,0,-1,0" bc="6E6E6EFF" ac="6E6E6EFF" sc="2" custom_name="" sensitivity="0.2" timer_scalar_1="0.183" timer_scalar_2="0.183" lss_mode="0" func_type="0" property_text=""><vp x="-2" y="43" z="0"/><logic_slots><slot value="false"/><slot value="false"/><slot value="0"/><slot value="0"/><slot value="0"/><slot value="false"/><slot value="false"/><slot value="0"/><slot value="0"/><slot value="0"/><slot value="0"/><slot><value bools="0" 01="0" 02="0" 03="0" 04="0" 05="0" 06="0" 07="0" 08="0" 09="0" 10="0" 11="0" 12="0" 13="0" 14="0" 15="0" 16="0" 17="0" 18="0" 19="0" 20="0" 21="0" 22="0" 23="0" 24="0" 25="0" 26="0" 27="0" 28="0" 29="0" 30="0" 31="0" 32="0"/></slot><slot><value/></slot><slot><value/></slot></logic_slots><property_output_float_val text="0" value="0"/><min_threshold text="0" value="0"/><max_threshold text="0" value="0"/><pid_controller_ki text="1" value="1"/><pid_controller_kp text="1" value="1"/><pid_controller_kd text="1" value="1"/><exp text="2" value="2"/><min_lever_value text="-1" value="-1"/><max_lever_value text="1" value="1"/><starting_lever_value text="0" value="0"/></o></c><c d="seat_compact" t="0"><o r="1,0,0,0,1,0,0,0,1" bc="6E6E6EFF" ac="6E6E6EFF" sc="7" custom_name="" hotkey_0="0" hotkey_0_label="" hotkey_1="0" hotkey_1_label="" hotkey_2="0" hotkey_2_label="" hotkey_3="0" hotkey_3_label="" hotkey_4="0" hotkey_4_label="" hotkey_5="0" hotkey_5_label="" hotkey_6="0" hotkey_6_label="" hotkey_7="0" hotkey_7_label="" hotkey_8="0" hotkey_8_label="" hotkey_9="0" hotkey_9_label="" hotkey_10="0" hotkey_10_label="" hotkey_11="0" hotkey_11_label="" hotkey_12="0" hotkey_12_label="" hotkey_13="0" hotkey_13_label="" hotkey_14="0" hotkey_14_label="" hotkey_15="0" hotkey_15_label="" hotkey_16="0" hotkey_16_label="" hotkey_17="0" hotkey_17_label="" hotkey_18="0" hotkey_18_label="" hotkey_19="0" hotkey_19_label="" hotkey_20="0" hotkey_20_label="" hotkey_21="0" hotkey_21_label="" hotkey_22="0" hotkey_22_label="" hotkey_23="0" hotkey_23_label="" hotkey_24="0" hotkey_24_label="" hotkey_25="0" hotkey_25_label="" hotkey_26="0" hotkey_26_label="" hotkey_27="0" hotkey_27_label="" hotkey_28="0" hotkey_28_label="" hotkey_29="0" hotkey_29_label="" hotkey_30="0" hotkey_30_label="" hotkey_31="0" hotkey_31_label="" hotkey_32="0" hotkey_32_label="" hotkey_33="0" hotkey_33_label="" hotkey_34="0" hotkey_34_label="" hotkey_35="0" hotkey_35_label="" hotkey_36="0" hotkey_36_label="" hotkey_37="0" hotkey_37_label="" hotkey_38="0" hotkey_38_label="" hotkey_39="0" hotkey_39_label="" hotkey_40="0" hotkey_40_label="" hotkey_41="0" hotkey_41_label="" hotkey_42="0" hotkey_42_label="" hotkey_43="0" hotkey_43_label="" hotkey_44="0" hotkey_44_label="" hotkey_45="0" hotkey_45_label="" hotkey_46="0" hotkey_46_label="" hotkey_47="0" hotkey_47_label="" control_mode_0="0" control_mode_0_label="" control_mode_1="0" control_mode_1_label="" control_mode_2="0" control_mode_2_label="" control_mode_3="0" control_mode_3_label="" control_mode_4="0" control_mode_4_label="" control_mode_5="0" control_mode_5_label="" control_mode_6="0" control_mode_6_label="" control_mode_7="0" control_mode_7_label=""><vp x="0" y="68" z="0"/><logic_slots><slot value="0"/><slot value="0"/><slot value="0"/><slot value="0"/><slot value="0"/><slot value="0"/><slot value="0"/><slot value="0"/><slot value="false"/><slot value="false"/><slot value="false"/><slot value="false"/><slot value="false"/><slot value="false"/><slot value="false"/><slot value="false"/><slot value="false"/><slot value="false"/><slot value="false"/><slot value="false"/><slot value="false"/><slot value="false"/><slot value="false"/><slot value="false"/><slot value="false"/><slot value="false"/><slot value="false"/><slot value="false"/><slot value="false"/><slot value="false"/><slot value="false"/><slot value="false"/><slot value="false"/><slot value="false"/><slot value="false"/><slot value="false"/><slot value="false"/><slot value="false"/><slot value="false"/><slot value="false"/><slot value="false"/><slot value="false"/><slot value="false"/><slot value="false"/><slot value="false"/><slot value="false"/><slot value="false"/><slot value="false"/><slot value="false"/><slot value="false"/><slot value="false"/><slot value="false"/><slot value="false"/><slot value="false"/><slot value="false"/><slot value="false"/><slot value="false"/><slot><value bools="0" 01="0" 02="0" 03="0" 04="0" 05="0" 06="0" 07="0" 08="0" 09="0" 10="0" 11="0" 12="0" 13="0" 14="0" 15="0" 16="0" 17="0" 18="0" 19="0" 20="0" 21="0" 22="0" 23="0" 24="0" 25="0" 26="0" 27="0" 28="0" 29="0" 30="0" 31="0" 32="0"/></slot></logic_slots><trim_x_display text="0" value="0"/><trim_y_display text="0" value="0"/><trim_z_display text="0" value="0"/><trim_w_display text="0" value="0"/><axis_sensitivity x="0.1" y="0.1" z="0.1" w="0.1"/></o></c><c d="connector_electric" t="0"><o r="1,0,0,0,0,-1,0,1,0" bc="6E6E6EFF" ac="6E6E6EFF" sc="5" custom_name=""><vp x="0" y="41" z="-2"/><logic_slots><slot value="false"/><slot value="false"/><slot value="false"/><slot value="false"/><slot value="0"/><slot value="0"/><slot><value bools="0" 01="0" 02="0" 03="0" 04="0" 05="0" 06="0" 07="0" 08="0" 09="0" 10="0" 11="0" 12="0" 13="0" 14="0" 15="0" 16="0" 17="0" 18="0" 19="0" 20="0" 21="0" 22="0" 23="0" 24="0" 25="0" 26="0" 27="0" 28="0" 29="0" 30="0" 31="0" 32="0"/></slot><slot><value bools="0" 01="0" 02="0" 03="0" 04="0" 05="0" 06="0" 07="0" 08="0" 09="0" 10="0" 11="0" 12="0" 13="0" 14="0" 15="0" 16="0" 17="0" 18="0" 19="0" 20="0" 21="0" 22="0" 23="0" 24="0" 25="0" 26="0" 27="0" 28="0" 29="0" 30="0" 31="0" 32="0"/></slot><slot><value/></slot><slot><value/></slot></logic_slots></o></c><c d="control_fin_large" t="0"><o r="0,0,-1,-1,0,0,0,1,0" bc="6E6E6EFF" ac="6E6E6EFF" sc="3" custom_name=""><vp x="-2" y="45" z="0"/><logic_slots><slot value="0"/></logic_slots></o></c><c d="control_fin_large" t="2"><o r="0,0,-1,-1,0,0,0,1,0" bc="6E6E6EFF" ac="6E6E6EFF" sc="3" custom_name=""><vp x="2" y="45" z="0"/><logic_slots><slot value="0"/></logic_slots></o></c><c d="control_fin_large" t="0"><o r="1,0,0,0,0,-1,0,1,0" bc="6E6E6EFF" ac="6E6E6EFF" sc="3" custom_name=""><vp x="0" y="45" z="-2"/><logic_slots><slot value="0"/></logic_slots></o></c><c d="digital_display" t="0"><o r="0,0,-1,0,1,0,1,0,0" bc="6E6E6EFF" ac="6E6E6EFF" sc="8" custom_name="" decimal_point_pos="6" audio="audio/fx3/stormworks_warningalarm.ogg" volume="1" pitch="1" is_infrared="false"><vp x="0" y="67" z="2"/><logic_slots><slot value="0"/><slot value="0"/><slot value="false"/></logic_slots><min_value text="-1.0" value="-1"/><max_value text="1.0" value="1"/></o></c><c d="altimeter" t="0"><o r="1,0,0,0,1,0,0,0,1" bc="6E6E6EFF" ac="6E6E6EFF" sc="5" custom_name="" sensitivity="0.2" timer_scalar_1="0.183" timer_scalar_2="0.183" lss_mode="0" func_type="0" property_text=""><vp x="-1" y="67" z="2"/><logic_slots><slot value="false"/><slot value="false"/><slot value="0"/><slot value="0"/><slot value="0"/><slot value="false"/><slot value="false"/><slot value="0"/><slot value="0"/><slot value="0"/><slot value="0"/><slot><value bools="0" 01="0" 02="0" 03="0" 04="0" 05="0" 06="0" 07="0" 08="0" 09="0" 10="0" 11="0" 12="0" 13="0" 14="0" 15="0" 16="0" 17="0" 18="0" 19="0" 20="0" 21="0" 22="0" 23="0" 24="0" 25="0" 26="0" 27="0" 28="0" 29="0" 30="0" 31="0" 32="0"/></slot><slot><value/></slot><slot><value/></slot></logic_slots><property_output_float_val text="0" value="0"/><min_threshold text="0" value="0"/><max_threshold text="0" value="0"/><pid_controller_ki text="1" value="1"/><pid_controller_kp text="1" value="1"/><pid_controller_kd text="1" value="1"/><exp text="2" value="2"/><min_lever_value text="-1" value="-1"/><max_lever_value text="1" value="1"/><starting_lever_value text="0" value="0"/></o></c><c d="inventory_outfit_parachute" t="0"><o r="0,0,-1,0,1,0,1,0,0" bc="6E6E6EFF" ac="6E6E6EFF" sc="21" custom_name=""><vp x="2" y="66" z="0"/><logic_slots/></o></c><c d="inventory_outfit_parachute" t="4"><o r="0,0,-1,0,1,0,1,0,0" bc="6E6E6EFF" ac="6E6E6EFF" sc="21" custom_name=""><vp x="-2" y="66" z="0"/><logic_slots/></o></c><c d="control_fin_large" t="1"><o r="-1,0,0,0,0,1,0,1,0" bc="6E6E6EFF" ac="6E6E6EFF" sc="3" custom_name=""><vp x="0" y="45" z="2"/><logic_slots><slot value="0"/></logic_slots></o></c><c d="battery_small" t="0"><o r="0,-1,0,0,0,1,-1,0,0" bc="6E6E6EFF" ac="6E6E6EFF" sc="2" custom_name="" default_state="false"><vp x="0" y="42" z="2"/><logic_slots><slot value="0"/><slot value="false"/><slot value="0"/></logic_slots></o></c><c d="battery_small" t="0"><o r="0,1,0,0,0,-1,-1,0,0" bc="6E6E6EFF" ac="6E6E6EFF" sc="2" custom_name="" default_state="false"><vp x="0" y="43" z="-2"/><logic_slots><slot value="0"/><slot value="false"/><slot value="0"/></logic_slots></o></c></components></body></bodies><logic_node_links><logic_node_link type="0"><voxel_pos_0 x="4" y="41" z="0"/><voxel_pos_1 x="4" y="40" z="0"/></logic_node_link><logic_node_link type="0"><voxel_pos_0 x="-4" y="41" z="0"/><voxel_pos_1 x="-4" y="40" z="0"/></logic_node_link><logic_node_link type="4"><voxel_pos_0 x="0" y="41" z="-2"/><voxel_pos_1 x="2" y="41" z="0"/></logic_node_link><logic_node_link type="4"><voxel_pos_0 x="0" y="41" z="-2"/><voxel_pos_1 x="-2" y="41" z="0"/></logic_node_link><logic_node_link type="4"><voxel_pos_0 x="0" y="40" z="-4"/><voxel_pos_1 x="4" y="40" z="0"/></logic_node_link><logic_node_link type="4"><voxel_pos_0 x="0" y="40" z="-4"/><voxel_pos_1 x="-4" y="40" z="0"/></logic_node_link><logic_node_link type="4"><voxel_pos_0 x="-3" y="36" z="0"/><voxel_pos_1 x="-4" y="40" z="0"/></logic_node_link><logic_node_link type="4"><voxel_pos_0 x="3" y="36" z="0"/><voxel_pos_1 x="4" y="40" z="0"/></logic_node_link><logic_node_link type="0"><voxel_pos_0 x="2" y="43" z="0"/><voxel_pos_1 x="2" y="41" z="0"/></logic_node_link><logic_node_link type="0"><voxel_pos_0 x="-2" y="43" z="0"/><voxel_pos_1 x="-2" y="41" z="0"/></logic_node_link><logic_node_link type="0"><voxel_pos_0 x="1" y="36" z="0"/><voxel_pos_1 x="-4" y="-2" z="0"/></logic_node_link><logic_node_link type="5"><voxel_pos_0 x="-3" y="40" z="0"/><voxel_pos_1 x="0" y="36" z="0"/></logic_node_link><logic_node_link type="0"><voxel_pos_0 x="1" y="36" z="0"/><voxel_pos_1 x="0" y="-2" z="0"/></logic_node_link><logic_node_link type="0"><voxel_pos_0 x="1" y="36" z="0"/><voxel_pos_1 x="0" y="-2" z="4"/></logic_node_link><logic_node_link type="0"><voxel_pos_0 x="1" y="36" z="0"/><voxel_pos_1 x="0" y="-2" z="-4"/></logic_node_link><logic_node_link type="0"><voxel_pos_0 x="-1" y="69" z="-1"/><voxel_pos_1 x="0" y="39" z="0"/></logic_node_link><logic_node_link type="0"><voxel_pos_0 x="-1" y="69" z="-1"/><voxel_pos_1 x="-2" y="42" z="0"/></logic_node_link><logic_node_link type="0"><voxel_pos_0 x="-1" y="69" z="-1"/><voxel_pos_1 x="2" y="42" z="0"/></logic_node_link><logic_node_link type="0"><voxel_pos_0 x="-1" y="69" z="-1"/><voxel_pos_1 x="0" y="41" z="-2"/></logic_node_link><logic_node_link type="0"><voxel_pos_0 x="1" y="36" z="0"/><voxel_pos_1 x="4" y="-2" z="0"/></logic_node_link><logic_node_link type="5"><voxel_pos_0 x="-3" y="41" z="0"/><voxel_pos_1 x="-4" y="40" z="0"/></logic_node_link><logic_node_link type="5"><voxel_pos_0 x="0" y="68" z="1"/><voxel_pos_1 x="-2" y="41" z="0"/></logic_node_link><logic_node_link type="1"><voxel_pos_0 x="-1" y="67" z="2"/><voxel_pos_1 x="0" y="67" z="2"/></logic_node_link><logic_node_link type="4"><voxel_pos_0 x="0" y="67" z="2"/><voxel_pos_1 x="2" y="41" z="0"/></logic_node_link><logic_node_link type="1"><voxel_pos_0 x="1" y="69" z="0"/><voxel_pos_1 x="2" y="46" z="0"/></logic_node_link><logic_node_link type="1"><voxel_pos_0 x="1" y="69" z="0"/><voxel_pos_1 x="-2" y="46" z="0"/></logic_node_link><logic_node_link type="1"><voxel_pos_0 x="-1" y="69" z="0"/><voxel_pos_1 x="0" y="46" z="-2"/></logic_node_link><logic_node_link type="4"><voxel_pos_0 x="0" y="42" z="2"/><voxel_pos_1 x="0" y="43" z="-2"/></logic_node_link><logic_node_link type="4"><voxel_pos_0 x="0" y="43" z="-2"/><voxel_pos_1 x="0" y="45" z="-2"/></logic_node_link><logic_node_link type="4"><voxel_pos_0 x="0" y="45" z="-2"/><voxel_pos_1 x="2" y="45" z="0"/></logic_node_link><logic_node_link type="4"><voxel_pos_0 x="2" y="45" z="0"/><voxel_pos_1 x="0" y="45" z="2"/></logic_node_link><logic_node_link type="4"><voxel_pos_0 x="0" y="45" z="2"/><voxel_pos_1 x="-2" y="45" z="0"/></logic_node_link><logic_node_link type="4"><voxel_pos_0 x="-2" y="45" z="0"/><voxel_pos_1 x="0" y="45" z="-2"/></logic_node_link><logic_node_link type="4"><voxel_pos_0 x="0" y="42" z="2"/><voxel_pos_1 x="-2" y="41" z="0"/></logic_node_link><logic_node_link type="1"><voxel_pos_0 x="-1" y="69" z="0"/><voxel_pos_1 x="0" y="46" z="2"/></logic_node_link></logic_node_links></vehicle>