<?xml version="1.0" encoding="UTF-8"?><vehicle data_version="2" is_advanced="true" is_static="false" bodies_id="134"><editor_placement_offset x="0" y="0" z="0"/><authors/><bodies><body unique_id="134"><initial_local_transform 00="1" 01="0" 02="0" 03="0" 10="0" 11="1" 12="0" 13="0" 20="0" 21="0" 22="1" 23="0" 30="0" 31="0" 32="0" 33="1"/><local_transform 00="1" 01="0" 02="0" 03="0" 10="0" 11="1" 12="0" 13="0" 20="0" 21="0" 22="1" 23="0" 30="0" 31="0" 32="0" 33="1"/><components><c d="sign_na" t="0"><o r="0,0,1,-1,0,0,0,-1,0" bc="FFFFFFFF" ac="FFFFFFFF" sc="6" custom_name=""><vp x="-1" y="0" z="0"/><logic_slots><slot value="false"/></logic_slots><cc0 r="20" g="20" b="20" a="255"/><cc1 r="255" g="255" b="255" a="255"/><cc2 r="255" g="255" b="255" a="255"/><cc3 r="255" g="255" b="255" a="255"/><cc4 r="255" g="255" b="255" a="255"/><cc5 r="255" g="255" b="255" a="255"/><cc6 r="255" g="255" b="255" a="255"/><cc7 r="255" g="255" b="255" a="255"/><cc8 r="255" g="255" b="255" a="255"/><cc9 r="20" g="20" b="20" a="255"/><cc10 r="110" g="110" b="110" a="255"/><cc11 r="255" g="255" b="255" a="255"/><cc12 r="255" g="255" b="255" a="255"/><cc13 r="255" g="255" b="255" a="255"/><cc14 r="255" g="255" b="255" a="255"/><cc15 r="255" g="255" b="255" a="255"/><cc16 r="255" g="255" b="255" a="255"/><cc17 r="255" g="255" b="255" a="255"/><cc18 r="20" g="20" b="20" a="255"/><cc19 r="20" g="20" b="20" a="255"/><cc20 r="255" g="255" b="255" a="255"/><cc21 r="255" g="255" b="255" a="255"/><cc22 r="255" g="255" b="255" a="255"/><cc23 r="255" g="255" b="255" a="255"/><cc24 r="255" g="255" b="255" a="255"/><cc25 r="255" g="255" b="255" a="255"/><cc26 r="255" g="255" b="255" a="255"/><cc27 r="20" g="20" b="20" a="255"/><cc28 r="20" g="20" b="20" a="255"/><cc29 r="110" g="110" b="110" a="255"/><cc30 r="255" g="255" b="255" a="255"/><cc31 r="255" g="255" b="255" a="255"/><cc32 r="255" g="255" b="255" a="255"/><cc33 r="255" g="255" b="255" a="255"/><cc34 r="255" g="255" b="255" a="255"/><cc35 r="255" g="255" b="255" a="255"/><cc36 r="20" g="20" b="20" a="255"/><cc37 r="20" g="20" b="20" a="255"/><cc38 r="20" g="20" b="20" a="255"/><cc39 r="255" g="255" b="255" a="255"/><cc40 r="255" g="255" b="255" a="255"/><cc41 r="255" g="255" b="255" a="255"/><cc42 r="255" g="255" b="255" a="255"/><cc43 r="255" g="255" b="255" a="255"/><cc44 r="255" g="255" b="255" a="255"/><cc45 r="255" g="255" b="255" a="255"/><cc46 r="20" g="20" b="20" a="255"/><cc47 r="20" g="20" b="20" a="255"/><cc48 r="110" g="110" b="110" a="255"/><cc49 r="255" g="255" b="255" a="255"/><cc50 r="255" g="255" b="255" a="255"/><cc51 r="255" g="255" b="255" a="255"/><cc52 r="255" g="255" b="255" a="255"/><cc53 r="255" g="255" b="255" a="255"/><cc54 r="255" g="255" b="255" a="255"/><cc55 r="20" g="20" b="20" a="255"/><cc56 r="20" g="20" b="20" a="255"/><cc57 r="20" g="20" b="20" a="255"/><cc58 r="255" g="255" b="255" a="255"/><cc59 r="255" g="255" b="255" a="255"/><cc60 r="255" g="255" b="255" a="255"/><cc61 r="255" g="255" b="255" a="255"/><cc62 r="255" g="255" b="255" a="255"/><cc63 r="255" g="255" b="255" a="255"/><cc64 r="255" g="255" b="255" a="255"/><cc65 r="20" g="20" b="20" a="255"/><cc66 r="20" g="20" b="20" a="255"/><cc67 r="110" g="110" b="110" a="255"/><cc68 r="255" g="255" b="255" a="255"/><cc69 r="255" g="255" b="255" a="255"/><cc70 r="255" g="255" b="255" a="255"/><cc71 r="255" g="255" b="255" a="255"/><cc72 r="20" g="20" b="20" a="255"/><cc73 r="255" g="255" b="255" a="255"/><cc74 r="20" g="20" b="20" a="255"/><cc75 r="20" g="20" b="20" a="255"/><cc76 r="20" g="20" b="20" a="255"/><cc77 r="255" g="255" b="255" a="255"/><cc78 r="255" g="255" b="255" a="255"/><cc79 r="255" g="255" b="255" a="255"/><cc80 r="255" g="255" b="255" a="255"/></o></c><c d="sign_na" t="0"><o r="0,0,-1,-1,0,0,0,1,0" bc="FFFFFFFF" ac="FFFFFFFF" sc="6" custom_name=""><vp x="-1" y="0" z="-1"/><logic_slots><slot value="false"/></logic_slots><cc0 r="20" g="20" b="20" a="255"/><cc1 r="20" g="20" b="20" a="255"/><cc2 r="69" g="69" b="69" a="255"/><cc3 r="255" g="255" b="255" a="255"/><cc4 r="255" g="255" b="255" a="255"/><cc5 r="255" g="255" b="255" a="255"/><cc6 r="255" g="255" b="255" a="255"/><cc7 r="194" g="195" b="199" a="255"/><cc8 r="20" g="20" b="20" a="255"/><cc9 r="20" g="20" b="20" a="255"/><cc10 r="20" g="20" b="20" a="255"/><cc11 r="20" g="20" b="20" a="255"/><cc12 r="69" g="69" b="69" a="255"/><cc13 r="255" g="255" b="255" a="255"/><cc14 r="255" g="255" b="255" a="255"/><cc15 r="255" g="255" b="255" a="255"/><cc16 r="20" g="20" b="20" a="255"/><cc17 r="20" g="20" b="20" a="255"/><cc18 r="20" g="20" b="20" a="255"/><cc19 r="20" g="20" b="20" a="255"/><cc20 r="20" g="20" b="20" a="255"/><cc21 r="69" g="69" b="69" a="255"/><cc22 r="255" g="255" b="255" a="255"/><cc23 r="255" g="255" b="255" a="255"/><cc24 r="255" g="255" b="255" a="255"/><cc25 r="20" g="20" b="20" a="255"/><cc26 r="20" g="20" b="20" a="255"/><cc27 r="255" g="255" b="255" a="255"/><cc28 r="20" g="20" b="20" a="255"/><cc29 r="20" g="20" b="20" a="255"/><cc30 r="20" g="20" b="20" a="255"/><cc31 r="69" g="69" b="69" a="255"/><cc32 r="255" g="255" b="255" a="255"/><cc33 r="255" g="255" b="255" a="255"/><cc34 r="194" g="195" b="199" a="255"/><cc35 r="20" g="20" b="20" a="255"/><cc36 r="255" g="255" b="255" a="255"/><cc37 r="20" g="20" b="20" a="255"/><cc38 r="20" g="20" b="20" a="255"/><cc39 r="20" g="20" b="20" a="255"/><cc40 r="69" g="69" b="69" a="255"/><cc41 r="255" g="255" b="255" a="255"/><cc42 r="255" g="255" b="255" a="255"/><cc43 r="255" g="255" b="255" a="255"/><cc44 r="194" g="195" b="199" a="255"/><cc45 r="255" g="255" b="255" a="255"/><cc46 r="255" g="255" b="255" a="255"/><cc47 r="20" g="20" b="20" a="255"/><cc48 r="20" g="20" b="20" a="255"/><cc49 r="20" g="20" b="20" a="255"/><cc50 r="69" g="69" b="69" a="255"/><cc51 r="255" g="255" b="255" a="255"/><cc52 r="255" g="255" b="255" a="255"/><cc53 r="255" g="255" b="255" a="255"/><cc54 r="20" g="20" b="20" a="255"/><cc55 r="255" g="255" b="255" a="255"/><cc56 r="20" g="20" b="20" a="255"/><cc57 r="20" g="20" b="20" a="255"/><cc58 r="20" g="20" b="20" a="255"/><cc59 r="69" g="69" b="69" a="255"/><cc60 r="255" g="255" b="255" a="255"/><cc61 r="255" g="255" b="255" a="255"/><cc62 r="255" g="255" b="255" a="255"/><cc63 r="20" g="20" b="20" a="255"/><cc64 r="255" g="255" b="255" a="255"/><cc65 r="255" g="255" b="255" a="255"/><cc66 r="20" g="20" b="20" a="255"/><cc67 r="20" g="20" b="20" a="255"/><cc68 r="20" g="20" b="20" a="255"/><cc69 r="69" g="69" b="69" a="255"/><cc70 r="255" g="255" b="255" a="255"/><cc71 r="255" g="255" b="255" a="255"/><cc72 r="20" g="20" b="20" a="255"/><cc73 r="255" g="255" b="255" a="255"/><cc74 r="255" g="255" b="255" a="255"/><cc75 r="20" g="20" b="20" a="255"/><cc76 r="20" g="20" b="20" a="255"/><cc77 r="20" g="20" b="20" a="255"/><cc78 r="69" g="69" b="69" a="255"/><cc79 r="255" g="255" b="255" a="255"/><cc80 r="255" g="255" b="255" a="255"/></o></c><c d="sign_na" t="0"><o r="0,0,-1,-1,0,0,0,1,0" bc="FFFFFFFF" ac="FFFFFFFF" sc="6" custom_name=""><vp x="-1" y="0" z="-2"/><logic_slots><slot value="false"/></logic_slots><cc0 r="20" g="20" b="20" a="255"/><cc1 r="69" g="69" b="69" a="255"/><cc2 r="110" g="110" b="110" a="255"/><cc3 r="194" g="195" b="199" a="255"/><cc4 r="255" g="255" b="255" a="255"/><cc5 r="255" g="255" b="255" a="255"/><cc6 r="255" g="255" b="255" a="255"/><cc7 r="255" g="255" b="255" a="255"/><cc8 r="255" g="255" b="255" a="255"/><cc9 r="255" g="255" b="255" a="255"/><cc10 r="255" g="255" b="255" a="255"/><cc11 r="255" g="255" b="255" a="255"/><cc12 r="255" g="255" b="255" a="255"/><cc13 r="194" g="195" b="199" a="255"/><cc14 r="194" g="195" b="199" a="255"/><cc15 r="255" g="255" b="255" a="255"/><cc16 r="255" g="255" b="255" a="255"/><cc17 r="255" g="255" b="255" a="255"/><cc18 r="255" g="255" b="255" a="255"/><cc19 r="255" g="255" b="255" a="255"/><cc20 r="255" g="255" b="255" a="255"/><cc21 r="255" g="255" b="255" a="255"/><cc22 r="20" g="20" b="20" a="255"/><cc23 r="69" g="69" b="69" a="255"/><cc24 r="255" g="255" b="255" a="255"/><cc25 r="255" g="255" b="255" a="255"/><cc26 r="255" g="255" b="255" a="255"/><cc27 r="20" g="20" b="20" a="255"/><cc28 r="20" g="20" b="20" a="255"/><cc29 r="20" g="20" b="20" a="255"/><cc30 r="20" g="20" b="20" a="255"/><cc31 r="20" g="20" b="20" a="255"/><cc32 r="255" g="255" b="255" a="255"/><cc33 r="255" g="255" b="255" a="255"/><cc34 r="255" g="255" b="255" a="255"/><cc35 r="255" g="255" b="255" a="255"/><cc36 r="110" g="110" b="110" a="255"/><cc37 r="20" g="20" b="20" a="255"/><cc38 r="20" g="20" b="20" a="255"/><cc39 r="69" g="69" b="69" a="255"/><cc40 r="194" g="195" b="199" a="255"/><cc41 r="255" g="255" b="255" a="255"/><cc42 r="255" g="255" b="255" a="255"/><cc43 r="255" g="255" b="255" a="255"/><cc44 r="255" g="255" b="255" a="255"/><cc45 r="255" g="255" b="255" a="255"/><cc46 r="255" g="255" b="255" a="255"/><cc47 r="255" g="255" b="255" a="255"/><cc48 r="255" g="255" b="255" a="255"/><cc49 r="255" g="255" b="255" a="255"/><cc50 r="255" g="255" b="255" a="255"/><cc51 r="255" g="255" b="255" a="255"/><cc52 r="255" g="255" b="255" a="255"/><cc53 r="255" g="255" b="255" a="255"/><cc54 r="255" g="255" b="255" a="255"/><cc55 r="255" g="255" b="255" a="255"/><cc56 r="255" g="255" b="255" a="255"/><cc57 r="255" g="255" b="255" a="255"/><cc58 r="255" g="255" b="255" a="255"/><cc59 r="255" g="255" b="255" a="255"/><cc60 r="255" g="255" b="255" a="255"/><cc61 r="255" g="255" b="255" a="255"/><cc62 r="255" g="255" b="255" a="255"/><cc63 r="255" g="255" b="255" a="255"/><cc64 r="255" g="255" b="255" a="255"/><cc65 r="255" g="255" b="255" a="255"/><cc66 r="255" g="255" b="255" a="255"/><cc67 r="255" g="255" b="255" a="255"/><cc68 r="255" g="255" b="255" a="255"/><cc69 r="255" g="255" b="255" a="255"/><cc70 r="255" g="255" b="255" a="255"/><cc71 r="255" g="255" b="255" a="255"/><cc72 r="255" g="255" b="255" a="255"/><cc73 r="255" g="255" b="255" a="255"/><cc74 r="255" g="255" b="255" a="255"/><cc75 r="255" g="255" b="255" a="255"/><cc76 r="255" g="255" b="255" a="255"/><cc77 r="255" g="255" b="255" a="255"/><cc78 r="255" g="255" b="255" a="255"/><cc79 r="255" g="255" b="255" a="255"/><cc80 r="255" g="255" b="255" a="255"/></o></c><c d="sign_na" t="0"><o r="0,0,-1,-1,0,0,0,1,0" bc="FFFFFFFF" ac="FFFFFFFF" sc="6" custom_name=""><vp x="-1" y="0" z="-3"/><logic_slots><slot value="false"/></logic_slots><cc0 r="194" g="195" b="199" a="255"/><cc1 r="20" g="20" b="20" a="255"/><cc2 r="150" g="150" b="150" a="255"/><cc3 r="255" g="255" b="255" a="255"/><cc4 r="69" g="69" b="69" a="255"/><cc5 r="20" g="20" b="20" a="255"/><cc6 r="194" g="195" b="199" a="255"/><cc7 r="255" g="255" b="255" a="255"/><cc8 r="255" g="255" b="255" a="255"/><cc9 r="255" g="255" b="255" a="255"/><cc10 r="20" g="20" b="20" a="255"/><cc11 r="69" g="69" b="69" a="255"/><cc12 r="194" g="195" b="199" a="255"/><cc13 r="20" g="20" b="20" a="255"/><cc14 r="150" g="150" b="150" a="255"/><cc15 r="255" g="255" b="255" a="255"/><cc16 r="255" g="255" b="255" a="255"/><cc17 r="255" g="255" b="255" a="255"/><cc18 r="255" g="255" b="255" a="255"/><cc19 r="150" g="150" b="150" a="255"/><cc20 r="20" g="20" b="20" a="255"/><cc21 r="69" g="69" b="69" a="255"/><cc22 r="20" g="20" b="20" a="255"/><cc23 r="194" g="195" b="199" a="255"/><cc24 r="255" g="255" b="255" a="255"/><cc25 r="255" g="255" b="255" a="255"/><cc26 r="255" g="255" b="255" a="255"/><cc27 r="255" g="255" b="255" a="255"/><cc28 r="194" g="195" b="199" a="255"/><cc29 r="20" g="20" b="20" a="255"/><cc30 r="20" g="20" b="20" a="255"/><cc31 r="69" g="69" b="69" a="255"/><cc32 r="255" g="255" b="255" a="255"/><cc33 r="255" g="255" b="255" a="255"/><cc34 r="255" g="255" b="255" a="255"/><cc35 r="255" g="255" b="255" a="255"/><cc36 r="255" g="255" b="255" a="255"/><cc37 r="255" g="255" b="255" a="255"/><cc38 r="150" g="150" b="150" a="255"/><cc39 r="150" g="150" b="150" a="255"/><cc40 r="194" g="195" b="199" a="255"/><cc41 r="255" g="255" b="255" a="255"/><cc42 r="255" g="255" b="255" a="255"/><cc43 r="255" g="255" b="255" a="255"/><cc44 r="255" g="255" b="255" a="255"/><cc45 r="255" g="255" b="255" a="255"/><cc46 r="255" g="255" b="255" a="255"/><cc47 r="255" g="255" b="255" a="255"/><cc48 r="255" g="255" b="255" a="255"/><cc49 r="255" g="255" b="255" a="255"/><cc50 r="255" g="255" b="255" a="255"/><cc51 r="255" g="255" b="255" a="255"/><cc52 r="255" g="255" b="255" a="255"/><cc53 r="255" g="255" b="255" a="255"/><cc54 r="255" g="255" b="255" a="255"/><cc55 r="255" g="255" b="255" a="255"/><cc56 r="255" g="255" b="255" a="255"/><cc57 r="255" g="255" b="255" a="255"/><cc58 r="255" g="255" b="255" a="255"/><cc59 r="255" g="255" b="255" a="255"/><cc60 r="255" g="255" b="255" a="255"/><cc61 r="255" g="255" b="255" a="255"/><cc62 r="255" g="255" b="255" a="255"/><cc63 r="255" g="255" b="255" a="255"/><cc64 r="255" g="255" b="255" a="255"/><cc65 r="255" g="255" b="255" a="255"/><cc66 r="255" g="255" b="255" a="255"/><cc67 r="255" g="255" b="255" a="255"/><cc68 r="255" g="255" b="255" a="255"/><cc69 r="255" g="255" b="255" a="255"/><cc70 r="255" g="255" b="255" a="255"/><cc71 r="255" g="255" b="255" a="255"/><cc72 r="255" g="255" b="255" a="255"/><cc73 r="255" g="255" b="255" a="255"/><cc74 r="255" g="255" b="255" a="255"/><cc75 r="255" g="255" b="255" a="255"/><cc76 r="255" g="255" b="255" a="255"/><cc77 r="255" g="255" b="255" a="255"/><cc78 r="255" g="255" b="255" a="255"/><cc79 r="255" g="255" b="255" a="255"/><cc80 r="255" g="255" b="255" a="255"/></o></c><c d="sign_na" t="0"><o r="0,0,-1,-1,0,0,0,1,0" bc="FFFFFFFF" ac="FFFFFFFF" sc="6" custom_name=""><vp x="-1" y="0" z="-4"/><logic_slots><slot value="false"/></logic_slots><cc0 r="255" g="255" b="255" a="255"/><cc1 r="150" g="150" b="150" a="255"/><cc2 r="20" g="20" b="20" a="255"/><cc3 r="194" g="195" b="199" a="255"/><cc4 r="255" g="255" b="255" a="255"/><cc5 r="255" g="255" b="255" a="255"/><cc6 r="150" g="150" b="150" a="255"/><cc7 r="20" g="20" b="20" a="255"/><cc8 r="194" g="195" b="199" a="255"/><cc9 r="255" g="255" b="255" a="255"/><cc10 r="150" g="150" b="150" a="255"/><cc11 r="20" g="20" b="20" a="255"/><cc12 r="255" g="255" b="255" a="255"/><cc13 r="255" g="255" b="255" a="255"/><cc14 r="255" g="255" b="255" a="255"/><cc15 r="194" g="195" b="199" a="255"/><cc16 r="20" g="20" b="20" a="255"/><cc17 r="150" g="150" b="150" a="255"/><cc18 r="255" g="255" b="255" a="255"/><cc19 r="150" g="150" b="150" a="255"/><cc20 r="20" g="20" b="20" a="255"/><cc21 r="194" g="195" b="199" a="255"/><cc22 r="255" g="255" b="255" a="255"/><cc23 r="255" g="255" b="255" a="255"/><cc24 r="150" g="150" b="150" a="255"/><cc25 r="20" g="20" b="20" a="255"/><cc26 r="194" g="195" b="199" a="255"/><cc27 r="255" g="255" b="255" a="255"/><cc28 r="150" g="150" b="150" a="255"/><cc29 r="20" g="20" b="20" a="255"/><cc30 r="20" g="20" b="20" a="255"/><cc31 r="20" g="20" b="20" a="255"/><cc32 r="20" g="20" b="20" a="255"/><cc33 r="20" g="20" b="20" a="255"/><cc34 r="20" g="20" b="20" a="255"/><cc35 r="194" g="195" b="199" a="255"/><cc36 r="255" g="255" b="255" a="255"/><cc37 r="150" g="150" b="150" a="255"/><cc38 r="194" g="195" b="199" a="255"/><cc39 r="194" g="195" b="199" a="255"/><cc40 r="194" g="195" b="199" a="255"/><cc41 r="194" g="195" b="199" a="255"/><cc42 r="194" g="195" b="199" a="255"/><cc43 r="194" g="195" b="199" a="255"/><cc44 r="255" g="255" b="255" a="255"/><cc45 r="255" g="255" b="255" a="255"/><cc46 r="255" g="255" b="255" a="255"/><cc47 r="255" g="255" b="255" a="255"/><cc48 r="255" g="255" b="255" a="255"/><cc49 r="255" g="255" b="255" a="255"/><cc50 r="255" g="255" b="255" a="255"/><cc51 r="255" g="255" b="255" a="255"/><cc52 r="255" g="255" b="255" a="255"/><cc53 r="255" g="255" b="255" a="255"/><cc54 r="255" g="255" b="255" a="255"/><cc55 r="255" g="255" b="255" a="255"/><cc56 r="255" g="255" b="255" a="255"/><cc57 r="255" g="255" b="255" a="255"/><cc58 r="255" g="255" b="255" a="255"/><cc59 r="255" g="255" b="255" a="255"/><cc60 r="255" g="255" b="255" a="255"/><cc61 r="255" g="255" b="255" a="255"/><cc62 r="255" g="255" b="255" a="255"/><cc63 r="255" g="255" b="255" a="255"/><cc64 r="255" g="255" b="255" a="255"/><cc65 r="255" g="255" b="255" a="255"/><cc66 r="255" g="255" b="255" a="255"/><cc67 r="255" g="255" b="255" a="255"/><cc68 r="255" g="255" b="255" a="255"/><cc69 r="255" g="255" b="255" a="255"/><cc70 r="255" g="255" b="255" a="255"/><cc71 r="255" g="255" b="255" a="255"/><cc72 r="255" g="255" b="255" a="255"/><cc73 r="255" g="255" b="255" a="255"/><cc74 r="255" g="255" b="255" a="255"/><cc75 r="255" g="255" b="255" a="255"/><cc76 r="255" g="255" b="255" a="255"/><cc77 r="255" g="255" b="255" a="255"/><cc78 r="255" g="255" b="255" a="255"/><cc79 r="255" g="255" b="255" a="255"/><cc80 r="255" g="255" b="255" a="255"/></o></c><c d="sign_na" t="0"><o r="0,1,0,-1,0,0,0,0,1" bc="FFFFFFFF" ac="FFFFFFFF" sc="6" custom_name=""><vp x="-1" y="-1" z="0"/><logic_slots><slot value="false"/></logic_slots><cc0 r="255" g="255" b="255" a="255"/><cc1 r="255" g="255" b="255" a="255"/><cc2 r="69" g="69" b="69" a="255"/><cc3 r="69" g="69" b="69" a="255"/><cc4 r="20" g="20" b="20" a="255"/><cc5 r="20" g="20" b="20" a="255"/><cc6 r="20" g="20" b="20" a="255"/><cc7 r="20" g="20" b="20" a="255"/><cc8 r="20" g="20" b="20" a="255"/><cc9 r="69" g="69" b="69" a="255"/><cc10 r="69" g="69" b="69" a="255"/><cc11 r="20" g="20" b="20" a="255"/><cc12 r="20" g="20" b="20" a="255"/><cc13 r="20" g="20" b="20" a="255"/><cc14 r="20" g="20" b="20" a="255"/><cc15 r="20" g="20" b="20" a="255"/><cc16 r="20" g="20" b="20" a="255"/><cc17 r="255" g="255" b="255" a="255"/><cc18 r="20" g="20" b="20" a="255"/><cc19 r="20" g="20" b="20" a="255"/><cc20 r="20" g="20" b="20" a="255"/><cc21 r="20" g="20" b="20" a="255"/><cc22 r="20" g="20" b="20" a="255"/><cc23 r="20" g="20" b="20" a="255"/><cc24 r="255" g="255" b="255" a="255"/><cc25 r="255" g="255" b="255" a="255"/><cc26 r="255" g="255" b="255" a="255"/><cc27 r="20" g="20" b="20" a="255"/><cc28 r="20" g="20" b="20" a="255"/><cc29 r="20" g="20" b="20" a="255"/><cc30 r="20" g="20" b="20" a="255"/><cc31 r="255" g="255" b="255" a="255"/><cc32 r="255" g="255" b="255" a="255"/><cc33 r="255" g="255" b="255" a="255"/><cc34 r="20" g="20" b="20" a="255"/><cc35 r="20" g="20" b="20" a="255"/><cc36 r="20" g="20" b="20" a="255"/><cc37 r="20" g="20" b="20" a="255"/><cc38 r="255" g="255" b="255" a="255"/><cc39 r="255" g="255" b="255" a="255"/><cc40 r="255" g="255" b="255" a="255"/><cc41 r="20" g="20" b="20" a="255"/><cc42 r="20" g="20" b="20" a="255"/><cc43 r="20" g="20" b="20" a="255"/><cc44 r="20" g="20" b="20" a="255"/><cc45 r="255" g="255" b="255" a="255"/><cc46 r="255" g="255" b="255" a="255"/><cc47 r="255" g="255" b="255" a="255"/><cc48 r="20" g="20" b="20" a="255"/><cc49 r="20" g="20" b="20" a="255"/><cc50 r="20" g="20" b="20" a="255"/><cc51 r="20" g="20" b="20" a="255"/><cc52 r="20" g="20" b="20" a="255"/><cc53 r="110" g="110" b="110" a="255"/><cc54 r="255" g="255" b="255" a="255"/><cc55 r="20" g="20" b="20" a="255"/><cc56 r="20" g="20" b="20" a="255"/><cc57 r="20" g="20" b="20" a="255"/><cc58 r="20" g="20" b="20" a="255"/><cc59 r="20" g="20" b="20" a="255"/><cc60 r="110" g="110" b="110" a="255"/><cc61 r="255" g="255" b="255" a="255"/><cc62 r="255" g="255" b="255" a="255"/><cc63 r="20" g="20" b="20" a="255"/><cc64 r="20" g="20" b="20" a="255"/><cc65 r="20" g="20" b="20" a="255"/><cc66 r="20" g="20" b="20" a="255"/><cc67 r="110" g="110" b="110" a="255"/><cc68 r="255" g="255" b="255" a="255"/><cc69 r="255" g="255" b="255" a="255"/><cc70 r="255" g="255" b="255" a="255"/><cc71 r="255" g="255" b="255" a="255"/><cc72 r="20" g="20" b="20" a="255"/><cc73 r="20" g="20" b="20" a="255"/><cc74 r="110" g="110" b="110" a="255"/><cc75 r="255" g="255" b="255" a="255"/><cc76 r="255" g="255" b="255" a="255"/><cc77 r="255" g="255" b="255" a="255"/><cc78 r="255" g="255" b="255" a="255"/><cc79 r="255" g="255" b="255" a="255"/><cc80 r="255" g="255" b="255" a="255"/></o></c><c d="sign_na" t="0"><o r="0,1,0,-1,0,0,0,0,1" bc="FFFFFFFF" ac="FFFFFFFF" sc="6" custom_name=""><vp x="-1" y="-1" z="-1"/><logic_slots><slot value="false"/></logic_slots><cc0 r="255" g="255" b="255" a="255"/><cc1 r="255" g="255" b="255" a="255"/><cc2 r="255" g="255" b="255" a="255"/><cc3 r="194" g="195" b="199" a="255"/><cc4 r="20" g="20" b="20" a="255"/><cc5 r="69" g="69" b="69" a="255"/><cc6 r="194" g="195" b="199" a="255"/><cc7 r="255" g="255" b="255" a="255"/><cc8 r="194" g="195" b="199" a="255"/><cc9 r="255" g="255" b="255" a="255"/><cc10 r="255" g="255" b="255" a="255"/><cc11 r="255" g="255" b="255" a="255"/><cc12 r="255" g="255" b="255" a="255"/><cc13 r="110" g="110" b="110" a="255"/><cc14 r="20" g="20" b="20" a="255"/><cc15 r="110" g="110" b="110" a="255"/><cc16 r="255" g="255" b="255" a="255"/><cc17 r="255" g="255" b="255" a="255"/><cc18 r="255" g="255" b="255" a="255"/><cc19 r="255" g="255" b="255" a="255"/><cc20 r="255" g="255" b="255" a="255"/><cc21 r="255" g="255" b="255" a="255"/><cc22 r="255" g="255" b="255" a="255"/><cc23 r="194" g="195" b="199" a="255"/><cc24 r="255" g="255" b="255" a="255"/><cc25 r="255" g="255" b="255" a="255"/><cc26 r="255" g="255" b="255" a="255"/><cc27 r="255" g="255" b="255" a="255"/><cc28 r="255" g="255" b="255" a="255"/><cc29 r="255" g="255" b="255" a="255"/><cc30 r="255" g="255" b="255" a="255"/><cc31 r="255" g="255" b="255" a="255"/><cc32 r="255" g="255" b="255" a="255"/><cc33 r="255" g="255" b="255" a="255"/><cc34 r="255" g="255" b="255" a="255"/><cc35 r="255" g="255" b="255" a="255"/><cc36 r="255" g="255" b="255" a="255"/><cc37 r="255" g="255" b="255" a="255"/><cc38 r="255" g="255" b="255" a="255"/><cc39 r="255" g="255" b="255" a="255"/><cc40 r="255" g="255" b="255" a="255"/><cc41 r="255" g="255" b="255" a="255"/><cc42 r="255" g="255" b="255" a="255"/><cc43 r="255" g="255" b="255" a="255"/><cc44 r="255" g="255" b="255" a="255"/><cc45 r="255" g="255" b="255" a="255"/><cc46 r="255" g="255" b="255" a="255"/><cc47 r="255" g="255" b="255" a="255"/><cc48 r="255" g="255" b="255" a="255"/><cc49 r="255" g="255" b="255" a="255"/><cc50 r="255" g="255" b="255" a="255"/><cc51 r="255" g="255" b="255" a="255"/><cc52 r="255" g="255" b="255" a="255"/><cc53 r="255" g="255" b="255" a="255"/><cc54 r="255" g="255" b="255" a="255"/><cc55 r="255" g="255" b="255" a="255"/><cc56 r="255" g="255" b="255" a="255"/><cc57 r="255" g="255" b="255" a="255"/><cc58 r="255" g="255" b="255" a="255"/><cc59 r="255" g="255" b="255" a="255"/><cc60 r="255" g="255" b="255" a="255"/><cc61 r="255" g="255" b="255" a="255"/><cc62 r="69" g="69" b="69" a="255"/><cc63 r="255" g="255" b="255" a="255"/><cc64 r="255" g="255" b="255" a="255"/><cc65 r="255" g="255" b="255" a="255"/><cc66 r="255" g="255" b="255" a="255"/><cc67 r="255" g="255" b="255" a="255"/><cc68 r="255" g="255" b="255" a="255"/><cc69 r="69" g="69" b="69" a="255"/><cc70 r="69" g="69" b="69" a="255"/><cc71 r="20" g="20" b="20" a="255"/><cc72 r="255" g="255" b="255" a="255"/><cc73 r="255" g="255" b="255" a="255"/><cc74 r="255" g="255" b="255" a="255"/><cc75 r="255" g="255" b="255" a="255"/><cc76 r="69" g="69" b="69" a="255"/><cc77 r="69" g="69" b="69" a="255"/><cc78 r="20" g="20" b="20" a="255"/><cc79 r="20" g="20" b="20" a="255"/><cc80 r="20" g="20" b="20" a="255"/></o></c><c d="sign_na" t="0"><o r="0,1,0,-1,0,0,0,0,1" bc="FFFFFFFF" ac="FFFFFFFF" sc="6" custom_name=""><vp x="-1" y="-1" z="-2"/><logic_slots><slot value="false"/></logic_slots><cc0 r="255" g="255" b="255" a="255"/><cc1 r="255" g="255" b="255" a="255"/><cc2 r="255" g="255" b="255" a="255"/><cc3 r="20" g="20" b="20" a="255"/><cc4 r="20" g="20" b="20" a="255"/><cc5 r="69" g="69" b="69" a="255"/><cc6 r="150" g="150" b="150" a="255"/><cc7 r="194" g="195" b="199" a="255"/><cc8 r="255" g="255" b="255" a="255"/><cc9 r="255" g="255" b="255" a="255"/><cc10 r="255" g="255" b="255" a="255"/><cc11 r="255" g="255" b="255" a="255"/><cc12 r="69" g="69" b="69" a="255"/><cc13 r="150" g="150" b="150" a="255"/><cc14 r="194" g="195" b="199" a="255"/><cc15 r="255" g="255" b="255" a="255"/><cc16 r="255" g="255" b="255" a="255"/><cc17 r="255" g="255" b="255" a="255"/><cc18 r="255" g="255" b="255" a="255"/><cc19 r="255" g="255" b="255" a="255"/><cc20 r="255" g="255" b="255" a="255"/><cc21 r="255" g="255" b="255" a="255"/><cc22 r="255" g="255" b="255" a="255"/><cc23 r="255" g="255" b="255" a="255"/><cc24 r="255" g="255" b="255" a="255"/><cc25 r="255" g="255" b="255" a="255"/><cc26 r="255" g="255" b="255" a="255"/><cc27 r="255" g="255" b="255" a="255"/><cc28 r="255" g="255" b="255" a="255"/><cc29 r="255" g="255" b="255" a="255"/><cc30 r="255" g="255" b="255" a="255"/><cc31 r="194" g="195" b="199" a="255"/><cc32 r="20" g="20" b="20" a="255"/><cc33 r="20" g="20" b="20" a="255"/><cc34 r="69" g="69" b="69" a="255"/><cc35 r="194" g="195" b="199" a="255"/><cc36 r="255" g="255" b="255" a="255"/><cc37 r="255" g="255" b="255" a="255"/><cc38 r="255" g="255" b="255" a="255"/><cc39 r="194" g="195" b="199" a="255"/><cc40 r="20" g="20" b="20" a="255"/><cc41 r="69" g="69" b="69" a="255"/><cc42 r="20" g="20" b="20" a="255"/><cc43 r="20" g="20" b="20" a="255"/><cc44 r="20" g="20" b="20" a="255"/><cc45 r="255" g="255" b="255" a="255"/><cc46 r="255" g="255" b="255" a="255"/><cc47 r="255" g="255" b="255" a="255"/><cc48 r="20" g="20" b="20" a="255"/><cc49 r="20" g="20" b="20" a="255"/><cc50 r="255" g="255" b="255" a="255"/><cc51 r="255" g="255" b="255" a="255"/><cc52 r="20" g="20" b="20" a="255"/><cc53 r="20" g="20" b="20" a="255"/><cc54 r="255" g="255" b="255" a="255"/><cc55 r="255" g="255" b="255" a="255"/><cc56 r="194" g="195" b="199" a="255"/><cc57 r="20" g="20" b="20" a="255"/><cc58 r="69" g="69" b="69" a="255"/><cc59 r="255" g="255" b="255" a="255"/><cc60 r="255" g="255" b="255" a="255"/><cc61 r="255" g="255" b="255" a="255"/><cc62 r="20" g="20" b="20" a="255"/><cc63 r="255" g="255" b="255" a="255"/><cc64 r="255" g="255" b="255" a="255"/><cc65 r="194" g="195" b="199" a="255"/><cc66 r="20" g="20" b="20" a="255"/><cc67 r="69" g="69" b="69" a="255"/><cc68 r="255" g="255" b="255" a="255"/><cc69 r="255" g="255" b="255" a="255"/><cc70 r="255" g="255" b="255" a="255"/><cc71 r="20" g="20" b="20" a="255"/><cc72 r="255" g="255" b="255" a="255"/><cc73 r="255" g="255" b="255" a="255"/><cc74 r="255" g="255" b="255" a="255"/><cc75 r="20" g="20" b="20" a="255"/><cc76 r="20" g="20" b="20" a="255"/><cc77 r="255" g="255" b="255" a="255"/><cc78 r="255" g="255" b="255" a="255"/><cc79 r="255" g="255" b="255" a="255"/><cc80 r="20" g="20" b="20" a="255"/></o></c><c d="sign_na" t="0"><o r="0,1,0,-1,0,0,0,0,1" bc="FFFFFFFF" ac="FFFFFFFF" sc="6" custom_name=""><vp x="-1" y="-1" z="-3"/><logic_slots><slot value="false"/></logic_slots><cc0 r="255" g="255" b="255" a="255"/><cc1 r="255" g="255" b="255" a="255"/><cc2 r="255" g="255" b="255" a="255"/><cc3 r="110" g="110" b="110" a="255"/><cc4 r="194" g="195" b="199" a="255"/><cc5 r="255" g="255" b="255" a="255"/><cc6 r="255" g="255" b="255" a="255"/><cc7 r="255" g="255" b="255" a="255"/><cc8 r="255" g="255" b="255" a="255"/><cc9 r="255" g="255" b="255" a="255"/><cc10 r="255" g="255" b="255" a="255"/><cc11 r="255" g="255" b="255" a="255"/><cc12 r="20" g="20" b="20" a="255"/><cc13 r="20" g="20" b="20" a="255"/><cc14 r="69" g="69" b="69" a="255"/><cc15 r="150" g="150" b="150" a="255"/><cc16 r="194" g="195" b="199" a="255"/><cc17 r="255" g="255" b="255" a="255"/><cc18 r="255" g="255" b="255" a="255"/><cc19 r="255" g="255" b="255" a="255"/><cc20 r="255" g="255" b="255" a="255"/><cc21 r="69" g="69" b="69" a="255"/><cc22 r="20" g="20" b="20" a="255"/><cc23 r="20" g="20" b="20" a="255"/><cc24 r="20" g="20" b="20" a="255"/><cc25 r="69" g="69" b="69" a="255"/><cc26 r="150" g="150" b="150" a="255"/><cc27 r="255" g="255" b="255" a="255"/><cc28 r="255" g="255" b="255" a="255"/><cc29 r="255" g="255" b="255" a="255"/><cc30 r="255" g="255" b="255" a="255"/><cc31 r="255" g="255" b="255" a="255"/><cc32 r="69" g="69" b="69" a="255"/><cc33 r="20" g="20" b="20" a="255"/><cc34 r="20" g="20" b="20" a="255"/><cc35 r="20" g="20" b="20" a="255"/><cc36 r="255" g="255" b="255" a="255"/><cc37 r="255" g="255" b="255" a="255"/><cc38 r="255" g="255" b="255" a="255"/><cc39 r="255" g="255" b="255" a="255"/><cc40 r="255" g="255" b="255" a="255"/><cc41 r="194" g="195" b="199" a="255"/><cc42 r="20" g="20" b="20" a="255"/><cc43 r="194" g="195" b="199" a="255"/><cc44 r="150" g="150" b="150" a="255"/><cc45 r="255" g="255" b="255" a="255"/><cc46 r="255" g="255" b="255" a="255"/><cc47 r="255" g="255" b="255" a="255"/><cc48 r="255" g="255" b="255" a="255"/><cc49 r="255" g="255" b="255" a="255"/><cc50 r="194" g="195" b="199" a="255"/><cc51 r="20" g="20" b="20" a="255"/><cc52 r="255" g="255" b="255" a="255"/><cc53 r="255" g="255" b="255" a="255"/><cc54 r="255" g="255" b="255" a="255"/><cc55 r="255" g="255" b="255" a="255"/><cc56 r="255" g="255" b="255" a="255"/><cc57 r="255" g="255" b="255" a="255"/><cc58 r="255" g="255" b="255" a="255"/><cc59 r="194" g="195" b="199" a="255"/><cc60 r="20" g="20" b="20" a="255"/><cc61 r="194" g="195" b="199" a="255"/><cc62 r="194" g="195" b="199" a="255"/><cc63 r="255" g="255" b="255" a="255"/><cc64 r="255" g="255" b="255" a="255"/><cc65 r="255" g="255" b="255" a="255"/><cc66 r="255" g="255" b="255" a="255"/><cc67 r="255" g="255" b="255" a="255"/><cc68 r="110" g="110" b="110" a="255"/><cc69 r="20" g="20" b="20" a="255"/><cc70 r="69" g="69" b="69" a="255"/><cc71 r="20" g="20" b="20" a="255"/><cc72 r="255" g="255" b="255" a="255"/><cc73 r="255" g="255" b="255" a="255"/><cc74 r="255" g="255" b="255" a="255"/><cc75 r="194" g="195" b="199" a="255"/><cc76 r="69" g="69" b="69" a="255"/><cc77 r="20" g="20" b="20" a="255"/><cc78 r="20" g="20" b="20" a="255"/><cc79 r="20" g="20" b="20" a="255"/><cc80 r="69" g="69" b="69" a="255"/></o></c><c d="sign_na" t="0"><o r="0,1,0,-1,0,0,0,0,1" bc="FFFFFFFF" ac="FFFFFFFF" sc="6" custom_name=""><vp x="-1" y="-1" z="-4"/><logic_slots><slot value="false"/></logic_slots><cc0 r="255" g="255" b="255" a="255"/><cc1 r="255" g="255" b="255" a="255"/><cc2 r="255" g="255" b="255" a="255"/><cc3 r="20" g="20" b="20" a="255"/><cc4 r="150" g="150" b="150" a="255"/><cc5 r="255" g="255" b="255" a="255"/><cc6 r="255" g="255" b="255" a="255"/><cc7 r="255" g="255" b="255" a="255"/><cc8 r="255" g="255" b="255" a="255"/><cc9 r="255" g="255" b="255" a="255"/><cc10 r="255" g="255" b="255" a="255"/><cc11 r="255" g="255" b="255" a="255"/><cc12 r="69" g="69" b="69" a="255"/><cc13 r="20" g="20" b="20" a="255"/><cc14 r="20" g="20" b="20" a="255"/><cc15 r="255" g="255" b="255" a="255"/><cc16 r="255" g="255" b="255" a="255"/><cc17 r="150" g="150" b="150" a="255"/><cc18 r="255" g="255" b="255" a="255"/><cc19 r="255" g="255" b="255" a="255"/><cc20 r="255" g="255" b="255" a="255"/><cc21 r="255" g="255" b="255" a="255"/><cc22 r="110" g="110" b="110" a="255"/><cc23 r="20" g="20" b="20" a="255"/><cc24 r="20" g="20" b="20" a="255"/><cc25 r="150" g="150" b="150" a="255"/><cc26 r="20" g="20" b="20" a="255"/><cc27 r="255" g="255" b="255" a="255"/><cc28 r="255" g="255" b="255" a="255"/><cc29 r="255" g="255" b="255" a="255"/><cc30 r="255" g="255" b="255" a="255"/><cc31 r="255" g="255" b="255" a="255"/><cc32 r="255" g="255" b="255" a="255"/><cc33 r="69" g="69" b="69" a="255"/><cc34 r="20" g="20" b="20" a="255"/><cc35 r="20" g="20" b="20" a="255"/><cc36 r="255" g="255" b="255" a="255"/><cc37 r="255" g="255" b="255" a="255"/><cc38 r="255" g="255" b="255" a="255"/><cc39 r="255" g="255" b="255" a="255"/><cc40 r="255" g="255" b="255" a="255"/><cc41 r="255" g="255" b="255" a="255"/><cc42 r="255" g="255" b="255" a="255"/><cc43 r="69" g="69" b="69" a="255"/><cc44 r="20" g="20" b="20" a="255"/><cc45 r="255" g="255" b="255" a="255"/><cc46 r="255" g="255" b="255" a="255"/><cc47 r="255" g="255" b="255" a="255"/><cc48 r="194" g="195" b="199" a="255"/><cc49 r="194" g="195" b="199" a="255"/><cc50 r="194" g="195" b="199" a="255"/><cc51 r="194" g="195" b="199" a="255"/><cc52 r="194" g="195" b="199" a="255"/><cc53 r="20" g="20" b="20" a="255"/><cc54 r="255" g="255" b="255" a="255"/><cc55 r="255" g="255" b="255" a="255"/><cc56 r="255" g="255" b="255" a="255"/><cc57 r="20" g="20" b="20" a="255"/><cc58 r="20" g="20" b="20" a="255"/><cc59 r="20" g="20" b="20" a="255"/><cc60 r="20" g="20" b="20" a="255"/><cc61 r="20" g="20" b="20" a="255"/><cc62 r="20" g="20" b="20" a="255"/><cc63 r="255" g="255" b="255" a="255"/><cc64 r="255" g="255" b="255" a="255"/><cc65 r="255" g="255" b="255" a="255"/><cc66 r="150" g="150" b="150" a="255"/><cc67 r="150" g="150" b="150" a="255"/><cc68 r="150" g="150" b="150" a="255"/><cc69 r="150" g="150" b="150" a="255"/><cc70 r="150" g="150" b="150" a="255"/><cc71 r="150" g="150" b="150" a="255"/><cc72 r="255" g="255" b="255" a="255"/><cc73 r="255" g="255" b="255" a="255"/><cc74 r="255" g="255" b="255" a="255"/><cc75 r="255" g="255" b="255" a="255"/><cc76 r="255" g="255" b="255" a="255"/><cc77 r="255" g="255" b="255" a="255"/><cc78 r="255" g="255" b="255" a="255"/><cc79 r="255" g="255" b="255" a="255"/><cc80 r="255" g="255" b="255" a="255"/></o></c></components></body></bodies><logic_node_links/></vehicle>