<?xml version="1.0" encoding="UTF-8"?><vehicle data_version="2" is_advanced="true" is_static="false" bodies_id="49"><editor_placement_offset x="0" y="0" z="0"/><authors/><bodies><body unique_id="36"><initial_local_transform 00="1" 01="0" 02="0" 03="0" 10="0" 11="1" 12="0" 13="0" 20="0" 21="0" 22="1" 23="0" 30="0" 31="0" 32="0" 33="1"/><local_transform 00="1" 01="0" 02="0" 03="0" 10="0" 11="1" 12="0" 13="0" 20="0" 21="0" 22="1" 23="0" 30="0" 31="0" 32="0" 33="1"/><components><c d="01_block" t="0"><o r="1,0,0,0,0,1,0,-1,0" bc="FFFFFFFF" ac="FFFFFFFF" sc="6"><vp x="0" y="-4" z="14"/></o></c><c d="08_wedge_4" t="0"><o r="1,0,0,0,1,0,0,0,1" bc="FFFFFFFF" ac="FFFFFFFF" sc="17"><vp x="-3" y="-4" z="8"/></o></c><c d="08_wedge_4" t="7"><o r="1,0,0,0,1,0,0,0,1" bc="FFFFFFFF" ac="FFFFFFFF" sc="17"><vp x="-3" y="-5" z="5"/></o></c><c d="01_block" t="0"><o r="1,0,0,0,0,-1,0,1,0" bc="FFFFFFFF" ac="FFFFFFFF" sc="6"><vp x="-3" y="-5" z="3"/></o></c><c d="01_block" t="0"><o r="1,0,0,0,0,-1,0,1,0" bc="FFFFFFFF" ac="FFFFFFFF" sc="6"><vp x="-3" y="-5" z="2"/></o></c><c d="01_block" t="0"><o r="1,0,0,0,0,-1,0,1,0" bc="FFFFFFFF" ac="FFFFFFFF" sc="6"><vp x="-3" y="-5" z="1"/></o></c><c d="01_block" t="0"><o r="1,0,0,0,0,-1,0,1,0" bc="FFFFFFFF" ac="FFFFFFFF" sc="6"><vp x="-3" y="-5" z="0"/></o></c><c d="01_block" t="0"><o r="1,0,0,0,0,-1,0,1,0" bc="FFFFFFFF" ac="FFFFFFFF" sc="6"><vp x="-3" y="-5" z="-1"/></o></c><c d="01_block" t="1"><o r="1,0,0,0,0,-1,0,1,0" bc="FFFFFFFF" ac="FFFFFFFF" sc="6"><vp x="-3" y="-5" z="4"/></o></c><c d="01_block" t="1"><o r="1,0,0,0,0,-1,0,1,0" bc="FFFFFFFF" ac="FFFFFFFF" sc="6"><vp x="-3" y="-5" z="-2"/></o></c><c d="01_block" t="0"><o r="1,0,0,0,0,-1,0,1,0" bc="FFFFFFFF" ac="FFFFFFFF" sc="6"><vp x="-3" y="-5" z="-3"/></o></c><c d="01_block" t="0"><o r="1,0,0,0,0,-1,0,1,0" bc="FFFFFFFF" ac="FFFFFFFF" sc="6"><vp x="-1" y="-5" z="-4"/></o></c><c d="01_block" t="0"><o r="1,0,0,0,0,-1,0,1,0" bc="FFFFFFFF" ac="FFFFFFFF" sc="6"><vp x="0" y="-5" z="-4"/></o></c><c d="02_wedge" t="0"><o r="0,-1,0,0,0,-1,1,0,0" bc="FFFFFFFF" ac="FFFFFFFF" sc="5"><vp x="-3" y="-5" z="-4"/></o></c><c d="01_block_weight" t="0"><o r="-1,0,0,0,-1,0,0,0,1" bc="FFFFFFFF" ac="FFFFFFFF" sc="6"><vp x="-3" y="-6" z="-3"/></o></c><c d="01_block_weight" t="0"><o r="-1,0,0,0,-1,0,0,0,1" bc="FFFFFFFF" ac="FFFFFFFF" sc="6"><vp x="-3" y="-6" z="-2"/></o></c><c d="01_block_weight" t="0"><o r="-1,0,0,0,-1,0,0,0,1" bc="FFFFFFFF" ac="FFFFFFFF" sc="6"><vp x="-3" y="-6" z="-1"/></o></c><c d="01_block_weight" t="0"><o r="-1,0,0,0,-1,0,0,0,1" bc="FFFFFFFF" ac="FFFFFFFF" sc="6"><vp x="-3" y="-6" z="0"/></o></c><c d="01_block_weight" t="0"><o r="-1,0,0,0,-1,0,0,0,1" bc="FFFFFFFF" ac="FFFFFFFF" sc="6"><vp x="-3" y="-6" z="1"/></o></c><c d="01_block_weight" t="0"><o r="-1,0,0,0,-1,0,0,0,1" bc="FFFFFFFF" ac="FFFFFFFF" sc="6"><vp x="-3" y="-6" z="2"/></o></c><c d="01_block_weight" t="0"><o r="-1,0,0,0,-1,0,0,0,1" bc="FFFFFFFF" ac="FFFFFFFF" sc="6"><vp x="-3" y="-6" z="3"/></o></c><c d="01_block_weight" t="0"><o r="-1,0,0,0,-1,0,0,0,1" bc="FFFFFFFF" ac="FFFFFFFF" sc="6"><vp x="-3" y="-6" z="4"/></o></c><c d="01_block" t="0"><o r="1,0,0,0,0,1,0,-1,0" bc="FFFFFFFF" ac="FFFFFFFF" sc="6"><vp x="-3" y="-3" z="10"/></o></c><c d="01_block" t="0"><o r="1,0,0,0,0,1,0,-1,0" bc="FFFFFFFF" ac="FFFFFFFF" sc="6"><vp x="-3" y="-3" z="11"/></o></c><c d="01_block" t="0"><o r="1,0,0,0,0,1,0,-1,0" bc="FFFFFFFF" ac="FFFFFFFF" sc="6"><vp x="-3" y="-3" z="12"/></o></c><c d="01_block" t="0"><o r="1,0,0,0,0,1,0,-1,0" bc="FFFFFFFF" ac="FFFFFFFF" sc="6"><vp x="-3" y="-3" z="13"/></o></c><c d="01_block" t="0"><o r="1,0,0,0,1,0,0,0,1" bc="FFFFFFFF" ac="FFFFFFFF" sc="6"><vp x="-2" y="-3" z="13"/></o></c><c d="08_wedge_4" t="0"><o r="1,0,0,0,1,0,0,0,1" bc="FFFFFFFF" ac="FFFFFFFF" sc="17"><vp x="2" y="-4" z="8"/></o></c><c d="08_wedge_4" t="7"><o r="1,0,0,0,1,0,0,0,1" bc="FFFFFFFF" ac="FFFFFFFF" sc="17"><vp x="2" y="-5" z="5"/></o></c><c d="01_block" t="0"><o r="1,0,0,0,0,-1,0,1,0" bc="FFFFFFFF" ac="FFFFFFFF" sc="6"><vp x="2" y="-5" z="4"/></o></c><c d="01_block" t="0"><o r="1,0,0,0,0,-1,0,1,0" bc="FFFFFFFF" ac="FFFFFFFF" sc="6"><vp x="2" y="-5" z="3"/></o></c><c d="01_block" t="0"><o r="1,0,0,0,0,-1,0,1,0" bc="FFFFFFFF" ac="FFFFFFFF" sc="6"><vp x="2" y="-5" z="2"/></o></c><c d="01_block" t="0"><o r="1,0,0,0,0,-1,0,1,0" bc="FFFFFFFF" ac="FFFFFFFF" sc="6"><vp x="2" y="-5" z="1"/></o></c><c d="01_block" t="0"><o r="1,0,0,0,0,-1,0,1,0" bc="FFFFFFFF" ac="FFFFFFFF" sc="6"><vp x="2" y="-5" z="0"/></o></c><c d="01_block" t="0"><o r="1,0,0,0,0,-1,0,1,0" bc="FFFFFFFF" ac="FFFFFFFF" sc="6"><vp x="2" y="-5" z="-1"/></o></c><c d="01_block" t="0"><o r="1,0,0,0,0,-1,0,1,0" bc="FFFFFFFF" ac="FFFFFFFF" sc="6"><vp x="2" y="-5" z="-2"/></o></c><c d="01_block" t="1"><o r="1,0,0,0,0,-1,0,1,0" bc="FFFFFFFF" ac="FFFFFFFF" sc="6"><vp x="2" y="-5" z="-3"/></o></c><c d="01_block" t="0"><o r="1,0,0,0,0,-1,0,1,0" bc="FFFFFFFF" ac="FFFFFFFF" sc="6"><vp x="1" y="-5" z="-4"/></o></c><c d="02_wedge" t="4"><o r="0,-1,0,0,0,-1,1,0,0" bc="FFFFFFFF" ac="FFFFFFFF" sc="5"><vp x="2" y="-5" z="-4"/></o></c><c d="01_block_weight" t="1"><o r="-1,0,0,0,-1,0,0,0,1" bc="FFFFFFFF" ac="FFFFFFFF" sc="6"><vp x="2" y="-6" z="-3"/></o></c><c d="01_block_weight" t="1"><o r="-1,0,0,0,-1,0,0,0,1" bc="FFFFFFFF" ac="FFFFFFFF" sc="6"><vp x="2" y="-6" z="-2"/></o></c><c d="01_block_weight" t="1"><o r="-1,0,0,0,-1,0,0,0,1" bc="FFFFFFFF" ac="FFFFFFFF" sc="6"><vp x="2" y="-6" z="-1"/></o></c><c d="01_block_weight" t="1"><o r="-1,0,0,0,-1,0,0,0,1" bc="FFFFFFFF" ac="FFFFFFFF" sc="6"><vp x="2" y="-6" z="0"/></o></c><c d="01_block_weight" t="1"><o r="-1,0,0,0,-1,0,0,0,1" bc="FFFFFFFF" ac="FFFFFFFF" sc="6"><vp x="2" y="-6" z="1"/></o></c><c d="01_block_weight" t="1"><o r="-1,0,0,0,-1,0,0,0,1" bc="FFFFFFFF" ac="FFFFFFFF" sc="6"><vp x="2" y="-6" z="2"/></o></c><c d="01_block_weight" t="1"><o r="-1,0,0,0,-1,0,0,0,1" bc="FFFFFFFF" ac="FFFFFFFF" sc="6"><vp x="2" y="-6" z="3"/></o></c><c d="01_block_weight" t="1"><o r="-1,0,0,0,-1,0,0,0,1" bc="FFFFFFFF" ac="FFFFFFFF" sc="6"><vp x="2" y="-6" z="4"/></o></c><c d="01_block" t="1"><o r="1,0,0,0,1,0,0,0,1" bc="FFFFFFFF" ac="FFFFFFFF" sc="6"><vp x="1" y="-3" z="13"/></o></c><c d="01_block" t="0"><o r="0,0,-1,1,0,0,0,-1,0" bc="FFFFFFFF" ac="FFFFFFFF" sc="6"><vp x="2" y="-3" z="13"/></o></c><c d="01_block" t="0"><o r="0,0,-1,1,0,0,0,-1,0" bc="FFFFFFFF" ac="FFFFFFFF" sc="6"><vp x="2" y="-3" z="12"/></o></c><c d="01_block" t="0"><o r="0,0,-1,1,0,0,0,-1,0" bc="FFFFFFFF" ac="FFFFFFFF" sc="6"><vp x="2" y="-3" z="11"/></o></c><c d="01_block" t="0"><o r="0,0,-1,1,0,0,0,-1,0" bc="FFFFFFFF" ac="FFFFFFFF" sc="6"><vp x="2" y="-3" z="10"/></o></c><c d="01_block" t="0"><o r="1,0,0,0,1,0,0,0,1" bc="FFFFFFFF" ac="FFFFFFFF" sc="6"><vp x="2" y="-3" z="9"/></o></c><c d="seat_racing" t="0"><o r="1,0,0,0,1,0,0,0,1" bc="FFFFFFFF" ac="FFFFFFFF" sc="14" custom_name="" hotkey_0="0" hotkey_0_label="" hotkey_1="0" hotkey_1_label="" hotkey_2="0" hotkey_2_label="" hotkey_3="0" hotkey_3_label="" hotkey_4="0" hotkey_4_label="" hotkey_5="0" hotkey_5_label="" hotkey_6="0" hotkey_6_label="" hotkey_7="0" hotkey_7_label="" hotkey_8="0" hotkey_8_label="" hotkey_9="0" hotkey_9_label="" hotkey_10="0" hotkey_10_label="" hotkey_11="0" hotkey_11_label="" hotkey_12="0" hotkey_12_label="" hotkey_13="0" hotkey_13_label="" hotkey_14="0" hotkey_14_label="" hotkey_15="0" hotkey_15_label="" hotkey_16="0" hotkey_16_label="" hotkey_17="0" hotkey_17_label="" hotkey_18="0" hotkey_18_label="" hotkey_19="0" hotkey_19_label="" hotkey_20="0" hotkey_20_label="" hotkey_21="0" hotkey_21_label="" hotkey_22="0" hotkey_22_label="" hotkey_23="0" hotkey_23_label="" hotkey_24="0" hotkey_24_label="" hotkey_25="0" hotkey_25_label="" hotkey_26="0" hotkey_26_label="" hotkey_27="0" hotkey_27_label="" hotkey_28="0" hotkey_28_label="" hotkey_29="0" hotkey_29_label="" hotkey_30="0" hotkey_30_label="" hotkey_31="0" hotkey_31_label="" hotkey_32="0" hotkey_32_label="" hotkey_33="0" hotkey_33_label="" hotkey_34="0" hotkey_34_label="" hotkey_35="0" hotkey_35_label="" hotkey_36="0" hotkey_36_label="" hotkey_37="0" hotkey_37_label="" hotkey_38="0" hotkey_38_label="" hotkey_39="0" hotkey_39_label="" hotkey_40="0" hotkey_40_label="" hotkey_41="0" hotkey_41_label="" hotkey_42="0" hotkey_42_label="" hotkey_43="0" hotkey_43_label="" hotkey_44="0" hotkey_44_label="" hotkey_45="0" hotkey_45_label="" hotkey_46="0" hotkey_46_label="" hotkey_47="0" hotkey_47_label="" control_mode_0="0" control_mode_0_label="Steering" control_mode_1="1" control_mode_1_label="Throttle" control_mode_2="0" control_mode_2_label="" control_mode_3="1" control_mode_3_label="Cluch" control_mode_4="0" control_mode_4_label="" control_mode_5="0" control_mode_5_label="" control_mode_6="0" control_mode_6_label="" control_mode_7="0" control_mode_7_label=""><vp x="-2" y="-2" z="12"/><logic_slots><slot value="0"/><slot value="0"/><slot value="0"/><slot value="0"/><slot value="0"/><slot value="0"/><slot value="0"/><slot value="0"/><slot value="false"/><slot value="false"/><slot value="false"/><slot value="false"/><slot value="false"/><slot value="false"/><slot value="false"/><slot value="false"/><slot value="false"/><slot value="false"/><slot value="false"/><slot value="false"/><slot value="false"/><slot value="false"/><slot value="false"/><slot value="false"/><slot value="false"/><slot value="false"/><slot value="false"/><slot value="false"/><slot value="false"/><slot value="false"/><slot value="false"/><slot value="false"/><slot value="false"/><slot value="false"/><slot value="false"/><slot value="false"/><slot value="false"/><slot value="false"/><slot value="false"/><slot value="false"/><slot value="false"/><slot value="false"/><slot value="false"/><slot value="false"/><slot value="false"/><slot value="false"/><slot value="false"/><slot value="false"/><slot value="false"/><slot value="false"/><slot value="false"/><slot value="false"/><slot value="false"/><slot value="false"/><slot value="false"/><slot value="false"/><slot value="false"/><slot><value bools="0" 01="0" 02="0" 03="0" 04="0" 05="0" 06="0" 07="0" 08="0" 09="0" 10="0" 11="0" 12="0" 13="0" 14="0" 15="0" 16="0" 17="0" 18="0" 19="0" 20="0" 21="0" 22="0" 23="0" 24="0" 25="0" 26="0" 27="0" 28="0" 29="0" 30="0" 31="0" 32="0"/></slot></logic_slots><trim_x_display text="0" value="0"/><trim_y_display text="0" value="0"/><trim_z_display text="0" value="0"/><trim_w_display text="0" value="0"/><axis_sensitivity x="0.1" y="0.1" z="0.1" w="0.1"/></o></c><c d="seat_passenger" t="0"><o r="1,0,0,0,1,0,0,0,1" bc="FFFFFFFF" ac="FFFFFFFF" sc="6" custom_name="" hotkey_0="0" hotkey_0_label="" hotkey_1="0" hotkey_1_label="" hotkey_2="0" hotkey_2_label="" hotkey_3="0" hotkey_3_label="" hotkey_4="0" hotkey_4_label="" hotkey_5="0" hotkey_5_label="" hotkey_6="0" hotkey_6_label="" hotkey_7="0" hotkey_7_label="" hotkey_8="0" hotkey_8_label="" hotkey_9="0" hotkey_9_label="" hotkey_10="0" hotkey_10_label="" hotkey_11="0" hotkey_11_label="" hotkey_12="0" hotkey_12_label="" hotkey_13="0" hotkey_13_label="" hotkey_14="0" hotkey_14_label="" hotkey_15="0" hotkey_15_label="" hotkey_16="0" hotkey_16_label="" hotkey_17="0" hotkey_17_label="" hotkey_18="0" hotkey_18_label="" hotkey_19="0" hotkey_19_label="" hotkey_20="0" hotkey_20_label="" hotkey_21="0" hotkey_21_label="" hotkey_22="0" hotkey_22_label="" hotkey_23="0" hotkey_23_label="" hotkey_24="0" hotkey_24_label="" hotkey_25="0" hotkey_25_label="" hotkey_26="0" hotkey_26_label="" hotkey_27="0" hotkey_27_label="" hotkey_28="0" hotkey_28_label="" hotkey_29="0" hotkey_29_label="" hotkey_30="0" hotkey_30_label="" hotkey_31="0" hotkey_31_label="" hotkey_32="0" hotkey_32_label="" hotkey_33="0" hotkey_33_label="" hotkey_34="0" hotkey_34_label="" hotkey_35="0" hotkey_35_label="" hotkey_36="0" hotkey_36_label="" hotkey_37="0" hotkey_37_label="" hotkey_38="0" hotkey_38_label="" hotkey_39="0" hotkey_39_label="" hotkey_40="0" hotkey_40_label="" hotkey_41="0" hotkey_41_label="" hotkey_42="0" hotkey_42_label="" hotkey_43="0" hotkey_43_label="" hotkey_44="0" hotkey_44_label="" hotkey_45="0" hotkey_45_label="" hotkey_46="0" hotkey_46_label="" hotkey_47="0" hotkey_47_label="" control_mode_0="0" control_mode_0_label="" control_mode_1="0" control_mode_1_label="" control_mode_2="0" control_mode_2_label="" control_mode_3="0" control_mode_3_label="" control_mode_4="0" control_mode_4_label="" control_mode_5="0" control_mode_5_label="" control_mode_6="0" control_mode_6_label="" control_mode_7="0" control_mode_7_label=""><vp x="1" y="-2" z="12"/><logic_slots><slot value="0"/><slot value="0"/><slot value="0"/><slot value="0"/><slot value="0"/><slot value="0"/><slot value="0"/><slot value="0"/><slot value="false"/><slot value="false"/><slot value="false"/><slot value="false"/><slot value="false"/><slot value="false"/><slot value="false"/><slot value="false"/><slot value="false"/><slot value="false"/><slot value="false"/><slot value="false"/><slot value="false"/><slot value="false"/><slot value="false"/><slot value="false"/><slot value="false"/><slot value="false"/><slot value="false"/><slot value="false"/><slot value="false"/><slot value="false"/><slot value="false"/><slot value="false"/><slot value="false"/><slot value="false"/><slot value="false"/><slot value="false"/><slot value="false"/><slot value="false"/><slot value="false"/><slot value="false"/><slot value="false"/><slot value="false"/><slot value="false"/><slot value="false"/><slot value="false"/><slot value="false"/><slot value="false"/><slot value="false"/><slot value="false"/><slot value="false"/><slot value="false"/><slot value="false"/><slot value="false"/><slot value="false"/><slot value="false"/><slot value="false"/><slot value="false"/><slot><value bools="0" 01="0" 02="0" 03="0" 04="0" 05="0" 06="0" 07="0" 08="0" 09="0" 10="0" 11="0" 12="0" 13="0" 14="0" 15="0" 16="0" 17="0" 18="0" 19="0" 20="0" 21="0" 22="0" 23="0" 24="0" 25="0" 26="0" 27="0" 28="0" 29="0" 30="0" 31="0" 32="0"/></slot></logic_slots><trim_x_display text="0" value="0"/><trim_y_display text="0" value="0"/><trim_z_display text="0" value="0"/><trim_w_display text="0" value="0"/><axis_sensitivity x="0.1" y="0.1" z="0.1" w="0.1"/></o></c><c d="01_block" t="0"><o r="0,0,-1,1,0,0,0,-1,0" bc="FFFFFFFF" ac="FFFFFFFF" sc="6"><vp x="-1" y="-3" z="13"/></o></c><c d="01_block" t="0"><o r="0,0,-1,1,0,0,0,-1,0" bc="FFFFFFFF" ac="FFFFFFFF" sc="6"><vp x="-1" y="-3" z="14"/></o></c><c d="01_block" t="0"><o r="0,0,-1,1,0,0,0,-1,0" bc="FFFFFFFF" ac="FFFFFFFF" sc="6"><vp x="0" y="-3" z="13"/></o></c><c d="01_block" t="0"><o r="0,0,-1,1,0,0,0,-1,0" bc="FFFFFFFF" ac="FFFFFFFF" sc="6"><vp x="0" y="-3" z="14"/></o></c><c d="05_wedge_2" t="5"><o r="0,-1,0,1,0,0,0,0,1" bc="FFFFFFFF" ac="FFFFFFFF" sc="9"><vp x="-3" y="-4" z="14"/></o></c><c d="05_wedge_2" t="2"><o r="0,-1,0,1,0,0,0,0,1" bc="FFFFFFFF" ac="FFFFFFFF" sc="9"><vp x="-4" y="-4" z="15"/></o></c><c d="ski_small" t="1"><o r="-1,0,0,0,-1,0,0,0,1" bc="FFFFFFFF" ac="FFFFFFFF" sc="6" custom_name="" spring_factor="0.25"><vp x="-4" y="-6" z="17"/><logic_slots><slot value="0"/></logic_slots></o></c><c d="01_block_weight" t="0"><o r="0,0,1,-1,0,0,0,-1,0" bc="FFFFFFFF" ac="FFFFFFFF" sc="6"><vp x="-3" y="-6" z="17"/></o></c><c d="01_block_weight" t="0"><o r="0,0,1,-1,0,0,0,-1,0" bc="FFFFFFFF" ac="FFFFFFFF" sc="6"><vp x="-2" y="-6" z="17"/></o></c><c d="01_block_weight" t="0"><o r="0,0,1,-1,0,0,0,-1,0" bc="FFFFFFFF" ac="FFFFFFFF" sc="6"><vp x="-1" y="-6" z="17"/></o></c><c d="01_block_weight" t="0"><o r="0,0,1,-1,0,0,0,-1,0" bc="FFFFFFFF" ac="FFFFFFFF" sc="6"><vp x="0" y="-6" z="17"/></o></c><c d="05_wedge_2" t="7"><o r="0,-1,0,1,0,0,0,0,1" bc="FFFFFFFF" ac="FFFFFFFF" sc="9"><vp x="2" y="-4" z="14"/></o></c><c d="05_wedge_2" t="0"><o r="0,-1,0,1,0,0,0,0,1" bc="FFFFFFFF" ac="FFFFFFFF" sc="9"><vp x="3" y="-4" z="15"/></o></c><c d="ski_small" t="0"><o r="-1,0,0,0,-1,0,0,0,1" bc="FFFFFFFF" ac="FFFFFFFF" sc="6" custom_name="" spring_factor="0.25"><vp x="3" y="-6" z="17"/><logic_slots><slot value="0"/></logic_slots></o></c><c d="01_block_weight" t="0"><o r="0,0,1,-1,0,0,0,-1,0" bc="FFFFFFFF" ac="FFFFFFFF" sc="6"><vp x="1" y="-6" z="17"/></o></c><c d="01_block_weight" t="0"><o r="0,0,1,-1,0,0,0,-1,0" bc="FFFFFFFF" ac="FFFFFFFF" sc="6"><vp x="2" y="-6" z="17"/></o></c><c d="05_wedge_2" t="0"><o r="1,0,0,0,0,1,0,-1,0" bc="FFFFFFFF" ac="FFFFFFFF" sc="9"><vp x="3" y="-5" z="17"/></o></c><c d="01_block" t="0"><o r="1,0,0,0,0,1,0,-1,0" bc="FFFFFFFF" ac="FFFFFFFF" sc="6"><vp x="3" y="-4" z="16"/></o></c><c d="02_wedge" t="0"><o r="1,0,0,0,0,-1,0,1,0" bc="FFFFFFFF" ac="FFFFFFFF" sc="5"><vp x="3" y="-5" z="16"/></o></c><c d="02_wedge" t="0"><o r="-1,0,0,0,-1,0,0,0,1" bc="FFFFFFFF" ac="FFFFFFFF" sc="5"><vp x="-4" y="-5" z="16"/></o></c><c d="05_wedge_2" t="0"><o r="1,0,0,0,0,1,0,-1,0" bc="FFFFFFFF" ac="FFFFFFFF" sc="9"><vp x="-4" y="-5" z="17"/></o></c><c d="01_block" t="0"><o r="1,0,0,0,0,1,0,-1,0" bc="FFFFFFFF" ac="FFFFFFFF" sc="6"><vp x="-4" y="-4" z="16"/></o></c><c d="engine" t="0"><o r="1,0,0,0,0,-1,0,1,0" bc="FFFFFFFF" ac="FFFFFFFF" sc="15" custom_name="" max_force_scale="1" rps_limit="20"><vp x="-1" y="-4" z="17"/><logic_slots><slot value="0"/><slot value="false"/><slot value="0"/><slot value="0"/></logic_slots></o></c><c d="water_inlet" t="0"><o r="1,0,0,0,1,0,0,0,1" bc="FFFFFFFF" ac="FFFFFFFF" sc="5" custom_name="" fluid_type="1" fluid_filter="4294967295"><vp x="-1" y="-2" z="15"/><logic_slots><slot value="0"/><slot value="0"/><slot value="false"/><slot value="0"/><slot value="0"/><slot value="0"/></logic_slots></o></c><c d="fluid_tank_small" t="0"><o r="-1,0,0,0,-1,0,0,0,1" bc="FFFFFFFF" ac="FFFFFFFF" sc="10" custom_name="" fluid_type="1" fluid_filter="4294967295"><vp x="-2" y="-2" z="16"/><logic_slots><slot value="0"/><slot value="0"/><slot value="false"/><slot value="0"/><slot value="0"/><slot value="0"/></logic_slots></o></c><c d="fluid_radiator" t="0"><o r="0,0,1,0,1,0,-1,0,0" bc="FFFFFFFF" ac="FFFFFFFF" sc="23" custom_name="" fluid_type="1" fluid_filter="4294967295"><vp x="1" y="-3" z="16"/><logic_slots><slot value="0"/><slot value="0"/><slot value="false"/><slot value="0"/><slot value="0"/><slot value="0"/></logic_slots></o></c><c d="trans_angle" t="0"><o r="0,-1,0,1,0,0,0,0,1" bc="FFFFFFFF" ac="FFFFFFFF" sc="2" custom_name=""><vp x="0" y="-2" z="15"/></o></c><c d="water_inlet" t="0"><o r="1,0,0,0,1,0,0,0,1" bc="FFFFFFFF" ac="FFFFFFFF" sc="5" custom_name="" fluid_type="1" fluid_filter="4294967295"><vp x="0" y="-2" z="16"/><logic_slots><slot value="0"/><slot value="0"/><slot value="false"/><slot value="0"/><slot value="0"/><slot value="0"/></logic_slots></o></c><c d="trans_straight" t="0"><o r="0,1,0,-1,0,0,0,0,1" bc="FFFFFFFF" ac="FFFFFFFF" sc="2" custom_name=""><vp x="0" y="-1" z="15"/></o></c><c d="trans_angle" t="0"><o r="0,1,0,1,0,0,0,0,-1" bc="FFFFFFFF" ac="FFFFFFFF" sc="2" custom_name=""><vp x="0" y="-2" z="17"/></o></c><c d="trans_angle" t="0"><o r="0,1,0,-1,0,0,0,0,1" bc="FFFFFFFF" ac="FFFFFFFF" sc="2" custom_name=""><vp x="0" y="0" z="15"/></o></c><c d="trans_straight" t="0"><o r="-1,0,0,0,-1,0,0,0,1" bc="FFFFFFFF" ac="FFFFFFFF" sc="2" custom_name=""><vp x="-1" y="0" z="15"/></o></c><c d="trans_angle" t="0"><o r="-1,0,0,0,-1,0,0,0,1" bc="FFFFFFFF" ac="FFFFFFFF" sc="2" custom_name=""><vp x="-2" y="0" z="15"/></o></c><c d="trans_angle" t="0"><o r="0,-1,0,0,0,1,-1,0,0" bc="FFFFFFFF" ac="FFFFFFFF" sc="2" custom_name=""><vp x="-2" y="-1" z="15"/></o></c><c d="trans_straight" t="0"><o r="0,0,-1,1,0,0,0,-1,0" bc="FFFFFFFF" ac="FFFFFFFF" sc="2" custom_name=""><vp x="-2" y="-1" z="16"/></o></c><c d="trans_angle" t="0"><o r="0,0,1,0,-1,0,1,0,0" bc="FFFFFFFF" ac="FFFFFFFF" sc="2" custom_name=""><vp x="-2" y="-1" z="17"/></o></c><c d="trans_straight" t="0"><o r="0,-1,0,-1,0,0,0,0,-1" bc="FFFFFFFF" ac="FFFFFFFF" sc="2" custom_name=""><vp x="-2" y="-2" z="17"/></o></c><c d="trans_block_angle" t="0"><o r="-1,0,0,0,0,1,0,1,0" bc="FFFFFFFF" ac="FFFFFFFF" sc="6" custom_name=""><vp x="-3" y="-4" z="9"/></o></c><c d="trans_block_straight" t="0"><o r="0,0,1,0,-1,0,1,0,0" bc="FFFFFFFF" ac="FFFFFFFF" sc="6" custom_name=""><vp x="-3" y="-4" z="10"/></o></c><c d="trans_block_straight" t="0"><o r="0,0,-1,0,-1,0,-1,0,0" bc="FFFFFFFF" ac="FFFFFFFF" sc="6" custom_name=""><vp x="-1" y="-4" z="14"/></o></c><c d="trans_block_angle" t="0"><o r="-1,0,0,0,0,-1,0,-1,0" bc="FFFFFFFF" ac="FFFFFFFF" sc="6" custom_name=""><vp x="-3" y="-4" z="13"/></o></c><c d="trans_block_straight" t="0"><o r="1,0,0,0,1,0,0,0,1" bc="FFFFFFFF" ac="FFFFFFFF" sc="6" custom_name=""><vp x="-2" y="-4" z="13"/></o></c><c d="battery_medium" t="0"><o r="0,-1,0,0,0,1,-1,0,0" bc="FFFFFFFF" ac="FFFFFFFF" sc="6" custom_name="" default_state="false"><vp x="0" y="-5" z="18"/><logic_slots><slot value="0"/><slot value="false"/><slot value="0"/></logic_slots></o></c><c d="trans_block_t" t="0"><o r="0,0,-1,1,0,0,0,-1,0" bc="FFFFFFFF" ac="FFFFFFFF" sc="6" custom_name=""><vp x="-1" y="-4" z="13"/></o></c><c d="torque_clutch" t="0"><o r="0,0,-1,1,0,0,0,-1,0" bc="FFFFFFFF" ac="FFFFFFFF" sc="10" custom_name="" gear_ratio_1="1" gear_ratio_2="1"><vp x="0" y="-4" z="13"/><logic_slots><slot value="0"/><slot value="false"/><slot value="0"/><slot value="0"/></logic_slots></o></c><c d="generator_small" t="0"><o r="0,0,-1,1,0,0,0,-1,0" bc="FFFFFFFF" ac="FFFFFFFF" sc="6" custom_name="" default_state="false"><vp x="2" y="-4" z="13"/><logic_slots><slot value="0"/><slot value="false"/><slot value="0"/></logic_slots></o></c><c d="microprocessor" t="0"><o r="0,1,0,1,0,0,0,0,-1" bc="FFFFFFFF" ac="FFFFFFFF" sc="10" custom_name=""><microprocessor_definition name="Generator Controller" description="No description set." hide_in_inventory="false" width="2" length="1" id_counter="32" id_counter_node="2" transform_index="0" sym0="0" sym1="2032" sym2="1040" sym3="1040" sym4="1040" sym5="1040" sym6="9232" sym7="5136" sym8="64528" sym9="5136" sym10="9232" sym11="2032" sym12="448" sym13="0" sym14="0" sym15="0"><nodes><n id="1" component_id="3" built_slot_index="0"><node label="Battery" mode="1" type="1" description="The input signal to be processed." flags="0"><position x="0" y="0" z="0"/></node></n><n id="2" component_id="5" built_slot_index="0"><node label="RPS" mode="0" type="1" description="The input signal to be processed." flags="0"><position x="1" y="0" z="0"/></node></n></nodes><group id="0"><pos x="0" y="0"/><data type="0" name="" desc=""><inputs/><outputs/></data><components><c type="34"><object id="27" n="P"><pos x="-2.25" y="1.75"/><out1/><v text="20" value="20"/></object></c><c type="34"><object id="28" n="I"><pos x="-2.25" y="1.25"/><out1/><v text="0.005" value="0.005"/></object></c><c type="34"><object id="29" n="D"><pos x="-2.25" y="0.75"/><out1/><v text="10" value="10"/></object></c><c type="34"><object id="30" n="Charge To"><pos x="-2.25" y="2.75"/><out1/><v text="0.98" value="0.98"/></object></c><c type="39"><object id="31"><pos x="-0.75" y="1.5"/><in1 component_id="30" node_index="0"/><in2 component_id="3" node_index="0"/><in3 component_id="27" node_index="0"/><in4 component_id="28" node_index="0"/><in5 component_id="29" node_index="0"/><in6 component_id="32" node_index="0"/><out1/></object></c><c type="16"><object id="32"><pos x="-2.25" y="0.25"/><out1/></object></c></components><components_bridge><c type="2"><object id="3"><pos x="-2.25" y="2.25"/><in1 component_id="0" node_index="0"/><out1/></object></c><c type="3"><object id="5"><pos x="0.75" y="2.75"/><in1 component_id="31" node_index="0"/><out1/></object></c></components_bridge><groups/></group></microprocessor_definition><vp x="3" y="-4" z="13"/><logic_slots><slot value="0"/><slot value="0"/></logic_slots></o></c><c d="wheel_tank_drive_5" t="1"><o r="0,0,-1,1,0,0,0,-1,0" bc="FFFFFFFF" ac="FFFFFFFF" sc="1" custom_name="" grip_factor="1" stiffness_factor="0.4" damping_factor="0.11" tire_type="1" wheel_size="1" tyre_pressure="0.5"><vp x="-2" y="-4" z="9"/><logic_slots><slot value="false"/><slot value="0"/><slot value="0"/></logic_slots></o></c><c d="wheel_tank_5" t="1"><o r="0,0,-1,1,0,0,0,-1,0" bc="FFFFFFFF" ac="FFFFFFFF" sc="1" custom_name="" grip_factor="1" stiffness_factor="0.4" damping_factor="0.11" tire_type="1" wheel_size="1" tyre_pressure="0.5"><vp x="-2" y="-5" z="-1"/><logic_slots><slot value="false"/><slot value="0"/><slot value="0"/></logic_slots></o></c><c d="wheel_tank_5" t="1"><o r="0,0,-1,1,0,0,0,-1,0" bc="FFFFFFFF" ac="FFFFFFFF" sc="1" custom_name="" grip_factor="1" stiffness_factor="0.4" damping_factor="0.11" tire_type="1" wheel_size="1" tyre_pressure="0.5"><vp x="-2" y="-5" z="4"/><logic_slots><slot value="false"/><slot value="0"/><slot value="0"/></logic_slots></o></c><c d="torque_clutch" t="0"><o r="1,0,0,0,0,1,0,-1,0" bc="FFFFFFFF" ac="FFFFFFFF" sc="10" custom_name="" gear_ratio_1="1" gear_ratio_2="1"><vp x="-3" y="-4" z="11"/><logic_slots><slot value="0"/><slot value="false"/><slot value="0"/><slot value="0"/></logic_slots></o></c></components></body></bodies><logic_node_links><logic_node_link type="1"><voxel_pos_0 x="-3" y="-1" z="12"/><voxel_pos_1 x="-4" y="-6" z="17"/></logic_node_link><logic_node_link type="1"><voxel_pos_0 x="-3" y="-1" z="12"/><voxel_pos_1 x="3" y="-6" z="17"/></logic_node_link><logic_node_link type="4"><voxel_pos_0 x="-1" y="-4" z="17"/><voxel_pos_1 x="-1" y="-5" z="19"/></logic_node_link><logic_node_link type="4"><voxel_pos_0 x="-1" y="-5" z="19"/><voxel_pos_1 x="3" y="-7" z="17"/></logic_node_link><logic_node_link type="4"><voxel_pos_0 x="-1" y="-5" z="19"/><voxel_pos_1 x="-4" y="-7" z="17"/></logic_node_link><logic_node_link type="1"><voxel_pos_0 x="-1" y="-1" z="12"/><voxel_pos_1 x="-1" y="-4" z="16"/></logic_node_link><logic_node_link type="4"><voxel_pos_0 x="-1" y="-4" z="17"/><voxel_pos_1 x="0" y="-4" z="13"/></logic_node_link><logic_node_link type="4"><voxel_pos_0 x="0" y="-4" z="13"/><voxel_pos_1 x="2" y="-4" z="13"/></logic_node_link><logic_node_link type="1"><voxel_pos_0 x="-1" y="-4" z="19"/><voxel_pos_1 x="3" y="-4" z="13"/></logic_node_link><logic_node_link type="1"><voxel_pos_0 x="3" y="-3" z="13"/><voxel_pos_1 x="0" y="-4" z="13"/></logic_node_link><logic_node_link type="4"><voxel_pos_0 x="0" y="-4" z="13"/><voxel_pos_1 x="-3" y="-4" z="11"/></logic_node_link><logic_node_link type="1"><voxel_pos_0 x="-1" y="-2" z="12"/><voxel_pos_1 x="-3" y="-4" z="11"/></logic_node_link><logic_node_link type="0"><voxel_pos_0 x="-3" y="0" z="11"/><voxel_pos_1 x="-1" y="-4" z="17"/></logic_node_link><logic_node_link type="0"><voxel_pos_0 x="-3" y="-1" z="11"/><voxel_pos_1 x="-2" y="-4" z="9"/></logic_node_link><logic_node_link type="0"><voxel_pos_0 x="-3" y="-1" z="11"/><voxel_pos_1 x="-2" y="-5" z="4"/></logic_node_link><logic_node_link type="0"><voxel_pos_0 x="-3" y="-1" z="11"/><voxel_pos_1 x="-2" y="-5" z="-1"/></logic_node_link></logic_node_links></vehicle>