<?xml version="1.0" encoding="UTF-8"?><vehicle data_version="2" is_advanced="true" is_static="false" bodies_id="4"><editor_placement_offset x="0" y="-3.5" z="13.5"/><authors/><bodies><body unique_id="0"><initial_local_transform 00="1" 01="0" 02="0" 03="0" 10="0" 11="1" 12="0" 13="0" 20="0" 21="0" 22="1" 23="0" 30="0" 31="0" 32="0" 33="1"/><local_transform 00="1" 01="0" 02="0" 03="0" 10="0" 11="1" 12="0" 13="0" 20="0" 21="0" 22="1" 23="0" 30="0" 31="0" 32="0" 33="1"/><components><c d="01_block" t="0"><o r="1,0,0,0,0,1,0,-1,0" bc="FFFFFFFF" ac="FFFFFFFF" sc="6,969696FF,454545FF,FFFFFFFF,FFFFFFFF,FFFFFFFF,FFFFFFFF"><vp x="0" y="0" z="4"/></o></c><c d="seat" t="0"><o r="1,0,0,0,1,0,0,0,1" bc="454545FF" ac="FFFFFFFF" sc="39,969696FF,969696FF,969696FF,969696FF,FFFFFFFF,FFFFFFFF,FFFFFFFF,FFFFFFFF,FFFFFFFF,FFFFFFFF,FFFFFFFF,FFFFFFFF,FFFFFFFF,FFFFFFFF,969696FF,969696FF,969696FF,969696FF,969696FF,969696FF,969696FF,969696FF,969696FF,969696FF,969696FF,969696FF,969696FF,969696FF,29ADFFFF,29ADFFFF,29ADFFFF,FFFFFFFF,FFFFFFFF,FFFFFFFF,FFFFFFFF,FFFFFFFF,FFFFFFFF,FFFFFFFF,FFFFFFFF" custom_name="" hotkey_0="1" hotkey_0_label="Engine Starter" hotkey_1="0" hotkey_1_label="Auto Hover" hotkey_2="1" hotkey_2_label="" hotkey_3="0" hotkey_3_label="" hotkey_4="0" hotkey_4_label="" hotkey_5="0" hotkey_5_label="" hotkey_6="0" hotkey_6_label="" hotkey_7="0" hotkey_7_label="" hotkey_8="0" hotkey_8_label="" hotkey_9="0" hotkey_9_label="" hotkey_10="0" hotkey_10_label="" hotkey_11="0" hotkey_11_label="" hotkey_12="0" hotkey_12_label="" hotkey_13="0" hotkey_13_label="" hotkey_14="0" hotkey_14_label="" hotkey_15="0" hotkey_15_label="" hotkey_16="0" hotkey_16_label="" hotkey_17="0" hotkey_17_label="" hotkey_18="0" hotkey_18_label="" hotkey_19="0" hotkey_19_label="" hotkey_20="0" hotkey_20_label="" hotkey_21="0" hotkey_21_label="" hotkey_22="0" hotkey_22_label="" hotkey_23="0" hotkey_23_label="" hotkey_24="0" hotkey_24_label="" hotkey_25="0" hotkey_25_label="" hotkey_26="0" hotkey_26_label="" hotkey_27="0" hotkey_27_label="" hotkey_28="0" hotkey_28_label="" hotkey_29="0" hotkey_29_label="" hotkey_30="0" hotkey_30_label="" hotkey_31="0" hotkey_31_label="" hotkey_32="0" hotkey_32_label="" hotkey_33="0" hotkey_33_label="" hotkey_34="0" hotkey_34_label="" hotkey_35="0" hotkey_35_label="" hotkey_36="0" hotkey_36_label="" hotkey_37="0" hotkey_37_label="" hotkey_38="0" hotkey_38_label="" hotkey_39="0" hotkey_39_label="" hotkey_40="0" hotkey_40_label="" hotkey_41="0" hotkey_41_label="" hotkey_42="0" hotkey_42_label="" hotkey_43="0" hotkey_43_label="" hotkey_44="0" hotkey_44_label="" hotkey_45="0" hotkey_45_label="" hotkey_46="0" hotkey_46_label="" hotkey_47="0" hotkey_47_label="" control_mode_0="0" control_mode_0_label="Roll" control_mode_1="0" control_mode_1_label="Pitch" control_mode_2="0" control_mode_2_label="Yaw" control_mode_3="0" control_mode_3_label="Lift" control_mode_4="0" control_mode_4_label="" control_mode_5="0" control_mode_5_label="" control_mode_6="0" control_mode_6_label="" control_mode_7="0" control_mode_7_label=""><vp x="-2" y="1" z="2"/><logic_slots><slot value="0"/><slot value="0"/><slot value="0"/><slot value="0"/><slot value="0"/><slot value="0"/><slot value="0"/><slot value="0"/><slot value="false"/><slot value="false"/><slot value="false"/><slot value="false"/><slot value="false"/><slot value="false"/><slot value="false"/><slot value="false"/><slot value="false"/><slot value="false"/><slot value="false"/><slot value="false"/><slot value="false"/><slot value="false"/><slot value="false"/><slot value="false"/><slot value="false"/><slot value="false"/><slot value="false"/><slot value="false"/><slot value="false"/><slot value="false"/><slot value="false"/><slot value="false"/><slot value="false"/><slot value="false"/><slot value="false"/><slot value="false"/><slot value="false"/><slot value="false"/><slot value="false"/><slot value="false"/><slot value="false"/><slot value="false"/><slot value="false"/><slot value="false"/><slot value="false"/><slot value="false"/><slot value="false"/><slot value="false"/><slot value="false"/><slot value="false"/><slot value="false"/><slot value="false"/><slot value="false"/><slot value="false"/><slot value="false"/><slot value="false"/><slot value="false"/><slot><value bools="0" 01="0" 02="0" 03="0" 04="0" 05="0" 06="0" 07="0" 08="0" 09="0" 10="0" 11="0" 12="0" 13="0" 14="0" 15="0" 16="0" 17="0" 18="0" 19="0" 20="0" 21="0" 22="0" 23="0" 24="0" 25="0" 26="0" 27="0" 28="0" 29="0" 30="0" 31="0" 32="0"/></slot></logic_slots><trim_x_display text="-0.005" value="-0.005"/><trim_y_display text="-0.00499919" value="-0.004999"/><trim_z_display text="0" value="0"/><trim_w_display text="8.12113e-07" value="0.000001"/><axis_sensitivity x="0.1" y="0.1" z="0.1" w="0.1"/></o></c><c d="01_block" t="0"><o r="0,0,1,-1,0,0,0,-1,0" bc="FFFFFFFF" ac="FFFFFFFF" sc="6,969696FF,454545FF,FFFFFFFF,FFFFFFFF,FFFFFFFF,FFFFFFFF"><vp x="-2" y="0" z="0"/></o></c><c d="01_block" t="2"><o r="0,0,1,-1,0,0,0,-1,0" bc="FFFFFFFF" ac="FFFFFFFF" sc="6,969696FF,454545FF,FFFFFFFF,FFFFFFFF,FFFFFFFF,FFFFFFFF"><vp x="2" y="0" z="0"/></o></c><c d="01_block" t="0"><o r="1,0,0,0,1,0,0,0,1" bc="FFFFFFFF" ac="FFFFFFFF" sc="6,29ADFFFF,29ADFFFF,29ADFFFF,FFFFFFFF,969696FF,29ADFFFF"><vp x="-3" y="1" z="0"/></o></c><c d="01_block" t="1"><o r="1,0,0,0,1,0,0,0,1" bc="FFFFFFFF" ac="FFFFFFFF" sc="6,29ADFFFF,29ADFFFF,FFFFFFFF,969696FF,969696FF,29ADFFFF"><vp x="3" y="1" z="0"/></o></c><c d="01_block" t="0"><o r="1,0,0,0,1,0,0,0,1" bc="FFFFFFFF" ac="FFFFFFFF" sc="6,29ADFFFF,29ADFFFF,FFFFFFFF,FFFFFFFF,969696FF,29ADFFFF"><vp x="-3" y="2" z="0"/></o></c><c d="01_block" t="1"><o r="1,0,0,0,1,0,0,0,1" bc="FFFFFFFF" ac="FFFFFFFF" sc="6,29ADFFFF,29ADFFFF,FFFFFFFF,FFFFFFFF,969696FF,29ADFFFF"><vp x="3" y="2" z="0"/></o></c><c d="01_block" t="0"><o r="1,0,0,0,1,0,0,0,1" bc="FFFFFFFF" ac="FFFFFFFF" sc="6,29ADFFFF,29ADFFFF,FFFFFFFF,FFFFFFFF,969696FF,29ADFFFF"><vp x="-3" y="3" z="0"/></o></c><c d="01_block" t="1"><o r="1,0,0,0,1,0,0,0,1" bc="FFFFFFFF" ac="FFFFFFFF" sc="6,29ADFFFF,29ADFFFF,FFFFFFFF,FFFFFFFF,969696FF,29ADFFFF"><vp x="3" y="3" z="0"/></o></c><c d="01_block" t="0"><o r="1,0,0,0,1,0,0,0,1" bc="FFFFFFFF" ac="FFFFFFFF" sc="6,29ADFFFF,29ADFFFF,FFFFFFFF,FFFFFFFF,969696FF,29ADFFFF"><vp x="-3" y="4" z="0"/></o></c><c d="01_block" t="1"><o r="1,0,0,0,1,0,0,0,1" bc="FFFFFFFF" ac="FFFFFFFF" sc="6,29ADFFFF,29ADFFFF,FFFFFFFF,FFFFFFFF,969696FF,29ADFFFF"><vp x="3" y="4" z="0"/></o></c><c d="02_wedge" t="0"><o r="0,0,-1,0,1,0,1,0,0" bc="969696FF" ac="FFFFFFFF" sc="5,29ADFFFF,29ADFFFF,FFFFFFFF,FFFFFFFF,969696FF"><vp x="-3" y="6" z="0"/></o></c><c d="02_wedge" t="4"><o r="0,0,-1,0,1,0,1,0,0" bc="969696FF" ac="FFFFFFFF" sc="5,29ADFFFF,29ADFFFF,FFFFFFFF,FFFFFFFF,969696FF"><vp x="3" y="6" z="0"/></o></c><c d="01_block" t="0"><o r="0,0,1,-1,0,0,0,-1,0" bc="FFFFFFFF" ac="FFFFFFFF" sc="6,29ADFFFF,969696FF,FFFFFFFF,29ADFFFF,29ADFFFF,29ADFFFF"><vp x="2" y="6" z="0"/></o></c><c d="01_block" t="2"><o r="0,0,1,-1,0,0,0,-1,0" bc="FFFFFFFF" ac="FFFFFFFF" sc="6,29ADFFFF,969696FF,FFFFFFFF,29ADFFFF,29ADFFFF,29ADFFFF"><vp x="-2" y="6" z="0"/></o></c><c d="01_block" t="0"><o r="0,0,1,-1,0,0,0,-1,0" bc="FFFFFFFF" ac="FFFFFFFF" sc="6,29ADFFFF,454545FF,FFFFFFFF,FFFFFFFF,29ADFFFF,29ADFFFF"><vp x="1" y="6" z="0"/></o></c><c d="01_block" t="2"><o r="0,0,1,-1,0,0,0,-1,0" bc="FFFFFFFF" ac="FFFFFFFF" sc="6,29ADFFFF,454545FF,FFFFFFFF,FFFFFFFF,29ADFFFF,29ADFFFF"><vp x="-1" y="6" z="0"/></o></c><c d="02_wedge" t="0"><o r="0,0,-1,-1,0,0,0,1,0" bc="29ADFFFF" ac="969696FF" sc="5,969696FF,969696FF,969696FF,969696FF,29ADFFFF"><vp x="-1" y="6" z="-2"/></o></c><c d="02_wedge" t="2"><o r="0,0,-1,-1,0,0,0,1,0" bc="29ADFFFF" ac="969696FF" sc="5,969696FF,969696FF,969696FF,969696FF,29ADFFFF"><vp x="1" y="6" z="-2"/></o></c><c d="02_wedge" t="0"><o r="0,0,-1,-1,0,0,0,1,0" bc="29ADFFFF" ac="969696FF" sc="5,969696FF,969696FF,969696FF,969696FF,29ADFFFF"><vp x="-1" y="6" z="-3"/></o></c><c d="02_wedge" t="2"><o r="0,0,-1,-1,0,0,0,1,0" bc="29ADFFFF" ac="969696FF" sc="5,969696FF,969696FF,969696FF,969696FF,29ADFFFF"><vp x="1" y="6" z="-3"/></o></c><c d="01_block" t="0"><o r="0,0,1,-1,0,0,0,-1,0" bc="969696FF" ac="969696FF" sc="6,969696FF,454545FF,969696FF,454545FF,969696FF,969696FF"><vp x="-3" y="3" z="-4"/></o></c><c d="01_block" t="0"><o r="0,0,1,-1,0,0,0,-1,0" bc="969696FF" ac="969696FF" sc="6,969696FF,969696FF,969696FF,454545FF,969696FF,969696FF"><vp x="-3" y="2" z="-4"/></o></c><c d="01_block" t="0"><o r="-1,0,0,0,-1,0,0,0,1" bc="969696FF" ac="969696FF" sc="6,969696FF,969696FF,969696FF,454545FF,969696FF,969696FF"><vp x="3" y="3" z="-4"/></o></c><c d="01_block" t="0"><o r="-1,0,0,0,-1,0,0,0,1" bc="969696FF" ac="969696FF" sc="6"><vp x="3" y="2" z="-4"/></o></c><c d="02_wedge" t="0"><o r="0,0,-1,-1,0,0,0,1,0" bc="29ADFFFF" ac="969696FF" sc="5,969696FF,969696FF,969696FF,969696FF,29ADFFFF"><vp x="-1" y="6" z="-1"/></o></c><c d="02_wedge" t="2"><o r="0,0,-1,-1,0,0,0,1,0" bc="29ADFFFF" ac="969696FF" sc="5,969696FF,969696FF,969696FF,969696FF,29ADFFFF"><vp x="1" y="6" z="-1"/></o></c><c d="04_invpyramid" t="0"><o r="0,0,1,0,-1,0,1,0,0" bc="969696FF" ac="969696FF" sc="7"><vp x="-3" y="0" z="0"/></o></c><c d="04_invpyramid" t="4"><o r="0,0,1,0,-1,0,1,0,0" bc="969696FF" ac="969696FF" sc="7"><vp x="3" y="0" z="0"/></o></c><c d="02_wedge" t="0"><o r="0,0,-1,-1,0,0,0,1,0" bc="969696FF" ac="969696FF" sc="5,969696FF,969696FF,454545FF,969696FF,969696FF"><vp x="-3" y="0" z="-1"/></o></c><c d="02_wedge" t="0"><o r="0,0,-1,-1,0,0,0,1,0" bc="969696FF" ac="969696FF" sc="5,969696FF,969696FF,454545FF,969696FF,969696FF"><vp x="-3" y="0" z="-2"/></o></c><c d="02_wedge" t="2"><o r="0,0,-1,-1,0,0,0,1,0" bc="969696FF" ac="969696FF" sc="5,969696FF,969696FF,454545FF,969696FF,969696FF"><vp x="3" y="0" z="-1"/></o></c><c d="02_wedge" t="2"><o r="0,0,-1,-1,0,0,0,1,0" bc="969696FF" ac="969696FF" sc="5,969696FF,969696FF,454545FF,969696FF,969696FF"><vp x="3" y="0" z="-2"/></o></c><c d="01_block" t="0"><o r="-1,0,0,0,-1,0,0,0,1" bc="969696FF" ac="969696FF" sc="6"><vp x="0" y="4" z="-9"/></o></c><c d="01_block" t="0"><o r="-1,0,0,0,-1,0,0,0,1" bc="969696FF" ac="969696FF" sc="6"><vp x="0" y="4" z="-10"/></o></c><c d="01_block" t="0"><o r="-1,0,0,0,-1,0,0,0,1" bc="969696FF" ac="969696FF" sc="6"><vp x="0" y="4" z="-11"/></o></c><c d="01_block" t="0"><o r="-1,0,0,0,-1,0,0,0,1" bc="969696FF" ac="969696FF" sc="6"><vp x="0" y="4" z="-12"/></o></c><c d="01_block" t="0"><o r="-1,0,0,0,-1,0,0,0,1" bc="969696FF" ac="969696FF" sc="6"><vp x="0" y="4" z="-13"/></o></c><c d="01_block" t="0"><o r="-1,0,0,0,-1,0,0,0,1" bc="969696FF" ac="969696FF" sc="6"><vp x="0" y="4" z="-14"/></o></c><c d="01_block" t="0"><o r="-1,0,0,0,-1,0,0,0,1" bc="969696FF" ac="969696FF" sc="6"><vp x="0" y="4" z="-15"/></o></c><c d="01_block" t="0"><o r="-1,0,0,0,-1,0,0,0,1" bc="969696FF" ac="969696FF" sc="6"><vp x="0" y="4" z="-16"/></o></c><c d="01_block" t="0"><o r="-1,0,0,0,-1,0,0,0,1" bc="969696FF" ac="969696FF" sc="6"><vp x="0" y="4" z="-17"/></o></c><c d="01_block" t="0"><o r="-1,0,0,0,-1,0,0,0,1" bc="969696FF" ac="969696FF" sc="6"><vp x="0" y="4" z="-18"/></o></c><c d="01_block" t="0"><o r="-1,0,0,0,-1,0,0,0,1" bc="969696FF" ac="969696FF" sc="6"><vp x="0" y="4" z="-19"/></o></c><c d="01_block" t="0"><o r="-1,0,0,0,-1,0,0,0,1" bc="969696FF" ac="969696FF" sc="6"><vp x="0" y="4" z="-20"/></o></c><c d="01_block" t="0"><o r="-1,0,0,0,-1,0,0,0,1" bc="969696FF" ac="969696FF" sc="6"><vp x="0" y="4" z="-21"/></o></c><c d="01_block" t="0"><o r="-1,0,0,0,-1,0,0,0,1" bc="969696FF" ac="969696FF" sc="6"><vp x="0" y="4" z="-22"/></o></c><c d="01_block" t="0"><o r="-1,0,0,0,-1,0,0,0,1" bc="969696FF" ac="969696FF" sc="6"><vp x="0" y="4" z="-23"/></o></c><c d="02_wedge" t="0"><o r="1,0,0,0,0,-1,0,1,0" bc="969696FF" ac="969696FF" sc="5"><vp x="0" y="4" z="-24"/></o></c><c d="tail_rotor" t="0"><o r="0,1,0,-1,0,0,0,0,1" bc="969696FF" ac="969696FF" sc="5" custom_name="" blade_count="5" blade_pitch="0"><vp x="0" y="5" z="-24"/><logic_slots><slot value="0"/><slot value="0"/><slot value="0"/></logic_slots></o></c><c d="large_rotor" t="0"><o r="1,0,0,0,1,0,0,0,1" bc="969696FF" ac="969696FF" sc="33,454545FF,454545FF,454545FF,454545FF,454545FF,454545FF,29ADFFFF,454545FF,454545FF,969696FF,969696FF,454545FF,454545FF,454545FF,454545FF,454545FF,454545FF,454545FF,969696FF,969696FF,969696FF,969696FF,969696FF,969696FF,454545FF,454545FF,454545FF,454545FF,454545FF,454545FF,969696FF,969696FF,454545FF" custom_name="" blade_count="5" blade_pitch="0"><vp x="0" y="7" z="-2"/><logic_slots><slot value="0"/><slot value="0"/><slot value="0"/></logic_slots></o></c><c d="01_block" t="0"><o r="1,0,0,0,0,1,0,-1,0" bc="969696FF" ac="969696FF" sc="6,969696FF,969696FF,969696FF,29ADFFFF,969696FF,969696FF"><vp x="1" y="2" z="5"/></o></c><c d="01_block" t="0"><o r="1,0,0,0,0,1,0,-1,0" bc="969696FF" ac="969696FF" sc="6,969696FF,969696FF,969696FF,29ADFFFF,969696FF,969696FF"><vp x="0" y="2" z="5"/></o></c><c d="01_block" t="0"><o r="1,0,0,0,0,1,0,-1,0" bc="969696FF" ac="969696FF" sc="6,969696FF,29ADFFFF,969696FF,29ADFFFF,969696FF,969696FF"><vp x="-1" y="2" z="5"/></o></c><c d="01_block" t="0"><o r="1,0,0,0,0,1,0,-1,0" bc="969696FF" ac="969696FF" sc="6,969696FF,29ADFFFF,969696FF,29ADFFFF,969696FF,969696FF"><vp x="1" y="3" z="6"/></o></c><c d="01_block" t="0"><o r="1,0,0,0,0,1,0,-1,0" bc="969696FF" ac="969696FF" sc="6,969696FF,29ADFFFF,969696FF,29ADFFFF,969696FF,969696FF"><vp x="0" y="3" z="6"/></o></c><c d="01_block" t="0"><o r="1,0,0,0,0,1,0,-1,0" bc="969696FF" ac="969696FF" sc="6,969696FF,29ADFFFF,969696FF,29ADFFFF,969696FF,969696FF"><vp x="-1" y="3" z="6"/></o></c><c d="window_large_angle" t="0"><o r="0,0,-1,0,1,0,1,0,0" bc="969696FF" ac="969696FF" sc="12"><vp x="0" y="5" z="5"/></o></c><c d="01_block" t="0"><o r="0,0,1,-1,0,0,0,-1,0" bc="969696FF" ac="969696FF" sc="6,969696FF,29ADFFFF,969696FF,969696FF,29ADFFFF,969696FF"><vp x="-2" y="3" z="6"/></o></c><c d="01_block" t="2"><o r="0,0,1,-1,0,0,0,-1,0" bc="969696FF" ac="969696FF" sc="6,969696FF,29ADFFFF,969696FF,969696FF,29ADFFFF,969696FF"><vp x="2" y="3" z="6"/></o></c><c d="01_block" t="0"><o r="0,0,1,-1,0,0,0,-1,0" bc="969696FF" ac="969696FF" sc="6,969696FF,969696FF,969696FF,969696FF,29ADFFFF,969696FF"><vp x="-2" y="2" z="5"/></o></c><c d="01_block" t="2"><o r="0,0,1,-1,0,0,0,-1,0" bc="969696FF" ac="969696FF" sc="6"><vp x="2" y="2" z="5"/></o></c><c d="01_block" t="0"><o r="1,0,0,0,0,1,0,-1,0" bc="969696FF" ac="969696FF" sc="6"><vp x="-2" y="2" z="6"/></o></c><c d="01_block" t="1"><o r="1,0,0,0,0,1,0,-1,0" bc="969696FF" ac="969696FF" sc="6"><vp x="2" y="2" z="6"/></o></c><c d="01_block" t="0"><o r="0,0,1,-1,0,0,0,-1,0" bc="969696FF" ac="969696FF" sc="6,969696FF,29ADFFFF,969696FF,969696FF,969696FF,969696FF"><vp x="-3" y="2" z="6"/></o></c><c d="01_block" t="2"><o r="0,0,1,-1,0,0,0,-1,0" bc="969696FF" ac="969696FF" sc="6"><vp x="3" y="2" z="6"/></o></c><c d="01_block" t="0"><o r="1,0,0,0,0,1,0,-1,0" bc="969696FF" ac="969696FF" sc="6,969696FF,29ADFFFF,969696FF,969696FF,969696FF,969696FF"><vp x="-3" y="2" z="5"/></o></c><c d="01_block" t="1"><o r="1,0,0,0,0,1,0,-1,0" bc="969696FF" ac="969696FF" sc="6,969696FF,29ADFFFF,969696FF,969696FF,969696FF,969696FF"><vp x="3" y="2" z="5"/></o></c><c d="window_narrow_angle" t="0"><o r="0,0,-1,0,1,0,1,0,0" bc="969696FF" ac="969696FF" sc="8,969696FF,969696FF,969696FF,969696FF,969696FF,969696FF,29ADFFFF,969696FF"><vp x="-2" y="5" z="5"/></o></c><c d="window_narrow_angle" t="4"><o r="0,0,-1,0,1,0,1,0,0" bc="969696FF" ac="969696FF" sc="8,969696FF,969696FF,969696FF,969696FF,969696FF,969696FF,29ADFFFF,969696FF"><vp x="2" y="5" z="5"/></o></c><c d="window_corner" t="0"><o r="1,0,0,0,1,0,0,0,1" bc="969696FF" ac="969696FF" sc="11,969696FF,969696FF,29ADFFFF,29ADFFFF,969696FF,969696FF,969696FF,969696FF,969696FF,969696FF,29ADFFFF"><vp x="-3" y="4" z="5"/></o></c><c d="04_invpyramid" t="0"><o r="0,0,-1,0,1,0,1,0,0" bc="969696FF" ac="969696FF" sc="7,29ADFFFF,969696FF,969696FF,29ADFFFF,969696FF,969696FF,969696FF"><vp x="-3" y="3" z="6"/></o></c><c d="04_invpyramid" t="4"><o r="0,0,-1,0,1,0,1,0,0" bc="969696FF" ac="969696FF" sc="7,29ADFFFF,969696FF,969696FF,29ADFFFF,969696FF,969696FF,969696FF"><vp x="3" y="3" z="6"/></o></c><c d="02_wedge" t="0"><o r="1,0,0,0,0,1,0,-1,0" bc="969696FF" ac="969696FF" sc="5"><vp x="1" y="3" z="7"/></o></c><c d="02_wedge" t="0"><o r="1,0,0,0,0,1,0,-1,0" bc="969696FF" ac="969696FF" sc="5"><vp x="0" y="3" z="7"/></o></c><c d="02_wedge" t="0"><o r="1,0,0,0,0,1,0,-1,0" bc="969696FF" ac="969696FF" sc="5,969696FF,969696FF,969696FF,29ADFFFF,969696FF"><vp x="-1" y="3" z="7"/></o></c><c d="02_wedge" t="0"><o r="1,0,0,0,0,1,0,-1,0" bc="969696FF" ac="969696FF" sc="5"><vp x="-2" y="3" z="7"/></o></c><c d="02_wedge" t="1"><o r="1,0,0,0,0,1,0,-1,0" bc="969696FF" ac="969696FF" sc="5,969696FF,969696FF,969696FF,29ADFFFF,969696FF"><vp x="2" y="3" z="7"/></o></c><c d="03_pyramid" t="0"><o r="1,0,0,0,0,1,0,-1,0" bc="969696FF" ac="969696FF" sc="4,969696FF,969696FF,29ADFFFF,969696FF"><vp x="-3" y="3" z="7"/></o></c><c d="03_pyramid" t="1"><o r="1,0,0,0,0,1,0,-1,0" bc="969696FF" ac="969696FF" sc="4"><vp x="3" y="3" z="7"/></o></c><c d="02_wedge" t="0"><o r="0,1,0,0,0,1,1,0,0" bc="969696FF" ac="969696FF" sc="5"><vp x="-3" y="2" z="7"/></o></c><c d="02_wedge" t="4"><o r="0,1,0,0,0,1,1,0,0" bc="969696FF" ac="969696FF" sc="5"><vp x="3" y="2" z="7"/></o></c><c d="01_block" t="0"><o r="1,0,0,0,0,1,0,-1,0" bc="969696FF" ac="969696FF" sc="6"><vp x="-3" y="1" z="5"/></o></c><c d="01_block" t="1"><o r="1,0,0,0,0,1,0,-1,0" bc="969696FF" ac="969696FF" sc="6"><vp x="3" y="1" z="5"/></o></c><c d="04_invpyramid" t="0"><o r="0,1,0,0,0,1,1,0,0" bc="969696FF" ac="969696FF" sc="7"><vp x="-3" y="1" z="6"/></o></c><c d="04_invpyramid" t="4"><o r="0,1,0,0,0,1,1,0,0" bc="969696FF" ac="969696FF" sc="7"><vp x="3" y="1" z="6"/></o></c><c d="04_invpyramid" t="0"><o r="0,1,0,0,0,1,1,0,0" bc="969696FF" ac="969696FF" sc="7"><vp x="-3" y="0" z="5"/></o></c><c d="04_invpyramid" t="4"><o r="0,1,0,0,0,1,1,0,0" bc="969696FF" ac="969696FF" sc="7"><vp x="3" y="0" z="5"/></o></c><c d="01_block" t="0"><o r="0,0,1,-1,0,0,0,-1,0" bc="969696FF" ac="969696FF" sc="6"><vp x="2" y="2" z="7"/></o></c><c d="01_block" t="0"><o r="0,0,1,-1,0,0,0,-1,0" bc="969696FF" ac="969696FF" sc="6,969696FF,969696FF,969696FF,969696FF,29ADFFFF,969696FF"><vp x="1" y="2" z="7"/></o></c><c d="01_block" t="2"><o r="0,0,1,-1,0,0,0,-1,0" bc="969696FF" ac="969696FF" sc="6"><vp x="-1" y="2" z="7"/></o></c><c d="01_block" t="0"><o r="0,0,1,-1,0,0,0,-1,0" bc="969696FF" ac="969696FF" sc="6,969696FF,969696FF,969696FF,29ADFFFF,29ADFFFF,969696FF"><vp x="0" y="2" z="7"/></o></c><c d="03_pyramid" t="0"><o r="0,1,0,0,0,1,1,0,0" bc="969696FF" ac="969696FF" sc="4"><vp x="-3" y="1" z="7"/></o></c><c d="03_pyramid" t="4"><o r="0,1,0,0,0,1,1,0,0" bc="969696FF" ac="969696FF" sc="4"><vp x="3" y="1" z="7"/></o></c><c d="03_pyramid" t="0"><o r="0,1,0,0,0,1,1,0,0" bc="969696FF" ac="969696FF" sc="4"><vp x="-3" y="0" z="6"/></o></c><c d="03_pyramid" t="4"><o r="0,1,0,0,0,1,1,0,0" bc="969696FF" ac="969696FF" sc="4"><vp x="3" y="0" z="6"/></o></c><c d="01_block" t="0"><o r="0,0,1,-1,0,0,0,-1,0" bc="969696FF" ac="969696FF" sc="6"><vp x="2" y="0" z="5"/></o></c><c d="01_block" t="0"><o r="0,0,1,-1,0,0,0,-1,0" bc="969696FF" ac="969696FF" sc="6"><vp x="1" y="0" z="5"/></o></c><c d="01_block" t="2"><o r="0,0,1,-1,0,0,0,-1,0" bc="969696FF" ac="969696FF" sc="6"><vp x="-2" y="0" z="5"/></o></c><c d="01_block" t="2"><o r="0,0,1,-1,0,0,0,-1,0" bc="969696FF" ac="969696FF" sc="6"><vp x="-1" y="0" z="5"/></o></c><c d="01_block" t="0"><o r="0,0,1,-1,0,0,0,-1,0" bc="969696FF" ac="969696FF" sc="6,969696FF,969696FF,969696FF,969696FF,29ADFFFF,969696FF"><vp x="2" y="1" z="6"/></o></c><c d="01_block" t="0"><o r="0,0,1,-1,0,0,0,-1,0" bc="969696FF" ac="969696FF" sc="6"><vp x="1" y="1" z="6"/></o></c><c d="01_block" t="0"><o r="0,0,1,-1,0,0,0,-1,0" bc="969696FF" ac="969696FF" sc="6,969696FF,969696FF,969696FF,969696FF,29ADFFFF,969696FF"><vp x="0" y="1" z="6"/></o></c><c d="01_block" t="0"><o r="0,0,1,-1,0,0,0,-1,0" bc="969696FF" ac="969696FF" sc="6"><vp x="-1" y="1" z="6"/></o></c><c d="01_block" t="0"><o r="0,0,1,-1,0,0,0,-1,0" bc="969696FF" ac="969696FF" sc="6"><vp x="-2" y="1" z="6"/></o></c><c d="02_wedge" t="0"><o r="-1,0,0,0,0,1,0,1,0" bc="969696FF" ac="969696FF" sc="5"><vp x="2" y="1" z="7"/></o></c><c d="02_wedge" t="0"><o r="-1,0,0,0,0,1,0,1,0" bc="969696FF" ac="969696FF" sc="5,969696FF,969696FF,29ADFFFF,969696FF,969696FF"><vp x="1" y="1" z="7"/></o></c><c d="02_wedge" t="0"><o r="-1,0,0,0,0,1,0,1,0" bc="969696FF" ac="969696FF" sc="5"><vp x="-1" y="1" z="7"/></o></c><c d="02_wedge" t="1"><o r="-1,0,0,0,0,1,0,1,0" bc="969696FF" ac="969696FF" sc="5"><vp x="-2" y="1" z="7"/></o></c><c d="02_wedge" t="0"><o r="1,0,0,0,-1,0,0,0,-1" bc="969696FF" ac="969696FF" sc="5"><vp x="2" y="0" z="6"/></o></c><c d="02_wedge" t="1"><o r="1,0,0,0,-1,0,0,0,-1" bc="969696FF" ac="969696FF" sc="5"><vp x="-2" y="0" z="6"/></o></c><c d="01_block" t="0"><o r="0,0,1,-1,0,0,0,-1,0" bc="969696FF" ac="969696FF" sc="6,29ADFFFF,969696FF,969696FF,969696FF,969696FF,969696FF"><vp x="-2" y="7" z="-3"/></o></c><c d="01_block" t="2"><o r="0,0,1,-1,0,0,0,-1,0" bc="969696FF" ac="969696FF" sc="6,29ADFFFF,969696FF,969696FF,969696FF,969696FF,969696FF"><vp x="2" y="7" z="-3"/></o></c><c d="02_wedge" t="0"><o r="0,0,1,-1,0,0,0,-1,0" bc="969696FF" ac="969696FF" sc="5"><vp x="-2" y="8" z="-1"/></o></c><c d="02_wedge" t="0"><o r="0,0,1,-1,0,0,0,-1,0" bc="969696FF" ac="969696FF" sc="5"><vp x="-2" y="8" z="-2"/></o></c><c d="02_wedge" t="0"><o r="0,0,1,-1,0,0,0,-1,0" bc="969696FF" ac="969696FF" sc="5"><vp x="-2" y="8" z="-3"/></o></c><c d="02_wedge" t="2"><o r="0,0,1,-1,0,0,0,-1,0" bc="969696FF" ac="969696FF" sc="5"><vp x="2" y="8" z="-1"/></o></c><c d="02_wedge" t="2"><o r="0,0,1,-1,0,0,0,-1,0" bc="969696FF" ac="969696FF" sc="5"><vp x="2" y="8" z="-2"/></o></c><c d="02_wedge" t="2"><o r="0,0,1,-1,0,0,0,-1,0" bc="969696FF" ac="969696FF" sc="5"><vp x="2" y="8" z="-3"/></o></c><c d="02_wedge" t="0"><o r="1,0,0,0,0,1,0,-1,0" bc="969696FF" ac="969696FF" sc="5,969696FF,454545FF,454545FF,969696FF,969696FF"><vp x="1" y="8" z="0"/></o></c><c d="02_wedge" t="0"><o r="1,0,0,0,0,1,0,-1,0" bc="969696FF" ac="969696FF" sc="5,969696FF,969696FF,454545FF,969696FF,969696FF"><vp x="0" y="8" z="0"/></o></c><c d="02_wedge" t="0"><o r="1,0,0,0,0,1,0,-1,0" bc="969696FF" ac="969696FF" sc="5,454545FF,969696FF,454545FF,969696FF,969696FF"><vp x="-1" y="8" z="0"/></o></c><c d="03_pyramid" t="0"><o r="1,0,0,0,0,1,0,-1,0" bc="969696FF" ac="969696FF" sc="4"><vp x="-2" y="8" z="0"/></o></c><c d="03_pyramid" t="1"><o r="1,0,0,0,0,1,0,-1,0" bc="969696FF" ac="969696FF" sc="4"><vp x="2" y="8" z="0"/></o></c><c d="04_invpyramid" t="0"><o r="1,0,0,0,0,1,0,-1,0" bc="969696FF" ac="969696FF" sc="7,454545FF,969696FF,969696FF,454545FF,969696FF,969696FF,969696FF"><vp x="-2" y="7" z="0"/></o></c><c d="04_invpyramid" t="1"><o r="1,0,0,0,0,1,0,-1,0" bc="969696FF" ac="969696FF" sc="7,454545FF,969696FF,969696FF,454545FF,969696FF,969696FF,969696FF"><vp x="2" y="7" z="0"/></o></c><c d="03_pyramid" t="0"><o r="1,0,0,0,1,0,0,0,1" bc="969696FF" ac="969696FF" sc="4"><vp x="-2" y="8" z="-4"/></o></c><c d="03_pyramid" t="1"><o r="1,0,0,0,1,0,0,0,1" bc="969696FF" ac="969696FF" sc="4"><vp x="2" y="8" z="-4"/></o></c><c d="02_wedge" t="0"><o r="1,0,0,0,1,0,0,0,1" bc="969696FF" ac="969696FF" sc="5,969696FF,454545FF,969696FF,969696FF,969696FF"><vp x="1" y="8" z="-4"/></o></c><c d="02_wedge" t="0"><o r="1,0,0,0,1,0,0,0,1" bc="969696FF" ac="969696FF" sc="5"><vp x="0" y="8" z="-4"/></o></c><c d="02_wedge" t="0"><o r="1,0,0,0,1,0,0,0,1" bc="969696FF" ac="969696FF" sc="5,454545FF,969696FF,969696FF,969696FF,969696FF"><vp x="-1" y="8" z="-4"/></o></c><c d="01_block" t="0"><o r="0,0,1,-1,0,0,0,-1,0" bc="969696FF" ac="969696FF" sc="6,454545FF,454545FF,454545FF,969696FF,454545FF,454545FF"><vp x="-3" y="0" z="-3"/></o></c><c d="01_block" t="2"><o r="0,0,1,-1,0,0,0,-1,0" bc="969696FF" ac="969696FF" sc="6,454545FF,454545FF,969696FF,969696FF,454545FF,454545FF"><vp x="3" y="0" z="-3"/></o></c><c d="02_wedge" t="0"><o r="0,0,1,-1,0,0,0,-1,0" bc="454545FF" ac="969696FF" sc="5,454545FF,454545FF,969696FF,969696FF,454545FF"><vp x="-4" y="0" z="-3"/></o></c><c d="02_wedge" t="2"><o r="0,0,1,-1,0,0,0,-1,0" bc="454545FF" ac="969696FF" sc="5,454545FF,454545FF,969696FF,969696FF,454545FF"><vp x="4" y="0" z="-3"/></o></c><c d="02_wedge" t="0"><o r="0,0,1,-1,0,0,0,-1,0" bc="454545FF" ac="969696FF" sc="5,454545FF,454545FF,969696FF,969696FF,454545FF"><vp x="-4" y="0" z="3"/></o></c><c d="02_wedge" t="2"><o r="0,0,1,-1,0,0,0,-1,0" bc="454545FF" ac="969696FF" sc="5,454545FF,454545FF,969696FF,969696FF,454545FF"><vp x="4" y="0" z="3"/></o></c><c d="02_wedge" t="0"><o r="0,0,-1,0,-1,0,-1,0,0" bc="454545FF" ac="969696FF" sc="5"><vp x="-4" y="-1" z="3"/></o></c><c d="02_wedge" t="4"><o r="0,0,-1,0,-1,0,-1,0,0" bc="454545FF" ac="969696FF" sc="5,454545FF,454545FF,969696FF,969696FF,454545FF"><vp x="4" y="-1" z="3"/></o></c><c d="02_wedge" t="0"><o r="0,0,-1,0,-1,0,-1,0,0" bc="454545FF" ac="969696FF" sc="5,454545FF,454545FF,454545FF,969696FF,454545FF"><vp x="-4" y="-1" z="-3"/></o></c><c d="02_wedge" t="4"><o r="0,0,-1,0,-1,0,-1,0,0" bc="454545FF" ac="969696FF" sc="5,454545FF,454545FF,969696FF,969696FF,454545FF"><vp x="4" y="-1" z="-3"/></o></c><c d="02_wedge" t="0"><o r="0,0,-1,0,1,0,1,0,0" bc="454545FF" ac="969696FF" sc="5,454545FF,454545FF,454545FF,969696FF,454545FF"><vp x="-5" y="-1" z="3"/></o></c><c d="02_wedge" t="4"><o r="0,0,-1,0,1,0,1,0,0" bc="454545FF" ac="969696FF" sc="5,454545FF,454545FF,454545FF,969696FF,454545FF"><vp x="5" y="-1" z="3"/></o></c><c d="02_wedge" t="0"><o r="0,0,-1,0,1,0,1,0,0" bc="454545FF" ac="969696FF" sc="5,454545FF,454545FF,454545FF,969696FF,454545FF"><vp x="-5" y="-1" z="-3"/></o></c><c d="02_wedge" t="0"><o r="0,0,1,1,0,0,0,1,0" bc="454545FF" ac="969696FF" sc="5"><vp x="-5" y="-2" z="3"/></o></c><c d="02_wedge" t="2"><o r="0,0,1,1,0,0,0,1,0" bc="454545FF" ac="969696FF" sc="5,969696FF,454545FF,969696FF,969696FF,454545FF"><vp x="5" y="-2" z="3"/></o></c><c d="02_wedge" t="0"><o r="0,0,1,1,0,0,0,1,0" bc="454545FF" ac="969696FF" sc="5"><vp x="-5" y="-2" z="-3"/></o></c><c d="02_wedge" t="0"><o r="0,0,1,-1,0,0,0,-1,0" bc="454545FF" ac="969696FF" sc="5,454545FF,454545FF,969696FF,454545FF,454545FF"><vp x="-6" y="-2" z="3"/></o></c><c d="02_wedge" t="2"><o r="0,0,1,-1,0,0,0,-1,0" bc="454545FF" ac="969696FF" sc="5,454545FF,454545FF,969696FF,454545FF,454545FF"><vp x="6" y="-2" z="3"/></o></c><c d="02_wedge" t="0"><o r="0,0,1,-1,0,0,0,-1,0" bc="454545FF" ac="969696FF" sc="5,454545FF,454545FF,969696FF,454545FF,454545FF"><vp x="-6" y="-2" z="-3"/></o></c><c d="01_block" t="0"><o r="-1,0,0,0,-1,0,0,0,1" bc="969696FF" ac="969696FF" sc="6,454545FF,454545FF,969696FF,454545FF,454545FF,454545FF"><vp x="-6" y="-3" z="3"/></o></c><c d="01_block" t="1"><o r="-1,0,0,0,-1,0,0,0,1" bc="969696FF" ac="969696FF" sc="6,454545FF,454545FF,969696FF,969696FF,454545FF,454545FF"><vp x="6" y="-3" z="3"/></o></c><c d="01_block" t="0"><o r="-1,0,0,0,-1,0,0,0,1" bc="969696FF" ac="969696FF" sc="6,454545FF,454545FF,969696FF,454545FF,454545FF,454545FF"><vp x="-6" y="-3" z="-3"/></o></c><c d="01_block" t="0"><o r="-1,0,0,0,-1,0,0,0,1" bc="969696FF" ac="969696FF" sc="6,969696FF,969696FF,454545FF,969696FF,454545FF,454545FF"><vp x="-6" y="-4" z="-3"/></o></c><c d="01_block" t="0"><o r="1,0,0,0,0,1,0,-1,0" bc="969696FF" ac="969696FF" sc="6,454545FF,FFE727FF,969696FF,969696FF,454545FF,454545FF"><vp x="-6" y="-4" z="-2"/></o></c><c d="01_block" t="0"><o r="1,0,0,0,0,1,0,-1,0" bc="969696FF" ac="969696FF" sc="6,454545FF,FFE727FF,969696FF,969696FF,454545FF,454545FF"><vp x="-6" y="-4" z="-1"/></o></c><c d="01_block" t="0"><o r="1,0,0,0,0,1,0,-1,0" bc="969696FF" ac="969696FF" sc="6,454545FF,FFE727FF,969696FF,969696FF,454545FF,454545FF"><vp x="-6" y="-4" z="0"/></o></c><c d="01_block" t="0"><o r="1,0,0,0,0,1,0,-1,0" bc="969696FF" ac="969696FF" sc="6,454545FF,FFE727FF,969696FF,969696FF,454545FF,454545FF"><vp x="-6" y="-4" z="1"/></o></c><c d="01_block" t="0"><o r="1,0,0,0,0,1,0,-1,0" bc="969696FF" ac="969696FF" sc="6,454545FF,FFE727FF,969696FF,969696FF,454545FF,454545FF"><vp x="-6" y="-4" z="2"/></o></c><c d="01_block" t="0"><o r="1,0,0,0,0,1,0,-1,0" bc="969696FF" ac="969696FF" sc="6,454545FF,969696FF,969696FF,969696FF,454545FF,454545FF"><vp x="-6" y="-4" z="3"/></o></c><c d="01_block" t="1"><o r="1,0,0,0,0,1,0,-1,0" bc="969696FF" ac="969696FF" sc="6,454545FF,969696FF,454545FF,969696FF,454545FF,454545FF"><vp x="6" y="-4" z="3"/></o></c><c d="01_block" t="0"><o r="1,0,0,0,0,1,0,-1,0" bc="969696FF" ac="969696FF" sc="6,454545FF,FFE727FF,969696FF,969696FF,454545FF,454545FF"><vp x="-6" y="-4" z="4"/></o></c><c d="01_block" t="1"><o r="1,0,0,0,0,1,0,-1,0" bc="969696FF" ac="969696FF" sc="6,454545FF,FFE727FF,454545FF,969696FF,454545FF,454545FF"><vp x="6" y="-4" z="4"/></o></c><c d="01_block" t="0"><o r="1,0,0,0,0,1,0,-1,0" bc="969696FF" ac="969696FF" sc="6,454545FF,FFE727FF,969696FF,969696FF,454545FF,454545FF"><vp x="-6" y="-4" z="5"/></o></c><c d="01_block" t="1"><o r="1,0,0,0,0,1,0,-1,0" bc="969696FF" ac="969696FF" sc="6,454545FF,FFE727FF,454545FF,969696FF,454545FF,454545FF"><vp x="6" y="-4" z="5"/></o></c><c d="01_block" t="0"><o r="1,0,0,0,0,-1,0,1,0" bc="969696FF" ac="969696FF" sc="6,FFE727FF,454545FF,969696FF,969696FF,454545FF,454545FF"><vp x="-6" y="-4" z="-4"/></o></c><c d="01_block" t="0"><o r="1,0,0,0,0,-1,0,1,0" bc="969696FF" ac="969696FF" sc="6,FFE727FF,454545FF,969696FF,969696FF,454545FF,454545FF"><vp x="-6" y="-4" z="-5"/></o></c><c d="01_block" t="0"><o r="1,0,0,0,0,-1,0,1,0" bc="969696FF" ac="969696FF" sc="6,FFE727FF,454545FF,969696FF,969696FF,454545FF,454545FF"><vp x="-6" y="-4" z="-6"/></o></c><c d="01_block" t="0"><o r="1,0,0,0,0,-1,0,1,0" bc="969696FF" ac="969696FF" sc="6,FFE727FF,454545FF,969696FF,969696FF,454545FF,454545FF"><vp x="-6" y="-4" z="-7"/></o></c><c d="01_block" t="0"><o r="1,0,0,0,0,-1,0,1,0" bc="969696FF" ac="969696FF" sc="6,FFE727FF,454545FF,454545FF,969696FF,454545FF,454545FF"><vp x="-6" y="-4" z="-8"/></o></c><c d="01_block" t="0"><o r="1,0,0,0,0,-1,0,1,0" bc="969696FF" ac="969696FF" sc="6,FFE727FF,454545FF,969696FF,454545FF,454545FF,454545FF"><vp x="6" y="-4" z="2"/></o></c><c d="01_block" t="0"><o r="1,0,0,0,0,-1,0,1,0" bc="969696FF" ac="969696FF" sc="6,FFE727FF,454545FF,969696FF,969696FF,454545FF,454545FF"><vp x="6" y="-4" z="1"/></o></c><c d="01_block" t="0"><o r="1,0,0,0,0,-1,0,1,0" bc="969696FF" ac="969696FF" sc="6,FFE727FF,454545FF,969696FF,969696FF,454545FF,454545FF"><vp x="6" y="-4" z="0"/></o></c><c d="01_block" t="0"><o r="1,0,0,0,0,-1,0,1,0" bc="969696FF" ac="969696FF" sc="6,FFE727FF,454545FF,969696FF,969696FF,454545FF,454545FF"><vp x="6" y="-4" z="-1"/></o></c><c d="01_block" t="0"><o r="1,0,0,0,0,-1,0,1,0" bc="969696FF" ac="969696FF" sc="6,FFE727FF,454545FF,969696FF,969696FF,454545FF,454545FF"><vp x="6" y="-4" z="-2"/></o></c><c d="01_block" t="0"><o r="1,0,0,0,0,-1,0,1,0" bc="969696FF" ac="969696FF" sc="6,969696FF,454545FF,969696FF,969696FF,454545FF,454545FF"><vp x="6" y="-4" z="-3"/></o></c><c d="01_block" t="0"><o r="1,0,0,0,0,-1,0,1,0" bc="969696FF" ac="969696FF" sc="6,FFE727FF,454545FF,969696FF,969696FF,454545FF,454545FF"><vp x="6" y="-4" z="-4"/></o></c><c d="01_block" t="0"><o r="1,0,0,0,0,-1,0,1,0" bc="969696FF" ac="969696FF" sc="6,FFE727FF,454545FF,969696FF,969696FF,454545FF,454545FF"><vp x="6" y="-4" z="-5"/></o></c><c d="01_block" t="0"><o r="1,0,0,0,0,-1,0,1,0" bc="969696FF" ac="969696FF" sc="6,FFE727FF,454545FF,969696FF,969696FF,454545FF,454545FF"><vp x="6" y="-4" z="-6"/></o></c><c d="01_block" t="0"><o r="1,0,0,0,0,-1,0,1,0" bc="969696FF" ac="969696FF" sc="6,FFE727FF,454545FF,969696FF,969696FF,454545FF,454545FF"><vp x="6" y="-4" z="-7"/></o></c><c d="01_block" t="0"><o r="1,0,0,0,0,-1,0,1,0" bc="969696FF" ac="969696FF" sc="6,FFE727FF,454545FF,454545FF,969696FF,454545FF,454545FF"><vp x="6" y="-4" z="-8"/></o></c><c d="01_block" t="0"><o r="1,0,0,0,1,0,0,0,1" bc="969696FF" ac="969696FF" sc="6,454545FF,454545FF,969696FF,969696FF,454545FF,454545FF"><vp x="6" y="-3" z="-3"/></o></c><c d="02_wedge" t="0"><o r="0,0,1,0,1,0,-1,0,0" bc="454545FF" ac="969696FF" sc="5,454545FF,454545FF,454545FF,969696FF,454545FF"><vp x="6" y="-2" z="-3"/></o></c><c d="02_wedge" t="0"><o r="0,0,-1,1,0,0,0,-1,0" bc="454545FF" ac="969696FF" sc="5,454545FF,454545FF,969696FF,454545FF,454545FF"><vp x="5" y="-1" z="-3"/></o></c><c d="02_wedge" t="0"><o r="0,0,-1,-1,0,0,0,1,0" bc="454545FF" ac="969696FF" sc="5,454545FF,454545FF,969696FF,969696FF,454545FF"><vp x="5" y="-2" z="-3"/></o></c><c d="02_wedge" t="0"><o r="-1,0,0,0,0,1,0,1,0" bc="454545FF" ac="969696FF" sc="5,454545FF,454545FF,FFE727FF,969696FF,454545FF"><vp x="6" y="-4" z="6"/></o></c><c d="02_wedge" t="1"><o r="-1,0,0,0,0,1,0,1,0" bc="454545FF" ac="969696FF" sc="5,454545FF,454545FF,FFE727FF,969696FF,454545FF"><vp x="-6" y="-4" z="6"/></o></c><c d="01_block" t="0"><o r="1,0,0,0,1,0,0,0,1" bc="969696FF" ac="969696FF" sc="6"><vp x="0" y="6" z="-23"/></o></c><c d="01_block" t="0"><o r="1,0,0,0,1,0,0,0,1" bc="969696FF" ac="969696FF" sc="6"><vp x="0" y="7" z="-23"/></o></c><c d="01_block" t="0"><o r="1,0,0,0,1,0,0,0,1" bc="969696FF" ac="969696FF" sc="6"><vp x="0" y="8" z="-23"/></o></c><c d="01_block" t="0"><o r="0,0,-1,1,0,0,0,-1,0" bc="969696FF" ac="969696FF" sc="6"><vp x="1" y="5" z="-23"/></o></c><c d="01_block" t="0"><o r="0,0,-1,1,0,0,0,-1,0" bc="969696FF" ac="969696FF" sc="6"><vp x="2" y="5" z="-23"/></o></c><c d="01_block" t="0"><o r="0,0,-1,1,0,0,0,-1,0" bc="969696FF" ac="969696FF" sc="6"><vp x="3" y="5" z="-23"/></o></c><c d="rudder_surface" t="0"><o r="1,0,0,0,0,-1,0,1,0" bc="969696FF" ac="969696FF" sc="11" custom_name=""><vp x="0" y="7" z="-24"/><logic_slots><slot value="0"/></logic_slots></o></c><c d="rudder_surface" t="0"><o r="0,-1,0,0,0,-1,1,0,0" bc="969696FF" ac="969696FF" sc="11" custom_name=""><vp x="2" y="5" z="-24"/><logic_slots><slot value="0"/></logic_slots></o></c><c d="window_large" t="0"><o r="0,-1,0,0,0,1,-1,0,0" bc="969696FF" ac="969696FF" sc="12"><vp x="0" y="6" z="2"/></o></c><c d="window_narrow" t="0"><o r="0,-1,0,0,0,1,-1,0,0" bc="969696FF" ac="969696FF" sc="8"><vp x="-2" y="6" z="2"/></o></c><c d="window_narrow" t="4"><o r="0,-1,0,0,0,1,-1,0,0" bc="969696FF" ac="969696FF" sc="8"><vp x="2" y="6" z="2"/></o></c><c d="01_block" t="0"><o r="0,0,-1,1,0,0,0,-1,0" bc="969696FF" ac="969696FF" sc="6"><vp x="4" y="5" z="-23"/></o></c><c d="01_block" t="0"><o r="0,0,-1,1,0,0,0,-1,0" bc="969696FF" ac="969696FF" sc="6"><vp x="5" y="5" z="-23"/></o></c><c d="01_block" t="0"><o r="0,0,-1,1,0,0,0,-1,0" bc="969696FF" ac="969696FF" sc="6"><vp x="6" y="5" z="-23"/></o></c><c d="01_block" t="0"><o r="1,0,0,0,0,1,0,-1,0" bc="969696FF" ac="969696FF" sc="6"><vp x="5" y="5" z="-22"/></o></c><c d="01_block" t="0"><o r="1,0,0,0,0,1,0,-1,0" bc="969696FF" ac="969696FF" sc="6"><vp x="4" y="5" z="-22"/></o></c><c d="01_block" t="0"><o r="1,0,0,0,0,1,0,-1,0" bc="969696FF" ac="969696FF" sc="6"><vp x="3" y="5" z="-22"/></o></c><c d="01_block" t="0"><o r="1,0,0,0,0,1,0,-1,0" bc="969696FF" ac="969696FF" sc="6"><vp x="2" y="5" z="-22"/></o></c><c d="01_block" t="0"><o r="1,0,0,0,0,1,0,-1,0" bc="969696FF" ac="969696FF" sc="6"><vp x="1" y="5" z="-22"/></o></c><c d="01_block" t="0"><o r="1,0,0,0,1,0,0,0,1" bc="969696FF" ac="969696FF" sc="6"><vp x="0" y="7" z="-22"/></o></c><c d="01_block" t="0"><o r="1,0,0,0,1,0,0,0,1" bc="969696FF" ac="969696FF" sc="6"><vp x="0" y="6" z="-22"/></o></c><c d="01_block" t="0"><o r="1,0,0,0,0,1,0,-1,0" bc="969696FF" ac="969696FF" sc="6"><vp x="0" y="8" z="-22"/></o></c><c d="01_block" t="0"><o r="1,0,0,0,0,1,0,-1,0" bc="969696FF" ac="969696FF" sc="6"><vp x="0" y="7" z="-21"/></o></c><c d="01_block" t="0"><o r="1,0,0,0,0,1,0,-1,0" bc="969696FF" ac="969696FF" sc="6"><vp x="0" y="6" z="-21"/></o></c><c d="01_block" t="0"><o r="1,0,0,0,1,0,0,0,1" bc="969696FF" ac="969696FF" sc="6"><vp x="0" y="6" z="-20"/></o></c><c d="rudder_surface" t="0"><o r="0,-1,0,0,0,-1,1,0,0" bc="969696FF" ac="969696FF" sc="11" custom_name=""><vp x="5" y="5" z="-24"/><logic_slots><slot value="0"/></logic_slots></o></c><c d="02_wedge" t="0"><o r="0,1,0,1,0,0,0,0,-1" bc="969696FF" ac="969696FF" sc="5"><vp x="6" y="5" z="-22"/></o></c><c d="02_wedge" t="0"><o r="0,1,0,1,0,0,0,0,-1" bc="969696FF" ac="969696FF" sc="5"><vp x="1" y="5" z="-21"/></o></c><c d="02_wedge" t="0"><o r="-1,0,0,0,1,0,0,0,-1" bc="969696FF" ac="969696FF" sc="5"><vp x="0" y="6" z="-19"/></o></c><c d="02_wedge" t="0"><o r="-1,0,0,0,1,0,0,0,-1" bc="969696FF" ac="969696FF" sc="5"><vp x="0" y="7" z="-20"/></o></c><c d="02_wedge" t="0"><o r="-1,0,0,0,1,0,0,0,-1" bc="969696FF" ac="969696FF" sc="5"><vp x="0" y="8" z="-21"/></o></c><c d="small_light" t="0"><o r="0,0,1,-1,0,0,0,-1,0" bc="969696FF" ac="FFFFFFFF" sc="5,FFFFFFFF,FFFFFFFF,29ADFFFF,FFFFFFFF,FFFFFFFF" custom_name="" ir="false"><vp x="-2" y="7" z="-1"/><logic_slots><slot value="false"/></logic_slots></o></c><c d="small_light" t="2"><o r="0,0,1,-1,0,0,0,-1,0" bc="969696FF" ac="FFFFFFFF" sc="5,FFFFFFFF,FFFFFFFF,29ADFFFF,FFFFFFFF,FFFFFFFF" custom_name="" ir="false"><vp x="2" y="7" z="-1"/><logic_slots><slot value="false"/></logic_slots></o></c><c d="button_toggle" t="0"><o r="0,0,1,0,1,0,-1,0,0" bc="454545FF" ac="FFFFFFFF" sc="5,FFFFFFFF,FFFFFFFF,FFFFFFFF,969696FF,FFFFFFFF" custom_name="Auto Hover" hold_duration="0" default_state="false" sensitivity="1" val_1_name="" val_2_name=""><vp x="0" y="0" z="3"/><logic_slots><slot value="false"/><slot value="false"/><slot value="false"/><slot value="0"/><slot value="0"/></logic_slots><min_lever_value text="0" value="0"/><max_lever_value text="1" value="1"/><starting_lever_value text="0" value="0"/></o></c><c d="handle" t="0"><o r="0,0,-1,-1,0,0,0,1,0" bc="969696FF" ac="969696FF" sc="5,969696FF,969696FF,29ADFFFF,29ADFFFF,29ADFFFF" custom_name=""><vp x="-3" y="5" z="0"/><logic_slots/></o></c><c d="handle" t="2"><o r="0,0,-1,-1,0,0,0,1,0" bc="969696FF" ac="969696FF" sc="5,969696FF,969696FF,29ADFFFF,29ADFFFF,29ADFFFF" custom_name=""><vp x="3" y="5" z="0"/><logic_slots/></o></c><c d="01_block" t="0"><o r="1,0,0,0,1,0,0,0,1" bc="969696FF" ac="969696FF" sc="6,969696FF,454545FF,454545FF,969696FF,969696FF,969696FF"><vp x="0" y="1" z="4"/></o></c><c d="01_block" t="0"><o r="0,0,-1,1,0,0,0,-1,0" bc="29ADFFFF" ac="29ADFFFF" sc="6,29ADFFFF,29ADFFFF,29ADFFFF,29ADFFFF,29ADFFFF,454545FF"><vp x="2" y="2" z="4"/></o></c><c d="01_block" t="0"><o r="0,0,-1,1,0,0,0,-1,0" bc="29ADFFFF" ac="29ADFFFF" sc="6,29ADFFFF,29ADFFFF,29ADFFFF,29ADFFFF,29ADFFFF,454545FF"><vp x="2" y="1" z="4"/></o></c><c d="01_block" t="0"><o r="0,0,-1,1,0,0,0,-1,0" bc="29ADFFFF" ac="29ADFFFF" sc="6,969696FF,29ADFFFF,29ADFFFF,29ADFFFF,29ADFFFF,29ADFFFF"><vp x="2" y="0" z="4"/></o></c><c d="01_block" t="0"><o r="0,0,-1,1,0,0,0,-1,0" bc="29ADFFFF" ac="29ADFFFF" sc="6,29ADFFFF,29ADFFFF,29ADFFFF,29ADFFFF,29ADFFFF,454545FF"><vp x="1" y="1" z="4"/></o></c><c d="01_block" t="0"><o r="0,0,-1,1,0,0,0,-1,0" bc="29ADFFFF" ac="29ADFFFF" sc="6,969696FF,29ADFFFF,29ADFFFF,29ADFFFF,29ADFFFF,29ADFFFF"><vp x="1" y="0" z="4"/></o></c><c d="01_block" t="0"><o r="1,0,0,0,0,-1,0,1,0" bc="454545FF" ac="454545FF" sc="6,29ADFFFF,454545FF,454545FF,454545FF,454545FF,969696FF"><vp x="3" y="2" z="4"/></o></c><c d="01_block" t="0"><o r="1,0,0,0,0,-1,0,1,0" bc="454545FF" ac="454545FF" sc="6,454545FF,454545FF,454545FF,454545FF,454545FF,969696FF"><vp x="3" y="1" z="4"/></o></c><c d="01_block" t="0"><o r="1,0,0,0,0,-1,0,1,0" bc="454545FF" ac="454545FF" sc="6,454545FF,969696FF,454545FF,454545FF,454545FF,969696FF"><vp x="3" y="0" z="4"/></o></c><c d="01_block" t="0"><o r="0,0,-1,1,0,0,0,-1,0" bc="454545FF" ac="454545FF" sc="6,969696FF,454545FF,454545FF,454545FF,454545FF,454545FF"><vp x="3" y="0" z="3"/></o></c><c d="01_block" t="0"><o r="0,0,-1,1,0,0,0,-1,0" bc="454545FF" ac="454545FF" sc="6,969696FF,454545FF,969696FF,454545FF,454545FF,454545FF"><vp x="3" y="0" z="2"/></o></c><c d="01_block" t="0"><o r="0,0,-1,1,0,0,0,-1,0" bc="454545FF" ac="454545FF" sc="6,969696FF,454545FF,969696FF,454545FF,454545FF,454545FF"><vp x="3" y="0" z="1"/></o></c><c d="01_block" t="0"><o r="0,0,-1,1,0,0,0,-1,0" bc="454545FF" ac="454545FF" sc="6,969696FF,454545FF,454545FF,454545FF,454545FF,454545FF"><vp x="2" y="0" z="3"/></o></c><c d="01_block" t="0"><o r="0,0,-1,1,0,0,0,-1,0" bc="454545FF" ac="454545FF" sc="6,969696FF,454545FF,454545FF,454545FF,454545FF,454545FF"><vp x="2" y="0" z="2"/></o></c><c d="01_block" t="0"><o r="0,0,-1,1,0,0,0,-1,0" bc="454545FF" ac="454545FF" sc="6,969696FF,454545FF,454545FF,454545FF,454545FF,454545FF"><vp x="2" y="0" z="1"/></o></c><c d="01_block" t="0"><o r="0,0,-1,1,0,0,0,-1,0" bc="454545FF" ac="454545FF" sc="6,969696FF,454545FF,454545FF,454545FF,454545FF,454545FF"><vp x="1" y="0" z="3"/></o></c><c d="01_block" t="0"><o r="0,0,-1,1,0,0,0,-1,0" bc="454545FF" ac="454545FF" sc="6,969696FF,454545FF,454545FF,454545FF,454545FF,454545FF"><vp x="1" y="0" z="2"/></o></c><c d="01_block" t="0"><o r="0,0,-1,1,0,0,0,-1,0" bc="454545FF" ac="454545FF" sc="6,969696FF,454545FF,454545FF,454545FF,454545FF,454545FF"><vp x="1" y="0" z="1"/></o></c><c d="trans_block_angle" t="0"><o r="0,0,1,0,-1,0,1,0,0" bc="FFFFFFFF" ac="FFFFFFFF" sc="6,FFFFFFFF,FFFFFFFF,969696FF,454545FF,969696FF,FFFFFFFF" custom_name=""><vp x="0" y="7" z="0"/></o></c><c d="trans_block_angle" t="0"><o r="0,-1,0,0,0,-1,1,0,0" bc="FFFFFFFF" ac="FFFFFFFF" sc="6,969696FF,FFFFFFFF,969696FF,29ADFFFF,969696FF,29ADFFFF" custom_name=""><vp x="0" y="6" z="0"/></o></c><c d="trans_block_straight" t="0"><o r="0,0,-1,0,-1,0,-1,0,0" bc="FFFFFFFF" ac="FFFFFFFF" sc="6,FFFFFFFF,FFFFFFFF,29ADFFFF,969696FF,969696FF,969696FF" custom_name=""><vp x="0" y="6" z="-3"/></o></c><c d="trans_block_straight" t="0"><o r="0,0,-1,0,-1,0,-1,0,0" bc="FFFFFFFF" ac="FFFFFFFF" sc="6,FFFFFFFF,FFFFFFFF,29ADFFFF,969696FF,969696FF,969696FF" custom_name=""><vp x="0" y="6" z="-2"/></o></c><c d="trans_block_straight" t="0"><o r="0,0,-1,0,-1,0,-1,0,0" bc="FFFFFFFF" ac="FFFFFFFF" sc="6,FFFFFFFF,FFFFFFFF,29ADFFFF,969696FF,969696FF,969696FF" custom_name=""><vp x="0" y="6" z="-1"/></o></c><c d="engine" t="0"><o r="-1,0,0,0,1,0,0,0,-1" bc="FFFFFFFF" ac="FFFFFFFF" sc="15,969696FF,969696FF,969696FF,969696FF,969696FF,969696FF,969696FF,969696FF,969696FF,969696FF,FFFFFFFF,969696FF,969696FF,969696FF,969696FF" custom_name="" max_force_scale="1" rps_limit="20"><vp x="0" y="3" z="-5"/><logic_slots><slot value="0"/><slot value="false"/><slot value="0"/><slot value="0"/></logic_slots></o></c><c d="fluid_tank_medium" t="0"><o r="1,0,0,0,0,-1,0,1,0" bc="969696FF" ac="FFFFFFFF" sc="32,FFFFFFFF,FFFFFFFF,FFFFFFFF,FFFFFFFF,FFFFFFFF,FFFFFFFF,FFFFFFFF,FFFFFFFF,FFFFFFFF,FFFFFFFF,969696FF,969696FF,969696FF,969696FF,FFFFFFFF,FFFFFFFF,FFFFFFFF,FFFFFFFF,FFFFFFFF,FFFFFFFF,969696FF,969696FF,969696FF,969696FF,969696FF,969696FF,FFFFFFFF,FFFFFFFF,FFFFFFFF,FFFFFFFF,FFFFFFFF,FFFFFFFF" custom_name="" fluid_type="1" fluid_filter="0"><vp x="2" y="5" z="-5"/><logic_slots><slot value="0"/><slot value="0"/><slot value="false"/><slot value="0"/><slot value="0"/><slot value="0"/></logic_slots></o></c><c d="fluid_tank_medium" t="1"><o r="1,0,0,0,0,-1,0,1,0" bc="969696FF" ac="FFFFFFFF" sc="32,FFFFFFFF,FFFFFFFF,FFFFFFFF,FFFFFFFF,FFFFFFFF,FFFFFFFF,FFFFFFFF,FFFFFFFF,FFFFFFFF,FFFFFFFF,969696FF,969696FF,969696FF,969696FF,FFFFFFFF,FFFFFFFF,FFFFFFFF,FFFFFFFF,FFFFFFFF,FFFFFFFF,969696FF,969696FF,969696FF,969696FF,969696FF,969696FF,FFFFFFFF,FFFFFFFF,FFFFFFFF,FFFFFFFF,FFFFFFFF,FFFFFFFF" custom_name="" fluid_type="1" fluid_filter="0"><vp x="-2" y="5" z="-5"/><logic_slots><slot value="0"/><slot value="0"/><slot value="false"/><slot value="0"/><slot value="0"/><slot value="0"/></logic_slots></o></c><c d="01_block" t="0"><o r="-1,0,0,0,-1,0,0,0,1" bc="969696FF" ac="969696FF" sc="6"><vp x="-2" y="0" z="-1"/></o></c><c d="01_block" t="0"><o r="-1,0,0,0,-1,0,0,0,1" bc="969696FF" ac="969696FF" sc="6,969696FF,969696FF,969696FF,454545FF,969696FF,969696FF"><vp x="-1" y="0" z="0"/></o></c><c d="01_block" t="0"><o r="-1,0,0,0,-1,0,0,0,1" bc="969696FF" ac="969696FF" sc="6,969696FF,969696FF,969696FF,454545FF,969696FF,969696FF"><vp x="0" y="0" z="0"/></o></c><c d="01_block" t="0"><o r="-1,0,0,0,-1,0,0,0,1" bc="969696FF" ac="969696FF" sc="6,969696FF,969696FF,969696FF,454545FF,969696FF,969696FF"><vp x="1" y="0" z="0"/></o></c><c d="01_block" t="1"><o r="-1,0,0,0,-1,0,0,0,1" bc="969696FF" ac="969696FF" sc="6"><vp x="2" y="0" z="-1"/></o></c><c d="trans_block_straight" t="0"><o r="0,1,0,0,0,-1,-1,0,0" bc="969696FF" ac="969696FF" sc="6" custom_name=""><vp x="-2" y="2" z="-4"/></o></c><c d="trans_block_straight" t="4"><o r="0,1,0,0,0,-1,-1,0,0" bc="969696FF" ac="969696FF" sc="6" custom_name=""><vp x="2" y="2" z="-4"/></o></c><c d="trans_block_angle" t="0"><o r="0,1,0,0,0,-1,-1,0,0" bc="969696FF" ac="969696FF" sc="6,969696FF,969696FF,969696FF,454545FF,969696FF,969696FF" custom_name=""><vp x="-2" y="3" z="-4"/></o></c><c d="trans_block_angle" t="4"><o r="0,1,0,0,0,-1,-1,0,0" bc="969696FF" ac="969696FF" sc="6,969696FF,969696FF,969696FF,454545FF,969696FF,969696FF" custom_name=""><vp x="2" y="3" z="-4"/></o></c><c d="trans_block_straight" t="0"><o r="0,0,1,0,1,0,-1,0,0" bc="969696FF" ac="969696FF" sc="6,969696FF,969696FF,454545FF,969696FF,969696FF,969696FF" custom_name=""><vp x="-2" y="3" z="-5"/></o></c><c d="trans_block_straight" t="4"><o r="0,0,1,0,1,0,-1,0,0" bc="969696FF" ac="969696FF" sc="6,969696FF,969696FF,454545FF,969696FF,969696FF,969696FF" custom_name=""><vp x="2" y="3" z="-5"/></o></c><c d="trans_block_straight" t="0"><o r="0,0,1,0,1,0,-1,0,0" bc="969696FF" ac="969696FF" sc="6,969696FF,969696FF,454545FF,969696FF,969696FF,969696FF" custom_name=""><vp x="-2" y="3" z="-6"/></o></c><c d="trans_block_straight" t="4"><o r="0,0,1,0,1,0,-1,0,0" bc="969696FF" ac="969696FF" sc="6,969696FF,969696FF,454545FF,969696FF,969696FF,969696FF" custom_name=""><vp x="2" y="3" z="-6"/></o></c><c d="01_block" t="0"><o r="0,0,1,-1,0,0,0,-1,0" bc="969696FF" ac="969696FF" sc="6"><vp x="-1" y="2" z="-4"/></o></c><c d="01_block" t="0"><o r="0,0,1,-1,0,0,0,-1,0" bc="969696FF" ac="969696FF" sc="6"><vp x="1" y="2" z="-4"/></o></c><c d="gyro" t="0"><o r="1,0,0,0,0,-1,0,1,0" bc="969696FF" ac="969696FF" sc="15" custom_name="" throttle_min="0.01" throttle_max="1"><vp x="0" y="1" z="-5"/><logic_slots><slot value="0"/><slot value="0"/><slot value="0"/><slot value="0"/><slot value="false"/><slot value="0"/><slot value="0"/><slot value="0"/><slot value="0"/></logic_slots></o></c><c d="01_block" t="0"><o r="0,0,1,-1,0,0,0,-1,0" bc="969696FF" ac="969696FF" sc="6"><vp x="0" y="3" z="-7"/></o></c><c d="01_block" t="0"><o r="1,0,0,0,1,0,0,0,1" bc="969696FF" ac="969696FF" sc="6,969696FF,969696FF,969696FF,454545FF,969696FF,969696FF"><vp x="-2" y="7" z="-4"/></o></c><c d="01_block" t="1"><o r="1,0,0,0,1,0,0,0,1" bc="969696FF" ac="969696FF" sc="6,969696FF,969696FF,969696FF,454545FF,969696FF,969696FF"><vp x="2" y="7" z="-4"/></o></c><c d="02_wedge" t="0"><o r="0,0,-1,0,1,0,1,0,0" bc="969696FF" ac="969696FF" sc="5,969696FF,969696FF,969696FF,454545FF,969696FF"><vp x="-3" y="7" z="-6"/></o></c><c d="02_wedge" t="0"><o r="0,0,-1,0,1,0,1,0,0" bc="969696FF" ac="969696FF" sc="5,969696FF,969696FF,969696FF,454545FF,969696FF"><vp x="-3" y="7" z="-5"/></o></c><c d="02_wedge" t="0"><o r="0,0,-1,0,1,0,1,0,0" bc="969696FF" ac="969696FF" sc="5,969696FF,969696FF,969696FF,454545FF,969696FF"><vp x="-3" y="7" z="-4"/></o></c><c d="02_wedge" t="4"><o r="0,0,-1,0,1,0,1,0,0" bc="969696FF" ac="969696FF" sc="5,969696FF,969696FF,969696FF,454545FF,969696FF"><vp x="3" y="7" z="-6"/></o></c><c d="02_wedge" t="4"><o r="0,0,-1,0,1,0,1,0,0" bc="969696FF" ac="969696FF" sc="5,969696FF,969696FF,969696FF,454545FF,969696FF"><vp x="3" y="7" z="-5"/></o></c><c d="02_wedge" t="4"><o r="0,0,-1,0,1,0,1,0,0" bc="969696FF" ac="969696FF" sc="5,969696FF,969696FF,969696FF,454545FF,969696FF"><vp x="3" y="7" z="-4"/></o></c><c d="02_wedge" t="0"><o r="1,0,0,0,1,0,0,0,1" bc="969696FF" ac="969696FF" sc="5"><vp x="-2" y="7" z="-7"/></o></c><c d="02_wedge" t="0"><o r="1,0,0,0,1,0,0,0,1" bc="969696FF" ac="969696FF" sc="5"><vp x="-1" y="7" z="-7"/></o></c><c d="02_wedge" t="0"><o r="1,0,0,0,1,0,0,0,1" bc="969696FF" ac="969696FF" sc="5"><vp x="0" y="7" z="-7"/></o></c><c d="02_wedge" t="0"><o r="1,0,0,0,1,0,0,0,1" bc="969696FF" ac="969696FF" sc="5"><vp x="1" y="7" z="-7"/></o></c><c d="02_wedge" t="1"><o r="1,0,0,0,1,0,0,0,1" bc="969696FF" ac="969696FF" sc="5"><vp x="2" y="7" z="-7"/></o></c><c d="01_block" t="0"><o r="1,0,0,0,0,-1,0,1,0" bc="969696FF" ac="969696FF" sc="6,969696FF,454545FF,969696FF,969696FF,454545FF,969696FF"><vp x="-1" y="7" z="-4"/></o></c><c d="01_block" t="0"><o r="1,0,0,0,0,-1,0,1,0" bc="969696FF" ac="969696FF" sc="6,969696FF,454545FF,969696FF,969696FF,969696FF,454545FF"><vp x="1" y="7" z="-4"/></o></c><c d="01_block" t="0"><o r="1,0,0,0,0,-1,0,1,0" bc="969696FF" ac="969696FF" sc="6,969696FF,454545FF,969696FF,969696FF,969696FF,969696FF"><vp x="-2" y="7" z="-5"/></o></c><c d="01_block" t="0"><o r="1,0,0,0,0,-1,0,1,0" bc="969696FF" ac="969696FF" sc="6,969696FF,454545FF,969696FF,969696FF,454545FF,969696FF"><vp x="-1" y="7" z="-5"/></o></c><c d="01_block" t="0"><o r="1,0,0,0,0,-1,0,1,0" bc="969696FF" ac="969696FF" sc="6,969696FF,454545FF,969696FF,969696FF,969696FF,969696FF"><vp x="0" y="7" z="-5"/></o></c><c d="01_block" t="0"><o r="1,0,0,0,0,-1,0,1,0" bc="969696FF" ac="969696FF" sc="6,969696FF,454545FF,969696FF,969696FF,969696FF,454545FF"><vp x="1" y="7" z="-5"/></o></c><c d="01_block" t="0"><o r="1,0,0,0,0,-1,0,1,0" bc="969696FF" ac="969696FF" sc="6,969696FF,454545FF,969696FF,969696FF,969696FF,969696FF"><vp x="2" y="7" z="-5"/></o></c><c d="water_inlet" t="0"><o r="-1,0,0,0,-1,0,0,0,1" bc="969696FF" ac="969696FF" sc="5" custom_name="" fluid_type="0" fluid_filter="0"><vp x="0" y="3" z="-8"/><logic_slots><slot value="0"/><slot value="0"/><slot value="false"/><slot value="0"/><slot value="0"/><slot value="0"/></logic_slots></o></c><c d="button_throttle_lever" t="0"><o r="0,0,1,0,1,0,-1,0,0" bc="454545FF" ac="969696FF" sc="8,969696FF,969696FF,969696FF,969696FF,969696FF,969696FF,969696FF,969696FF" custom_name="" hold_duration="1" default_state="false" sensitivity="1" val_1_name="" val_2_name=""><vp x="0" y="0" z="1"/><logic_slots><slot value="false"/><slot value="false"/><slot value="false"/><slot value="0"/><slot value="0"/></logic_slots><min_lever_value text="0" value="0"/><max_lever_value text="1" value="1"/><starting_lever_value text="0" value="0"/></o></c><c d="dial" t="0"><o r="-1,0,0,0,0,-1,0,-1,0" bc="29ADFFFF" ac="FFFFFFFF" sc="5,FFFFFFFF,FFFFFFFF,29ADFFFF,FFFFFFFF,FFFFFFFF" custom_name="Engine Temp" decimal_point_pos="3" audio="audio/fx3/stormworks_warningalarm.ogg" volume="1" pitch="1" is_infrared="false"><vp x="1" y="3" z="5"/><logic_slots><slot value="0"/><slot value="0"/><slot value="false"/></logic_slots><min_value text="0" value="0"/><max_value text="100" value="100"/></o></c><c d="dial" t="0"><o r="-1,0,0,0,0,-1,0,-1,0" bc="29ADFFFF" ac="FFFFFFFF" sc="5,FFFFFFFF,FFFFFFFF,29ADFFFF,FFFFFFFF,29ADFFFF" custom_name="Engine RPS" decimal_point_pos="3" audio="audio/fx3/stormworks_warningalarm.ogg" volume="1" pitch="1" is_infrared="false"><vp x="2" y="3" z="5"/><logic_slots><slot value="0"/><slot value="0"/><slot value="false"/></logic_slots><min_value text="0" value="0"/><max_value text="20" value="20"/></o></c><c d="trans_block_straight" t="0"><o r="0,0,-1,-1,0,0,0,1,0" bc="FFFFFFFF" ac="FFFFFFFF" sc="6,FFFFFFFF,FFFFFFFF,969696FF,FFFFFFFF,969696FF,969696FF" custom_name=""><vp x="0" y="5" z="-23"/></o></c><c d="trans_block_straight" t="0"><o r="0,0,-1,-1,0,0,0,1,0" bc="FFFFFFFF" ac="FFFFFFFF" sc="6,FFFFFFFF,FFFFFFFF,969696FF,FFFFFFFF,969696FF,969696FF" custom_name=""><vp x="0" y="5" z="-22"/></o></c><c d="trans_block_straight" t="0"><o r="0,0,-1,-1,0,0,0,1,0" bc="FFFFFFFF" ac="FFFFFFFF" sc="6,FFFFFFFF,FFFFFFFF,969696FF,FFFFFFFF,969696FF,969696FF" custom_name=""><vp x="0" y="5" z="-21"/></o></c><c d="trans_block_straight" t="0"><o r="0,0,-1,-1,0,0,0,1,0" bc="FFFFFFFF" ac="FFFFFFFF" sc="6,FFFFFFFF,FFFFFFFF,969696FF,FFFFFFFF,969696FF,969696FF" custom_name=""><vp x="0" y="5" z="-20"/></o></c><c d="trans_block_straight" t="0"><o r="0,0,-1,-1,0,0,0,1,0" bc="FFFFFFFF" ac="FFFFFFFF" sc="6,FFFFFFFF,FFFFFFFF,969696FF,FFFFFFFF,969696FF,969696FF" custom_name=""><vp x="0" y="5" z="-19"/></o></c><c d="trans_block_straight" t="0"><o r="0,0,-1,-1,0,0,0,1,0" bc="FFFFFFFF" ac="FFFFFFFF" sc="6,FFFFFFFF,FFFFFFFF,969696FF,FFFFFFFF,969696FF,969696FF" custom_name=""><vp x="0" y="5" z="-18"/></o></c><c d="trans_block_straight" t="0"><o r="0,0,-1,-1,0,0,0,1,0" bc="FFFFFFFF" ac="FFFFFFFF" sc="6,FFFFFFFF,FFFFFFFF,969696FF,FFFFFFFF,969696FF,969696FF" custom_name=""><vp x="0" y="5" z="-17"/></o></c><c d="trans_block_straight" t="0"><o r="0,0,-1,-1,0,0,0,1,0" bc="FFFFFFFF" ac="FFFFFFFF" sc="6,FFFFFFFF,FFFFFFFF,969696FF,FFFFFFFF,969696FF,969696FF" custom_name=""><vp x="0" y="5" z="-16"/></o></c><c d="trans_block_straight" t="0"><o r="0,0,-1,-1,0,0,0,1,0" bc="FFFFFFFF" ac="FFFFFFFF" sc="6,FFFFFFFF,FFFFFFFF,969696FF,FFFFFFFF,969696FF,969696FF" custom_name=""><vp x="0" y="5" z="-15"/></o></c><c d="trans_block_straight" t="0"><o r="0,0,-1,-1,0,0,0,1,0" bc="FFFFFFFF" ac="FFFFFFFF" sc="6,FFFFFFFF,FFFFFFFF,969696FF,FFFFFFFF,969696FF,969696FF" custom_name=""><vp x="0" y="5" z="-14"/></o></c><c d="trans_block_straight" t="0"><o r="0,0,-1,-1,0,0,0,1,0" bc="FFFFFFFF" ac="FFFFFFFF" sc="6,FFFFFFFF,FFFFFFFF,969696FF,FFFFFFFF,969696FF,969696FF" custom_name=""><vp x="0" y="5" z="-13"/></o></c><c d="trans_block_straight" t="0"><o r="0,0,-1,-1,0,0,0,1,0" bc="FFFFFFFF" ac="FFFFFFFF" sc="6,FFFFFFFF,FFFFFFFF,969696FF,FFFFFFFF,969696FF,969696FF" custom_name=""><vp x="0" y="5" z="-12"/></o></c><c d="trans_block_straight" t="0"><o r="0,0,-1,-1,0,0,0,1,0" bc="FFFFFFFF" ac="FFFFFFFF" sc="6,FFFFFFFF,FFFFFFFF,969696FF,FFFFFFFF,969696FF,969696FF" custom_name=""><vp x="0" y="5" z="-11"/></o></c><c d="trans_block_t" t="0"><o r="0,1,0,0,0,-1,-1,0,0" bc="FFFFFFFF" ac="FFFFFFFF" sc="6,969696FF,FFFFFFFF,FFFFFFFF,969696FF,969696FF,969696FF" custom_name=""><vp x="0" y="6" z="-5"/></o></c><c d="trans_block_straight" t="0"><o r="0,0,1,0,-1,0,1,0,0" bc="FFFFFFFF" ac="FFFFFFFF" sc="6,454545FF,969696FF,969696FF,969696FF,969696FF,969696FF" custom_name=""><vp x="0" y="6" z="-6"/></o></c><c d="trans_block_straight" t="0"><o r="0,0,1,0,-1,0,1,0,0" bc="FFFFFFFF" ac="FFFFFFFF" sc="6,FFFFFFFF,969696FF,969696FF,969696FF,969696FF,969696FF" custom_name=""><vp x="0" y="6" z="-7"/></o></c><c d="trans_block_straight" t="0"><o r="0,-1,0,-1,0,0,0,0,-1" bc="FFFFFFFF" ac="FFFFFFFF" sc="6,969696FF,969696FF,FFFFFFFF,454545FF,FFFFFFFF,969696FF" custom_name=""><vp x="-2" y="6" z="-6"/></o></c><c d="trans_block_straight" t="2"><o r="0,-1,0,-1,0,0,0,0,-1" bc="FFFFFFFF" ac="FFFFFFFF" sc="6,969696FF,969696FF,FFFFFFFF,454545FF,FFFFFFFF,969696FF" custom_name=""><vp x="2" y="6" z="-6"/></o></c><c d="trans_block_angle" t="0"><o r="0,1,0,1,0,0,0,0,-1" bc="FFFFFFFF" ac="FFFFFFFF" sc="6,FFFFFFFF,FFFFFFFF,969696FF,969696FF,454545FF,FFFFFFFF" custom_name=""><vp x="-2" y="7" z="-6"/></o></c><c d="trans_block_angle" t="2"><o r="0,1,0,1,0,0,0,0,-1" bc="FFFFFFFF" ac="FFFFFFFF" sc="6,FFFFFFFF,FFFFFFFF,969696FF,969696FF,454545FF,FFFFFFFF" custom_name=""><vp x="2" y="7" z="-6"/></o></c><c d="trans_block_straight" t="0"><o r="-1,0,0,0,0,1,0,1,0" bc="FFFFFFFF" ac="FFFFFFFF" sc="6,FFFFFFFF,FFFFFFFF,454545FF,FFFFFFFF,969696FF,969696FF" custom_name=""><vp x="-1" y="7" z="-6"/></o></c><c d="trans_block_straight" t="1"><o r="-1,0,0,0,0,1,0,1,0" bc="FFFFFFFF" ac="FFFFFFFF" sc="6,FFFFFFFF,FFFFFFFF,454545FF,FFFFFFFF,969696FF,969696FF" custom_name=""><vp x="1" y="7" z="-6"/></o></c><c d="trans_block_straight" t="0"><o r="-1,0,0,0,0,1,0,1,0" bc="FFFFFFFF" ac="FFFFFFFF" sc="6,969696FF,969696FF,454545FF,FFFFFFFF,969696FF,969696FF" custom_name=""><vp x="0" y="7" z="-6"/></o></c><c d="trans_block_angle" t="0"><o r="0,0,-1,-1,0,0,0,1,0" bc="FFFFFFFF" ac="FFFFFFFF" sc="6,FFFFFFFF,FFFFFFFF,FFFFFFFF,969696FF,969696FF,FFFFFFFF" custom_name=""><vp x="-1" y="3" z="-7"/></o></c><c d="trans_block_angle" t="2"><o r="0,0,-1,-1,0,0,0,1,0" bc="FFFFFFFF" ac="FFFFFFFF" sc="6,FFFFFFFF,FFFFFFFF,454545FF,969696FF,969696FF,FFFFFFFF" custom_name=""><vp x="1" y="3" z="-7"/></o></c><c d="trans_block_angle" t="0"><o r="0,0,-1,1,0,0,0,-1,0" bc="FFFFFFFF" ac="FFFFFFFF" sc="6,FFFFFFFF,FFFFFFFF,969696FF,969696FF,FFFFFFFF,FFFFFFFF" custom_name=""><vp x="-2" y="3" z="-7"/></o></c><c d="trans_block_angle" t="2"><o r="0,0,-1,1,0,0,0,-1,0" bc="FFFFFFFF" ac="FFFFFFFF" sc="6,FFFFFFFF,FFFFFFFF,969696FF,969696FF,454545FF,FFFFFFFF" custom_name=""><vp x="2" y="3" z="-7"/></o></c><c d="01_block" t="2"><o r="0,0,1,-1,0,0,0,-1,0" bc="FFFFFFFF" ac="FFFFFFFF" sc="6,969696FF,454545FF,969696FF,FFFFFFFF,969696FF,454545FF"><vp x="3" y="3" z="-6"/></o></c><c d="01_block" t="0"><o r="-1,0,0,0,-1,0,0,0,1" bc="FFFFFFFF" ac="FFFFFFFF" sc="6,FFFFFFFF,969696FF,FFFFFFFF,FFFFFFFF,FFFFFFFF,969696FF"><vp x="-3" y="2" z="-5"/></o></c><c d="01_block" t="1"><o r="-1,0,0,0,-1,0,0,0,1" bc="FFFFFFFF" ac="FFFFFFFF" sc="6,FFFFFFFF,FFFFFFFF,FFFFFFFF,FFFFFFFF,FFFFFFFF,969696FF"><vp x="3" y="2" z="-5"/></o></c><c d="01_block" t="0"><o r="0,0,1,-1,0,0,0,-1,0" bc="FFFFFFFF" ac="FFFFFFFF" sc="6,FFFFFFFF,FFFFFFFF,969696FF,FFFFFFFF,FFFFFFFF,969696FF"><vp x="-3" y="1" z="-4"/></o></c><c d="01_block" t="2"><o r="0,0,1,-1,0,0,0,-1,0" bc="FFFFFFFF" ac="FFFFFFFF" sc="6,FFFFFFFF,FFFFFFFF,969696FF,FFFFFFFF,FFFFFFFF,969696FF"><vp x="3" y="1" z="-4"/></o></c><c d="04_invpyramid" t="0"><o r="0,0,1,0,-1,0,1,0,0" bc="FFFFFFFF" ac="FFFFFFFF" sc="7,FFFFFFFF,FFFFFFFF,FFFFFFFF,FFFFFFFF,969696FF,969696FF,969696FF"><vp x="-3" y="1" z="-5"/></o></c><c d="04_invpyramid" t="4"><o r="0,0,1,0,-1,0,1,0,0" bc="FFFFFFFF" ac="FFFFFFFF" sc="7,FFFFFFFF,FFFFFFFF,FFFFFFFF,FFFFFFFF,FFFFFFFF,969696FF,969696FF"><vp x="3" y="1" z="-5"/></o></c><c d="03_pyramid" t="0"><o r="0,0,1,0,-1,0,1,0,0" bc="FFFFFFFF" ac="FFFFFFFF" sc="4,FFFFFFFF,FFFFFFFF,FFFFFFFF,969696FF"><vp x="-3" y="0" z="-5"/></o></c><c d="03_pyramid" t="4"><o r="0,0,1,0,-1,0,1,0,0" bc="FFFFFFFF" ac="FFFFFFFF" sc="4,FFFFFFFF,FFFFFFFF,FFFFFFFF,969696FF"><vp x="3" y="0" z="-5"/></o></c><c d="03_pyramid" t="4"><o r="0,0,1,0,-1,0,1,0,0" bc="FFFFFFFF" ac="FFFFFFFF" sc="4,454545FF,FFFFFFFF,FFFFFFFF,969696FF"><vp x="3" y="1" z="-6"/></o></c><c d="03_pyramid" t="0"><o r="1,0,0,0,0,-1,0,1,0" bc="FFFFFFFF" ac="FFFFFFFF" sc="4,FFFFFFFF,FFFFFFFF,FFFFFFFF,969696FF"><vp x="-3" y="2" z="-7"/></o></c><c d="02_wedge" t="0"><o r="-1,0,0,0,-1,0,0,0,1" bc="FFFFFFFF" ac="FFFFFFFF" sc="5,FFFFFFFF,FFFFFFFF,FFFFFFFF,FFFFFFFF,969696FF"><vp x="-2" y="2" z="-7"/></o></c><c d="02_wedge" t="0"><o r="-1,0,0,0,-1,0,0,0,1" bc="FFFFFFFF" ac="FFFFFFFF" sc="5,FFFFFFFF,FFFFFFFF,FFFFFFFF,FFFFFFFF,969696FF"><vp x="-1" y="2" z="-7"/></o></c><c d="02_wedge" t="0"><o r="-1,0,0,0,-1,0,0,0,1" bc="FFFFFFFF" ac="FFFFFFFF" sc="5,FFFFFFFF,FFFFFFFF,FFFFFFFF,FFFFFFFF,969696FF"><vp x="0" y="2" z="-7"/></o></c><c d="02_wedge" t="0"><o r="-1,0,0,0,-1,0,0,0,1" bc="FFFFFFFF" ac="FFFFFFFF" sc="5,FFFFFFFF,FFFFFFFF,FFFFFFFF,FFFFFFFF,969696FF"><vp x="1" y="2" z="-7"/></o></c><c d="02_wedge" t="1"><o r="-1,0,0,0,-1,0,0,0,1" bc="FFFFFFFF" ac="FFFFFFFF" sc="5,FFFFFFFF,FFFFFFFF,FFFFFFFF,FFFFFFFF,969696FF"><vp x="2" y="2" z="-7"/></o></c><c d="02_wedge" t="0"><o r="-1,0,0,0,-1,0,0,0,1" bc="FFFFFFFF" ac="FFFFFFFF" sc="5,FFFFFFFF,969696FF,454545FF,FFFFFFFF,969696FF"><vp x="-2" y="1" z="-6"/></o></c><c d="02_wedge" t="0"><o r="-1,0,0,0,-1,0,0,0,1" bc="FFFFFFFF" ac="FFFFFFFF" sc="5,FFFFFFFF,FFFFFFFF,454545FF,FFFFFFFF,969696FF"><vp x="-1" y="1" z="-6"/></o></c><c d="02_wedge" t="0"><o r="-1,0,0,0,-1,0,0,0,1" bc="FFFFFFFF" ac="FFFFFFFF" sc="5,FFFFFFFF,FFFFFFFF,454545FF,FFFFFFFF,969696FF"><vp x="1" y="1" z="-6"/></o></c><c d="02_wedge" t="1"><o r="-1,0,0,0,-1,0,0,0,1" bc="FFFFFFFF" ac="FFFFFFFF" sc="5,FFFFFFFF,FFFFFFFF,454545FF,FFFFFFFF,969696FF"><vp x="2" y="1" z="-6"/></o></c><c d="02_wedge" t="0"><o r="0,1,0,-1,0,0,0,0,1" bc="FFFFFFFF" ac="FFFFFFFF" sc="5,969696FF,FFFFFFFF,FFFFFFFF,FFFFFFFF,969696FF"><vp x="-3" y="3" z="-7"/></o></c><c d="02_wedge" t="2"><o r="0,1,0,-1,0,0,0,0,1" bc="FFFFFFFF" ac="FFFFFFFF" sc="5,969696FF,454545FF,FFFFFFFF,FFFFFFFF,969696FF"><vp x="3" y="3" z="-7"/></o></c><c d="04_invpyramid" t="2"><o r="0,1,0,-1,0,0,0,0,1" bc="FFFFFFFF" ac="FFFFFFFF" sc="7,FFFFFFFF,454545FF,FFFFFFFF,969696FF,FFFFFFFF,969696FF,969696FF"><vp x="3" y="2" z="-6"/></o></c><c d="03_pyramid" t="0"><o r="-1,0,0,0,-1,0,0,0,1" bc="FFFFFFFF" ac="FFFFFFFF" sc="4,FFFFFFFF,FFFFFFFF,FFFFFFFF,969696FF"><vp x="3" y="2" z="-7"/></o></c><c d="trans_block_angle" t="0"><o r="0,0,-1,0,-1,0,-1,0,0" bc="FFFFFFFF" ac="FFFFFFFF" sc="6,FFFFFFFF,969696FF,969696FF,FFFFFFFF,969696FF,969696FF" custom_name=""><vp x="0" y="6" z="-8"/></o></c><c d="trans_block_angle" t="0"><o r="0,-1,0,0,0,-1,1,0,0" bc="FFFFFFFF" ac="FFFFFFFF" sc="6,969696FF,FFFFFFFF,969696FF,FFFFFFFF,969696FF,FFFFFFFF" custom_name=""><vp x="0" y="5" z="-8"/></o></c><c d="trans_block_straight" t="0"><o r="0,0,1,0,1,0,-1,0,0" bc="FFFFFFFF" ac="FFFFFFFF" sc="6,FFFFFFFF,FFFFFFFF,969696FF,969696FF,FFFFFFFF,969696FF" custom_name=""><vp x="0" y="5" z="-9"/></o></c><c d="trans_block_straight" t="0"><o r="0,0,1,0,1,0,-1,0,0" bc="FFFFFFFF" ac="FFFFFFFF" sc="6,FFFFFFFF,FFFFFFFF,969696FF,969696FF,FFFFFFFF,969696FF" custom_name=""><vp x="0" y="5" z="-10"/></o></c><c d="water_inlet" t="0"><o r="0,1,0,0,0,-1,-1,0,0" bc="454545FF" ac="FFFFFFFF" sc="5,FFFFFFFF,FFFFFFFF,FFFFFFFF,FFFFFFFF,FFFFFFFF" custom_name="" fluid_type="0" fluid_filter="0"><vp x="-1" y="4" z="-7"/><logic_slots><slot value="0"/><slot value="0"/><slot value="false"/><slot value="0"/><slot value="0"/><slot value="0"/></logic_slots></o></c><c d="trans_block_t" t="0"><o r="0,0,-1,0,-1,0,-1,0,0" bc="FFFFFFFF" ac="FFFFFFFF" sc="6,454545FF,FFFFFFFF,969696FF,FFFFFFFF,969696FF,FFFFFFFF" custom_name=""><vp x="2" y="5" z="-6"/></o></c><c d="trans_block_angle" t="0"><o r="0,-1,0,0,0,-1,1,0,0" bc="FFFFFFFF" ac="FFFFFFFF" sc="6,FFFFFFFF,969696FF,FFFFFFFF,FFFFFFFF,FFFFFFFF,454545FF" custom_name=""><vp x="2" y="4" z="-6"/></o></c><c d="trans_block_angle" t="0"><o r="0,0,-1,1,0,0,0,-1,0" bc="FFFFFFFF" ac="FFFFFFFF" sc="6,FFFFFFFF,FFFFFFFF,FFFFFFFF,969696FF,FFFFFFFF,FFFFFFFF" custom_name=""><vp x="1" y="4" z="-7"/></o></c><c d="trans_block_angle" t="0"><o r="0,0,-1,-1,0,0,0,1,0" bc="FFFFFFFF" ac="FFFFFFFF" sc="6,FFFFFFFF,FFFFFFFF,FFFFFFFF,969696FF,FFFFFFFF,FFFFFFFF" custom_name=""><vp x="2" y="4" z="-7"/></o></c><c d="02_wedge" t="0"><o r="1,0,0,0,1,0,0,0,1" bc="FFFFFFFF" ac="FFFFFFFF" sc="5,969696FF,969696FF,FFFFFFFF,969696FF,969696FF"><vp x="0" y="6" z="-9"/></o></c><c d="trans_block_angle" t="0"><o r="0,0,-1,0,-1,0,-1,0,0" bc="FFFFFFFF" ac="FFFFFFFF" sc="6,FFFFFFFF,FFFFFFFF,969696FF,969696FF,969696FF,969696FF" custom_name=""><vp x="0" y="5" z="-7"/></o></c><c d="trans_block_angle" t="0"><o r="0,-1,0,0,0,-1,1,0,0" bc="FFFFFFFF" ac="FFFFFFFF" sc="6,FFFFFFFF,969696FF,969696FF,FFFFFFFF,969696FF,FFFFFFFF" custom_name=""><vp x="0" y="4" z="-7"/></o></c><c d="trans_block_angle" t="0"><o r="0,0,-1,0,-1,0,-1,0,0" bc="FFFFFFFF" ac="FFFFFFFF" sc="6,FFFFFFFF,FFFFFFFF,454545FF,FFFFFFFF,969696FF,FFFFFFFF" custom_name=""><vp x="0" y="4" z="-8"/></o></c><c d="02_wedge" t="0"><o r="1,0,0,0,0,-1,0,1,0" bc="FFFFFFFF" ac="FFFFFFFF" sc="5,969696FF,969696FF,FFFFFFFF,FFFFFFFF,969696FF"><vp x="0" y="3" z="-9"/></o></c><c d="01_block" t="0"><o r="0,0,1,-1,0,0,0,-1,0" bc="FFFFFFFF" ac="FFFFFFFF" sc="6,FFFFFFFF,FFFFFFFF,FFFFFFFF,FFFFFFFF,969696FF,FFFFFFFF"><vp x="-2" y="4" z="-7"/></o></c><c d="01_block" t="0"><o r="0,0,1,-1,0,0,0,-1,0" bc="FFFFFFFF" ac="FFFFFFFF" sc="6,FFFFFFFF,969696FF,FFFFFFFF,FFFFFFFF,969696FF,FFFFFFFF"><vp x="-2" y="5" z="-7"/></o></c><c d="01_block" t="0"><o r="0,0,1,-1,0,0,0,-1,0" bc="FFFFFFFF" ac="FFFFFFFF" sc="6,969696FF,969696FF,FFFFFFFF,FFFFFFFF,969696FF,FFFFFFFF"><vp x="-2" y="6" z="-7"/></o></c><c d="01_block" t="0"><o r="0,0,1,-1,0,0,0,-1,0" bc="FFFFFFFF" ac="FFFFFFFF" sc="6,FFFFFFFF,969696FF,FFFFFFFF,FFFFFFFF,969696FF,FFFFFFFF"><vp x="-1" y="5" z="-7"/></o></c><c d="01_block" t="0"><o r="0,0,1,-1,0,0,0,-1,0" bc="FFFFFFFF" ac="FFFFFFFF" sc="6,969696FF,969696FF,FFFFFFFF,FFFFFFFF,969696FF,FFFFFFFF"><vp x="-1" y="6" z="-7"/></o></c><c d="01_block" t="0"><o r="1,0,0,0,0,-1,0,1,0" bc="FFFFFFFF" ac="FFFFFFFF" sc="6,969696FF,969696FF,969696FF,454545FF,969696FF,FFFFFFFF"><vp x="-3" y="6" z="-6"/></o></c><c d="02_wedge" t="0"><o r="0,-1,0,0,0,-1,1,0,0" bc="FFFFFFFF" ac="FFFFFFFF" sc="5,FFFFFFFF,FFFFFFFF,FFFFFFFF,FFFFFFFF,969696FF"><vp x="-3" y="4" z="-7"/></o></c><c d="02_wedge" t="0"><o r="0,-1,0,0,0,-1,1,0,0" bc="FFFFFFFF" ac="FFFFFFFF" sc="5,969696FF,FFFFFFFF,FFFFFFFF,FFFFFFFF,969696FF"><vp x="-3" y="5" z="-7"/></o></c><c d="02_wedge" t="0"><o r="0,-1,0,0,0,-1,1,0,0" bc="FFFFFFFF" ac="FFFFFFFF" sc="5,969696FF,969696FF,FFFFFFFF,FFFFFFFF,969696FF"><vp x="-3" y="6" z="-7"/></o></c><c d="03_pyramid" t="0"><o r="1,0,0,0,1,0,0,0,1" bc="FFFFFFFF" ac="FFFFFFFF" sc="4,FFFFFFFF,FFFFFFFF,FFFFFFFF,969696FF"><vp x="-3" y="7" z="-7"/></o></c><c d="01_block" t="0"><o r="0,0,-1,1,0,0,0,-1,0" bc="FFFFFFFF" ac="FFFFFFFF" sc="6,FFFFFFFF,FFFFFFFF,969696FF,FFFFFFFF,454545FF,969696FF"><vp x="3" y="4" z="-6"/></o></c><c d="01_block" t="0"><o r="0,0,-1,1,0,0,0,-1,0" bc="FFFFFFFF" ac="FFFFFFFF" sc="6,FFFFFFFF,969696FF,969696FF,FFFFFFFF,454545FF,969696FF"><vp x="3" y="5" z="-6"/></o></c><c d="01_block" t="0"><o r="0,0,-1,1,0,0,0,-1,0" bc="FFFFFFFF" ac="FFFFFFFF" sc="6,969696FF,969696FF,969696FF,FFFFFFFF,454545FF,969696FF"><vp x="3" y="6" z="-6"/></o></c><c d="02_wedge" t="0"><o r="0,1,0,0,0,-1,-1,0,0" bc="FFFFFFFF" ac="FFFFFFFF" sc="5,FFFFFFFF,FFFFFFFF,FFFFFFFF,FFFFFFFF,969696FF"><vp x="3" y="4" z="-7"/></o></c><c d="02_wedge" t="0"><o r="0,1,0,0,0,-1,-1,0,0" bc="FFFFFFFF" ac="FFFFFFFF" sc="5,FFFFFFFF,969696FF,FFFFFFFF,FFFFFFFF,969696FF"><vp x="3" y="5" z="-7"/></o></c><c d="02_wedge" t="0"><o r="0,1,0,0,0,-1,-1,0,0" bc="FFFFFFFF" ac="FFFFFFFF" sc="5,969696FF,969696FF,FFFFFFFF,FFFFFFFF,969696FF"><vp x="3" y="6" z="-7"/></o></c><c d="03_pyramid" t="0"><o r="0,0,1,0,1,0,-1,0,0" bc="FFFFFFFF" ac="FFFFFFFF" sc="4,FFFFFFFF,FFFFFFFF,FFFFFFFF,969696FF"><vp x="3" y="7" z="-7"/></o></c><c d="01_block" t="0"><o r="0,0,-1,1,0,0,0,-1,0" bc="FFFFFFFF" ac="FFFFFFFF" sc="6,FFFFFFFF,969696FF,FFFFFFFF,FFFFFFFF,FFFFFFFF,969696FF"><vp x="1" y="5" z="-7"/></o></c><c d="01_block" t="0"><o r="0,0,-1,1,0,0,0,-1,0" bc="FFFFFFFF" ac="FFFFFFFF" sc="6,969696FF,969696FF,FFFFFFFF,FFFFFFFF,FFFFFFFF,969696FF"><vp x="1" y="6" z="-7"/></o></c><c d="01_block" t="0"><o r="0,0,-1,1,0,0,0,-1,0" bc="FFFFFFFF" ac="FFFFFFFF" sc="6,FFFFFFFF,969696FF,FFFFFFFF,FFFFFFFF,FFFFFFFF,969696FF"><vp x="2" y="5" z="-7"/></o></c><c d="01_block" t="0"><o r="0,0,-1,1,0,0,0,-1,0" bc="FFFFFFFF" ac="FFFFFFFF" sc="6,969696FF,969696FF,FFFFFFFF,FFFFFFFF,FFFFFFFF,969696FF"><vp x="2" y="6" z="-7"/></o></c><c d="01_block" t="0"><o r="1,0,0,0,1,0,0,0,1" bc="FFFFFFFF" ac="FFFFFFFF" sc="6,FFFFFFFF,FFFFFFFF,454545FF,969696FF,FFFFFFFF,969696FF"><vp x="3" y="3" z="-5"/></o></c><c d="connector_water" t="0"><o r="0,0,1,0,-1,0,1,0,0" bc="FF002BFF" ac="FFFFFFFF" sc="5,969696FF,969696FF,FFFFFFFF,FFFFFFFF,FFFFFFFF" custom_name=""><vp x="-3" y="2" z="-6"/><logic_slots><slot value="false"/><slot value="false"/><slot value="false"/><slot value="false"/><slot value="0"/><slot value="0"/><slot><value bools="0" 01="0" 02="0" 03="0" 04="0" 05="0" 06="0" 07="0" 08="0" 09="0" 10="0" 11="0" 12="0" 13="0" 14="0" 15="0" 16="0" 17="0" 18="0" 19="0" 20="0" 21="0" 22="0" 23="0" 24="0" 25="0" 26="0" 27="0" 28="0" 29="0" 30="0" 31="0" 32="0"/></slot><slot><value bools="0" 01="0" 02="0" 03="0" 04="0" 05="0" 06="0" 07="0" 08="0" 09="0" 10="0" 11="0" 12="0" 13="0" 14="0" 15="0" 16="0" 17="0" 18="0" 19="0" 20="0" 21="0" 22="0" 23="0" 24="0" 25="0" 26="0" 27="0" 28="0" 29="0" 30="0" 31="0" 32="0"/></slot><slot><value/></slot><slot><value/></slot></logic_slots></o></c><c d="trans_block_t" t="0"><o r="0,0,-1,0,-1,0,-1,0,0" bc="FFFFFFFF" ac="FFFFFFFF" sc="6,454545FF,FFFFFFFF,969696FF,FFFFFFFF,969696FF,FFFFFFFF" custom_name=""><vp x="-2" y="5" z="-6"/></o></c><c d="trans_block_angle" t="0"><o r="0,-1,0,-1,0,0,0,0,-1" bc="FFFFFFFF" ac="FFFFFFFF" sc="6,FFFFFFFF,FFFFFFFF,969696FF,FFFFFFFF,454545FF,FFFFFFFF" custom_name=""><vp x="-2" y="4" z="-6"/></o></c><c d="trans_block_angle" t="0"><o r="-1,0,0,0,-1,0,0,0,1" bc="FFFFFFFF" ac="FFFFFFFF" sc="6,FFFFFFFF,FFFFFFFF,454545FF,969696FF,969696FF,FFFFFFFF" custom_name=""><vp x="-3" y="4" z="-6"/></o></c><c d="01_block" t="0"><o r="0,0,1,-1,0,0,0,-1,0" bc="FFFFFFFF" ac="FFFFFFFF" sc="6,FFFFFFFF,969696FF,969696FF,FFFFFFFF,969696FF,454545FF"><vp x="-3" y="5" z="-6"/></o></c><c d="02_wedge" t="0"><o r="0,1,0,-1,0,0,0,0,1" bc="FFFFFFFF" ac="FFFFFFFF" sc="5,454545FF,969696FF,FFFFFFFF,FFFFFFFF,969696FF"><vp x="-1" y="5" z="-8"/></o></c><c d="02_wedge" t="0"><o r="0,1,0,-1,0,0,0,0,1" bc="FFFFFFFF" ac="FFFFFFFF" sc="5,969696FF,969696FF,FFFFFFFF,FFFFFFFF,969696FF"><vp x="-1" y="6" z="-8"/></o></c><c d="02_wedge" t="0"><o r="0,1,0,-1,0,0,0,0,1" bc="FFFFFFFF" ac="FFFFFFFF" sc="5,969696FF,454545FF,FFFFFFFF,FFFFFFFF,969696FF"><vp x="-1" y="3" z="-8"/></o></c><c d="02_wedge" t="0"><o r="0,-1,0,1,0,0,0,0,1" bc="FFFFFFFF" ac="FFFFFFFF" sc="5,454545FF,969696FF,FFFFFFFF,FFFFFFFF,969696FF"><vp x="1" y="3" z="-8"/></o></c><c d="02_wedge" t="0"><o r="0,-1,0,1,0,0,0,0,1" bc="FFFFFFFF" ac="FFFFFFFF" sc="5,FFFFFFFF,FFFFFFFF,FFFFFFFF,FFFFFFFF,969696FF"><vp x="1" y="4" z="-8"/></o></c><c d="02_wedge" t="0"><o r="0,-1,0,1,0,0,0,0,1" bc="FFFFFFFF" ac="FFFFFFFF" sc="5,969696FF,FFFFFFFF,FFFFFFFF,FFFFFFFF,969696FF"><vp x="1" y="5" z="-8"/></o></c><c d="02_wedge" t="0"><o r="0,-1,0,1,0,0,0,0,1" bc="FFFFFFFF" ac="FFFFFFFF" sc="5,969696FF,969696FF,FFFFFFFF,FFFFFFFF,969696FF"><vp x="1" y="6" z="-8"/></o></c><c d="water_inlet" t="0"><o r="0,-1,0,0,0,1,-1,0,0" bc="454545FF" ac="FFFFFFFF" sc="5,FFFFFFFF,FFFFFFFF,FFFFFFFF,FFFFFFFF,FFFFFFFF" custom_name="" fluid_type="0" fluid_filter="0"><vp x="1" y="7" z="0"/><logic_slots><slot value="0"/><slot value="0"/><slot value="false"/><slot value="0"/><slot value="0"/><slot value="0"/></logic_slots></o></c><c d="water_inlet" t="0"><o r="0,-1,0,0,0,1,-1,0,0" bc="454545FF" ac="FFFFFFFF" sc="5,FFFFFFFF,FFFFFFFF,FFFFFFFF,FFFFFFFF,FFFFFFFF" custom_name="" fluid_type="0" fluid_filter="0"><vp x="-1" y="7" z="0"/><logic_slots><slot value="0"/><slot value="0"/><slot value="false"/><slot value="0"/><slot value="0"/><slot value="0"/></logic_slots></o></c><c d="02_wedge" t="0"><o r="0,0,1,0,-1,0,1,0,0" bc="969696FF" ac="969696FF" sc="5"><vp x="-3" y="0" z="-4"/></o></c><c d="02_wedge" t="0"><o r="0,0,-1,0,-1,0,-1,0,0" bc="969696FF" ac="969696FF" sc="5"><vp x="3" y="0" z="-4"/></o></c><c d="01_block" t="0"><o r="-1,0,0,0,-1,0,0,0,1" bc="969696FF" ac="969696FF" sc="6,969696FF,969696FF,969696FF,969696FF,969696FF,454545FF"><vp x="-1" y="6" z="-4"/></o></c><c d="01_block" t="0"><o r="-1,0,0,0,-1,0,0,0,1" bc="969696FF" ac="969696FF" sc="6,969696FF,969696FF,969696FF,969696FF,454545FF,969696FF"><vp x="1" y="6" z="-4"/></o></c><c d="handle" t="0"><o r="0,0,-1,0,-1,0,-1,0,0" bc="29ADFFFF" ac="969696FF" sc="5,969696FF,969696FF,969696FF,969696FF,969696FF" custom_name=""><vp x="2" y="7" z="-2"/><logic_slots/></o></c><c d="handle" t="4"><o r="0,0,-1,0,-1,0,-1,0,0" bc="29ADFFFF" ac="969696FF" sc="5,969696FF,969696FF,969696FF,969696FF,969696FF" custom_name=""><vp x="-2" y="7" z="-2"/><logic_slots/></o></c><c d="battery_small" t="0"><o r="1,0,0,0,1,0,0,0,1" bc="FFFFFFFF" ac="FFFFFFFF" sc="2" custom_name="" default_state="false"><vp x="1" y="2" z="-6"/><logic_slots><slot value="0"/><slot value="false"/><slot value="0"/></logic_slots></o></c><c d="trans_block_t" t="0"><o r="0,-1,0,0,0,-1,1,0,0" bc="FFFFFFFF" ac="FFFFFFFF" sc="6,FFFFFFFF,FFFFFFFF,FFFFFFFF,FFFFFFFF,969696FF,FFFFFFFF" custom_name=""><vp x="0" y="6" z="-4"/></o></c><c d="generator_small" t="0"><o r="1,0,0,0,1,0,0,0,1" bc="FFFFFFFF" ac="FFFFFFFF" sc="6" custom_name="" default_state="false"><vp x="0" y="7" z="-4"/><logic_slots><slot value="0"/><slot value="false"/><slot value="0"/></logic_slots></o></c><c d="dial" t="0"><o r="-1,0,0,0,0,-1,0,-1,0" bc="29ADFFFF" ac="FFFFFFFF" sc="5,FFFFFFFF,FFFFFFFF,29ADFFFF,FFFFFFFF,FFFFFFFF" custom_name="Fuel" decimal_point_pos="3" audio="audio/fx3/stormworks_warningalarm.ogg" volume="1" pitch="1" is_infrared="false"><vp x="-1" y="3" z="5"/><logic_slots><slot value="0"/><slot value="0"/><slot value="false"/></logic_slots><min_value text="0" value="0"/><max_value text="1.0" value="1"/></o></c><c d="electric_curcuit_breaker" t="0"><o r="1,0,0,0,0,-1,0,1,0" bc="29ADFFFF" ac="29ADFFFF" sc="5,FFFFFFFF,29ADFFFF,FFFFFFFF,FFFFFFFF,FFFFFFFF" custom_name="Electric Power" default_state="false"><vp x="0" y="3" z="5"/><logic_slots><slot value="0"/><slot value="false"/><slot value="0"/></logic_slots></o></c><c d="dial" t="0"><o r="1,0,0,0,0,1,0,-1,0" bc="969696FF" ac="FFFFFFFF" sc="5,FFFFFFFF,FFFFFFFF,FFFFFFFF,FFFFFFFF,FFFFFFFF" custom_name="Electric Charge" decimal_point_pos="3" audio="audio/fx3/stormworks_warningalarm.ogg" volume="1" pitch="1" is_infrared="false"><vp x="0" y="2" z="-4"/><logic_slots><slot value="0"/><slot value="0"/><slot value="false"/></logic_slots><min_value text="0" value="0"/><max_value text="1.0" value="1"/></o></c><c d="gate_bool_constant" t="0"><o r="1,0,0,0,0,1,0,-1,0" bc="29ADFFFF" ac="29ADFFFF" sc="1" custom_name="" sensitivity="0.2" timer_scalar_1="0.183" timer_scalar_2="0.183" lss_mode="0" func_type="0" property_text=""><vp x="0" y="1" z="5"/><logic_slots><slot value="false"/><slot value="false"/><slot value="0"/><slot value="0"/><slot value="0"/><slot value="false"/><slot value="false"/><slot value="0"/><slot value="0"/><slot value="0"/><slot value="0"/><slot><value bools="0" 01="0" 02="0" 03="0" 04="0" 05="0" 06="0" 07="0" 08="0" 09="0" 10="0" 11="0" 12="0" 13="0" 14="0" 15="0" 16="0" 17="0" 18="0" 19="0" 20="0" 21="0" 22="0" 23="0" 24="0" 25="0" 26="0" 27="0" 28="0" 29="0" 30="0" 31="0" 32="0"/></slot><slot><value/></slot><slot><value/></slot></logic_slots><property_output_float_val text="0" value="0"/><min_threshold text="0" value="0"/><max_threshold text="0" value="0"/><pid_controller_ki text="1" value="1"/><pid_controller_kp text="1" value="1"/><pid_controller_kd text="1" value="1"/><exp text="2" value="2"/><min_lever_value text="-1" value="-1"/><max_lever_value text="1" value="1"/><starting_lever_value text="0" value="0"/></o></c><c d="button_push" t="0"><o r="1,0,0,0,0,-1,0,1,0" bc="454545FF" ac="FFFFFFFF" sc="5,FFFFFFFF,FFFFFFFF,29ADFFFF,FFFFFFFF,FFFFFFFF" custom_name="Engine Starter" hold_duration="1" default_state="false" sensitivity="1" val_1_name="" val_2_name=""><vp x="0" y="2" z="4"/><logic_slots><slot value="false"/><slot value="false"/><slot value="false"/><slot value="0"/><slot value="0"/></logic_slots><min_lever_value text="0" value="0"/><max_lever_value text="1" value="1"/><starting_lever_value text="0" value="0"/></o></c><c d="trans_block_straight" t="0"><o r="0,-1,0,-1,0,0,0,0,-1" bc="969696FF" ac="969696FF" sc="6" custom_name=""><vp x="-3" y="3" z="-6"/></o></c><c d="button_push" t="0"><o r="0,0,1,-1,0,0,0,-1,0" bc="969696FF" ac="969696FF" sc="5" custom_name="Fuel Connector Release" hold_duration="1" default_state="false" sensitivity="1" val_1_name="" val_2_name=""><vp x="-3" y="3" z="-5"/><logic_slots><slot value="false"/><slot value="false"/><slot value="false"/><slot value="0"/><slot value="0"/></logic_slots><min_lever_value text="0" value="0"/><max_lever_value text="1" value="1"/><starting_lever_value text="0" value="0"/></o></c><c d="trans_block_angle" t="0"><o r="1,0,0,0,0,1,0,-1,0" bc="969696FF" ac="969696FF" sc="6" custom_name=""><vp x="-1" y="1" z="-4"/></o></c><c d="trans_block_angle" t="1"><o r="1,0,0,0,0,1,0,-1,0" bc="969696FF" ac="969696FF" sc="6" custom_name=""><vp x="1" y="1" z="-4"/></o></c><c d="trans_block_t" t="0"><o r="-1,0,0,0,1,0,0,0,-1" bc="969696FF" ac="969696FF" sc="6" custom_name=""><vp x="-2" y="1" z="-4"/></o></c><c d="trans_block_t" t="1"><o r="-1,0,0,0,1,0,0,0,-1" bc="969696FF" ac="969696FF" sc="6" custom_name=""><vp x="2" y="1" z="-4"/></o></c><c d="trans_block_angle" t="0"><o r="0,-1,0,1,0,0,0,0,1" bc="969696FF" ac="969696FF" sc="6" custom_name=""><vp x="-2" y="0" z="-4"/></o></c><c d="trans_block_angle" t="2"><o r="0,-1,0,1,0,0,0,0,1" bc="969696FF" ac="969696FF" sc="6" custom_name=""><vp x="2" y="0" z="-4"/></o></c><c d="01_block" t="0"><o r="1,0,0,0,0,1,0,-1,0" bc="969696FF" ac="969696FF" sc="6"><vp x="0" y="0" z="-4"/></o></c><c d="01_block" t="0"><o r="1,0,0,0,0,1,0,-1,0" bc="969696FF" ac="969696FF" sc="6"><vp x="0" y="1" z="-4"/></o></c><c d="trans_block_angle" t="0"><o r="0,0,1,0,-1,0,1,0,0" bc="969696FF" ac="969696FF" sc="6" custom_name=""><vp x="-1" y="1" z="-3"/></o></c><c d="trans_block_angle" t="4"><o r="0,0,1,0,-1,0,1,0,0" bc="969696FF" ac="969696FF" sc="6" custom_name=""><vp x="1" y="1" z="-3"/></o></c><c d="trans_block_angle" t="0"><o r="1,0,0,0,-1,0,0,0,-1" bc="969696FF" ac="969696FF" sc="6" custom_name=""><vp x="-1" y="0" z="-4"/></o></c><c d="trans_block_angle" t="1"><o r="1,0,0,0,-1,0,0,0,-1" bc="969696FF" ac="969696FF" sc="6" custom_name=""><vp x="1" y="0" z="-4"/></o></c><c d="fluid_radiator" t="0"><o r="1,0,0,0,0,-1,0,1,0" bc="969696FF" ac="969696FF" sc="23" custom_name="" fluid_type="1" fluid_filter="4294967295"><vp x="0" y="-1" z="-3"/><logic_slots><slot value="0"/><slot value="0"/><slot value="false"/><slot value="0"/><slot value="0"/><slot value="0"/></logic_slots></o></c><c d="01_block" t="0"><o r="1,0,0,0,0,1,0,-1,0" bc="969696FF" ac="969696FF" sc="6"><vp x="-2" y="0" z="-3"/></o></c><c d="01_block" t="0"><o r="1,0,0,0,0,1,0,-1,0" bc="969696FF" ac="969696FF" sc="6"><vp x="-2" y="0" z="-2"/></o></c><c d="01_block" t="1"><o r="1,0,0,0,0,1,0,-1,0" bc="969696FF" ac="969696FF" sc="6"><vp x="2" y="0" z="-3"/></o></c><c d="01_block" t="1"><o r="1,0,0,0,0,1,0,-1,0" bc="969696FF" ac="969696FF" sc="6"><vp x="2" y="0" z="-2"/></o></c><c d="02_wedge" t="0"><o r="0,0,1,0,-1,0,1,0,0" bc="969696FF" ac="969696FF" sc="5"><vp x="-2" y="-1" z="-2"/></o></c><c d="02_wedge" t="4"><o r="0,0,1,0,-1,0,1,0,0" bc="969696FF" ac="969696FF" sc="5"><vp x="2" y="-1" z="-2"/></o></c><c d="02_wedge" t="0"><o r="0,0,1,0,-1,0,1,0,0" bc="969696FF" ac="969696FF" sc="5"><vp x="-2" y="-1" z="-3"/></o></c><c d="02_wedge" t="4"><o r="0,0,1,0,-1,0,1,0,0" bc="969696FF" ac="969696FF" sc="5"><vp x="2" y="-1" z="-3"/></o></c><c d="02_wedge" t="0"><o r="0,0,1,0,-1,0,1,0,0" bc="969696FF" ac="969696FF" sc="5"><vp x="-2" y="-1" z="-4"/></o></c><c d="02_wedge" t="4"><o r="0,0,1,0,-1,0,1,0,0" bc="969696FF" ac="969696FF" sc="5"><vp x="2" y="-1" z="-4"/></o></c><c d="fluid_radiator" t="0"><o r="1,0,0,0,0,-1,0,1,0" bc="969696FF" ac="969696FF" sc="23" custom_name="" fluid_type="1" fluid_filter="4294967295"><vp x="0" y="0" z="-2"/><logic_slots><slot value="0"/><slot value="0"/><slot value="false"/><slot value="0"/><slot value="0"/><slot value="0"/></logic_slots></o></c><c d="02_wedge" t="0"><o r="1,0,0,0,-1,0,0,0,-1" bc="FFFFFFFF" ac="FFFFFFFF" sc="5,FFFFFFFF,FFFFFFFF,FFFFFFFF,FFFFFFFF,969696FF"><vp x="-1" y="0" z="6"/></o></c><c d="02_wedge" t="1"><o r="1,0,0,0,-1,0,0,0,-1" bc="FFFFFFFF" ac="FFFFFFFF" sc="5,FFFFFFFF,FFFFFFFF,FFFFFFFF,FFFFFFFF,969696FF"><vp x="1" y="0" z="6"/></o></c><c d="02_wedge" t="0"><o r="1,0,0,0,-1,0,0,0,-1" bc="FFFFFFFF" ac="FFFFFFFF" sc="5,FFFFFFFF,FFFFFFFF,FFFFFFFF,FFFFFFFF,969696FF"><vp x="0" y="0" z="6"/></o></c><c d="02_wedge" t="0"><o r="-1,0,0,0,0,1,0,1,0" bc="FFFFFFFF" ac="FFFFFFFF" sc="5,FFFFFFFF,FFFFFFFF,FFFFFFFF,FFFFFFFF,969696FF"><vp x="0" y="1" z="7"/></o></c><c d="button_toggle" t="0"><o r="1,0,0,0,0,-1,0,1,0" bc="FFFFFFFF" ac="FFFFFFFF" sc="5" custom_name="" hold_duration="1" default_state="false" sensitivity="1" val_1_name="" val_2_name=""><vp x="1" y="2" z="4"/><logic_slots><slot value="false"/><slot value="false"/><slot value="false"/><slot value="0"/><slot value="0"/></logic_slots><min_lever_value text="0" value="0"/><max_lever_value text="1" value="1"/><starting_lever_value text="0" value="0"/></o></c><c d="01_block" t="0"><o r="1,0,0,0,0,1,0,-1,0" bc="969696FF" ac="969696FF" sc="6"><vp x="0" y="0" z="5"/></o></c><c d="01_block" t="0"><o r="1,0,0,0,0,1,0,-1,0" bc="969696FF" ac="969696FF" sc="6"><vp x="-2" y="2" z="7"/></o></c><c d="winch_electric" t="5"><o r="-1,0,0,0,-1,0,0,0,1" bc="969696FF" ac="969696FF" sc="5" custom_name="" max_force_scalar="1" gear_ratio="2" input_velocity="1"><vp x="0" y="0" z="-6"/><logic_slots><slot value="false"/><slot value="false"/><slot value="0"/></logic_slots></o></c></components></body><body unique_id="4"><initial_local_transform 00="1" 01="0" 02="0" 03="0" 10="0" 11="1" 12="0" 13="0" 20="0" 21="0" 22="1" 23="0" 30="0" 31="0" 32="0" 33="1"/><local_transform 00="1" 01="0" 02="0" 03="0" 10="0" 11="1" 12="0" 13="0" 20="0" 21="0" 22="1" 23="0" 30="0" 31="0" 32="0" 33="1"/><components><c d="winch_electric_b" t="5"><o r="-1,0,0,0,-1,0,0,0,1" bc="969696FF" ac="969696FF" sc="1" custom_name="" max_force_scalar="1" gear_ratio="2" input_velocity="1"><vp x="0" y="0" z="-8"/><logic_slots><slot value="0"/><slot value="false"/><slot value="false"/><slot value="0"/></logic_slots></o></c><c d="magall" t="0"><o r="1,0,0,0,0,-1,0,1,0" bc="969696FF" ac="969696FF" sc="5" custom_name=""><vp x="0" y="0" z="-9"/><logic_slots><slot value="false"/><slot value="false"/><slot value="0"/></logic_slots></o></c></components></body></bodies><logic_node_links><logic_node_link type="1"><voxel_pos_0 x="-3" y="0" z="4"/><voxel_pos_1 x="0" y="8" z="-24"/></logic_node_link><logic_node_link type="1"><voxel_pos_0 x="-1" y="2" z="4"/><voxel_pos_1 x="3" y="5" z="-24"/></logic_node_link><logic_node_link type="1"><voxel_pos_0 x="-1" y="2" z="4"/><voxel_pos_1 x="6" y="5" z="-24"/></logic_node_link><logic_node_link type="0"><voxel_pos_0 x="-3" y="2" z="1"/><voxel_pos_1 x="0" y="1" z="3"/></logic_node_link><logic_node_link type="1"><voxel_pos_0 x="-2" y="4" z="-5"/><voxel_pos_1 x="-1" y="3" z="5"/></logic_node_link><logic_node_link type="1"><voxel_pos_0 x="0" y="0" z="1"/><voxel_pos_1 x="0" y="4" z="-5"/></logic_node_link><logic_node_link type="1"><voxel_pos_0 x="-1" y="2" z="4"/><voxel_pos_1 x="1" y="0" z="-5"/></logic_node_link><logic_node_link type="1"><voxel_pos_0 x="-3" y="2" z="4"/><voxel_pos_1 x="-2" y="0" z="-5"/></logic_node_link><logic_node_link type="1"><voxel_pos_0 x="-1" y="0" z="4"/><voxel_pos_1 x="1" y="2" z="-5"/></logic_node_link><logic_node_link type="1"><voxel_pos_0 x="-3" y="0" z="4"/><voxel_pos_1 x="-2" y="2" z="-5"/></logic_node_link><logic_node_link type="1"><voxel_pos_0 x="-1" y="2" z="-5"/><voxel_pos_1 x="-1" y="5" z="-24"/></logic_node_link><logic_node_link type="1"><voxel_pos_0 x="2" y="0" z="-5"/><voxel_pos_1 x="-1" y="7" z="-2"/></logic_node_link><logic_node_link type="1"><voxel_pos_0 x="-1" y="0" z="-5"/><voxel_pos_1 x="1" y="7" z="-2"/></logic_node_link><logic_node_link type="1"><voxel_pos_0 x="-1" y="3" z="-5"/><voxel_pos_1 x="1" y="3" z="5"/></logic_node_link><logic_node_link type="0"><voxel_pos_0 x="-3" y="3" z="1"/><voxel_pos_1 x="0" y="2" z="3"/></logic_node_link><logic_node_link type="0"><voxel_pos_0 x="0" y="0" z="3"/><voxel_pos_1 x="0" y="1" z="-5"/></logic_node_link><logic_node_link type="4"><voxel_pos_0 x="0" y="7" z="-4"/><voxel_pos_1 x="1" y="2" z="-6"/></logic_node_link><logic_node_link type="4"><voxel_pos_0 x="1" y="2" z="-6"/><voxel_pos_1 x="0" y="3" z="4"/></logic_node_link><logic_node_link type="1"><voxel_pos_0 x="1" y="3" z="-5"/><voxel_pos_1 x="2" y="3" z="5"/></logic_node_link><logic_node_link type="4"><voxel_pos_0 x="0" y="3" z="5"/><voxel_pos_1 x="-1" y="3" z="5"/></logic_node_link><logic_node_link type="0"><voxel_pos_0 x="0" y="2" z="4"/><voxel_pos_1 x="0" y="3" z="-5"/></logic_node_link><logic_node_link type="4"><voxel_pos_0 x="0" y="3" z="5"/><voxel_pos_1 x="1" y="3" z="5"/></logic_node_link><logic_node_link type="4"><voxel_pos_0 x="1" y="3" z="5"/><voxel_pos_1 x="2" y="3" z="5"/></logic_node_link><logic_node_link type="4"><voxel_pos_0 x="0" y="0" z="1"/><voxel_pos_1 x="0" y="1" z="-5"/></logic_node_link><logic_node_link type="4"><voxel_pos_0 x="0" y="1" z="-5"/><voxel_pos_1 x="0" y="3" z="-5"/></logic_node_link><logic_node_link type="4"><voxel_pos_0 x="0" y="3" z="-5"/><voxel_pos_1 x="-2" y="7" z="-1"/></logic_node_link><logic_node_link type="4"><voxel_pos_0 x="-2" y="7" z="-1"/><voxel_pos_1 x="2" y="7" z="-1"/></logic_node_link><logic_node_link type="4"><voxel_pos_0 x="0" y="1" z="-5"/><voxel_pos_1 x="2" y="5" z="-24"/></logic_node_link><logic_node_link type="4"><voxel_pos_0 x="2" y="5" z="-24"/><voxel_pos_1 x="5" y="5" z="-24"/></logic_node_link><logic_node_link type="4"><voxel_pos_0 x="2" y="5" z="-24"/><voxel_pos_1 x="0" y="7" z="-24"/></logic_node_link><logic_node_link type="1"><voxel_pos_0 x="0" y="2" z="-6"/><voxel_pos_1 x="0" y="2" z="-4"/></logic_node_link><logic_node_link type="0"><voxel_pos_0 x="0" y="1" z="5"/><voxel_pos_1 x="-1" y="3" z="4"/></logic_node_link><logic_node_link type="0"><voxel_pos_0 x="0" y="1" z="5"/><voxel_pos_1 x="1" y="3" z="4"/></logic_node_link><logic_node_link type="0"><voxel_pos_0 x="0" y="1" z="5"/><voxel_pos_1 x="2" y="3" z="4"/></logic_node_link><logic_node_link type="4"><voxel_pos_0 x="-3" y="3" z="-5"/><voxel_pos_1 x="-3" y="2" z="-6"/></logic_node_link><logic_node_link type="0"><voxel_pos_0 x="-3" y="3" z="-5"/><voxel_pos_1 x="-3" y="2" z="-6"/></logic_node_link><logic_node_link type="4"><voxel_pos_0 x="0" y="1" z="-5"/><voxel_pos_1 x="-3" y="3" z="-5"/></logic_node_link><logic_node_link type="1"><voxel_pos_0 x="2" y="2" z="-5"/><voxel_pos_1 x="0" y="7" z="-2"/></logic_node_link><logic_node_link type="0"><voxel_pos_0 x="-1" y="1" z="1"/><voxel_pos_1 x="-2" y="7" z="-1"/></logic_node_link><logic_node_link type="0"><voxel_pos_0 x="-1" y="1" z="1"/><voxel_pos_1 x="2" y="7" z="-1"/></logic_node_link><logic_node_link type="4"><voxel_pos_0 x="0" y="3" z="4"/><voxel_pos_1 x="0" y="2" z="4"/></logic_node_link><logic_node_link type="4"><voxel_pos_0 x="0" y="3" z="4"/><voxel_pos_1 x="1" y="3" z="5"/></logic_node_link><logic_node_link type="4"><voxel_pos_0 x="0" y="0" z="3"/><voxel_pos_1 x="0" y="2" z="4"/></logic_node_link><logic_node_link type="4"><voxel_pos_0 x="0" y="0" z="1"/><voxel_pos_1 x="0" y="0" z="3"/></logic_node_link><logic_node_link type="4"><voxel_pos_0 x="0" y="2" z="4"/><voxel_pos_1 x="1" y="2" z="4"/></logic_node_link><logic_node_link type="4"><voxel_pos_0 x="0" y="1" z="-5"/><voxel_pos_1 x="0" y="0" z="-6"/></logic_node_link><logic_node_link type="0"><voxel_pos_0 x="-1" y="3" z="1"/><voxel_pos_1 x="0" y="0" z="-6"/></logic_node_link><logic_node_link type="0"><voxel_pos_0 x="-1" y="2" z="1"/><voxel_pos_1 x="0" y="1" z="-6"/></logic_node_link><logic_node_link type="4"><voxel_pos_0 x="0" y="0" z="-6"/><voxel_pos_1 x="0" y="0" z="-9"/></logic_node_link><logic_node_link type="0"><voxel_pos_0 x="1" y="2" z="4"/><voxel_pos_1 x="0" y="0" z="-9"/></logic_node_link></logic_node_links></vehicle>