<?xml version="1.0" encoding="UTF-8"?><vehicle data_version="2" is_advanced="true" is_static="false" bodies_id="46"><editor_placement_offset x="0" y="0" z="0"/><authors/><bodies><body unique_id="46"><initial_local_transform 00="1" 01="0" 02="0" 03="0" 10="0" 11="1" 12="0" 13="0" 20="0" 21="0" 22="1" 23="0" 30="0" 31="0" 32="0" 33="1"/><local_transform 00="1" 01="0" 02="0" 03="0" 10="0" 11="1" 12="0" 13="0" 20="0" 21="0" 22="1" 23="0" 30="0" 31="0" 32="0" 33="1"/><components><c d="01_block" t="0"><o r="1,0,0,0,1,0,0,0,1" bc="FFFFFFFF" ac="FFFFFFFF" sc="6"><vp x="0" y="0" z="0"/></o></c><c d="01_block" t="0"><o r="1,0,0,0,0,1,0,-1,0" bc="454545FF" ac="454545FF" sc="6"><vp x="0" y="0" z="1"/></o></c><c d="01_block" t="0"><o r="1,0,0,0,0,1,0,-1,0" bc="454545FF" ac="454545FF" sc="6"><vp x="1" y="0" z="0"/></o></c><c d="01_block" t="0"><o r="1,0,0,0,0,1,0,-1,0" bc="454545FF" ac="454545FF" sc="6"><vp x="1" y="0" z="1"/></o></c><c d="01_block" t="0"><o r="1,0,0,0,0,1,0,-1,0" bc="454545FF" ac="454545FF" sc="6"><vp x="2" y="0" z="0"/></o></c><c d="01_block" t="0"><o r="1,0,0,0,0,1,0,-1,0" bc="454545FF" ac="454545FF" sc="6"><vp x="2" y="0" z="1"/></o></c><c d="small_light" t="0"><o r="1,0,0,0,1,0,0,0,1" bc="454545FF" ac="FFFFFFFF" sc="5" custom_name="" ir="false"><vp x="2" y="1" z="0"/><logic_slots><slot value="false"/></logic_slots></o></c><c d="button_toggle" t="0"><o r="1,0,0,0,1,0,0,0,1" bc="454545FF" ac="454545FF" sc="5" custom_name="" hold_duration="1" default_state="true" sensitivity="1" val_1_name="" val_2_name=""><vp x="2" y="1" z="1"/><logic_slots><slot value="false"/><slot value="false"/><slot value="false"/><slot value="0"/><slot value="0"/></logic_slots><min_lever_value text="0" value="0"/><max_lever_value text="1" value="1"/><starting_lever_value text="0" value="0"/></o></c><c d="battery_medium" t="0"><o r="1,0,0,0,0,1,0,-1,0" bc="454545FF" ac="454545FF" sc="6" custom_name="" default_state="false"><vp x="1" y="1" z="2"/><logic_slots><slot value="0"/><slot value="false"/><slot value="0"/></logic_slots></o></c><c d="landing_float" t="0"><o r="-1,0,0,0,-1,0,0,0,1" bc="454545FF" ac="454545FF" sc="74" custom_name=""><vp x="1" y="-3" z="1"/></o></c><c d="landing_float" t="0"><o r="0,1,0,0,0,1,1,0,0" bc="454545FF" ac="454545FF" sc="74" custom_name=""><vp x="1" y="-2" z="8"/></o></c><c d="landing_float" t="0"><o r="0,-1,0,0,0,-1,1,0,0" bc="454545FF" ac="454545FF" sc="74" custom_name=""><vp x="1" y="-2" z="-6"/></o></c><c d="01_block_weight" t="0"><o r="-1,0,0,0,-1,0,0,0,1" bc="454545FF" ac="454545FF" sc="6"><vp x="1" y="-4" z="1"/></o></c><c d="01_block_weight" t="0"><o r="-1,0,0,0,-1,0,0,0,1" bc="454545FF" ac="454545FF" sc="6"><vp x="1" y="-5" z="1"/></o></c><c d="01_block_weight" t="0"><o r="-1,0,0,0,-1,0,0,0,1" bc="454545FF" ac="454545FF" sc="6"><vp x="1" y="-6" z="1"/></o></c><c d="01_block_weight" t="0"><o r="-1,0,0,0,-1,0,0,0,1" bc="454545FF" ac="454545FF" sc="6"><vp x="1" y="-7" z="1"/></o></c><c d="01_block_weight" t="0"><o r="-1,0,0,0,-1,0,0,0,1" bc="454545FF" ac="454545FF" sc="6"><vp x="1" y="-8" z="1"/></o></c><c d="01_block_weight" t="0"><o r="-1,0,0,0,-1,0,0,0,1" bc="454545FF" ac="454545FF" sc="6"><vp x="1" y="-9" z="1"/></o></c><c d="01_block_weight" t="0"><o r="-1,0,0,0,-1,0,0,0,1" bc="454545FF" ac="454545FF" sc="6"><vp x="1" y="-10" z="1"/></o></c><c d="01_block_weight" t="0"><o r="-1,0,0,0,-1,0,0,0,1" bc="454545FF" ac="454545FF" sc="6"><vp x="1" y="-11" z="1"/></o></c><c d="01_block_weight" t="0"><o r="-1,0,0,0,-1,0,0,0,1" bc="454545FF" ac="454545FF" sc="6"><vp x="1" y="-12" z="1"/></o></c><c d="microprocessor" t="0"><o r="1,0,0,0,1,0,0,0,1" bc="FFFFFFFF" ac="FFFFFFFF" sc="16" custom_name=""><microprocessor_definition name="BuoyBlink" description="No description set." hide_in_inventory="false" width="2" length="2" id_counter="31" id_counter_node="2" transform_index="0" sym0="0" sym1="448" sym2="992" sym3="992" sym4="992" sym5="448" sym6="448" sym7="128" sym8="128" sym9="0" sym10="2728" sym11="0" sym12="128" sym13="1040" sym14="128" sym15="0"><nodes><n id="1" component_id="1" built_slot_index="0"><node label="Input" mode="1" type="0" description="The input signal to be processed." flags="0"><position x="0" y="0" z="0"/></node></n><n id="2" component_id="3" built_slot_index="0"><node label="Input" mode="0" type="0" description="The input signal to be processed." flags="0"><position x="1" y="0" z="0"/></node></n></nodes><group id="0"><pos x="0" y="0"/><data type="0" name="" desc=""><inputs/><outputs/></data><components><c type="26"><object id="5" ct="0" dt="7"><pos x="0.5" y="0.5"/><in1 component_id="6" node_index="0"/><out1/></object></c><c type="2"><object id="6"><pos x="-0.75" y="0.25"/><in1 component_id="7" node_index="0"/><in2 component_id="14" node_index="0"/><out1/></object></c><c type="48"><object id="7" m="1"><pos x="-2.25" y="0.5"/><in1 component_id="1" node_index="0"/><out1/></object></c><c type="48"><object id="8" m="0"><pos x="-0.25" y="-0.75"/><in1 component_id="5" node_index="0"/><out1/></object></c><c type="48"><object id="9" m="1"><pos x="2.25" y="2"/><in1 component_id="5" node_index="0"/><out1/></object></c><c type="48"><object id="10" m="1"><pos x="3.5" y="1.5"/><in1 component_id="16" node_index="0"/><out1/></object></c><c type="1"><object id="14"><pos x="-2.25" y="-0.75"/><in1 component_id="1" node_index="0"/><in2 component_id="8" node_index="0"/><out1/></object></c><c type="26"><object id="15" ct="0" dt="0.5"><pos x="4.75" y="2"/><in1 component_id="9" node_index="0"/><out1/></object></c><c type="26"><object id="16" ct="0.7" dt="0"><pos x="2.25" y="1.5"/><in1 component_id="5" node_index="0"/><out1/></object></c><c type="26"><object id="17" ct="0" dt="0.5"><pos x="4.75" y="1.5"/><in1 component_id="10" node_index="0"/><out1/></object></c><c type="48"><object id="18" m="1"><pos x="3.5" y="1"/><in1 component_id="19" node_index="0"/><out1/></object></c><c type="26"><object id="19" ct="1.4" dt="0"><pos x="2.25" y="1"/><in1 component_id="5" node_index="0"/><out1/></object></c><c type="26"><object id="20" ct="0" dt="0.5"><pos x="4.75" y="1"/><in1 component_id="18" node_index="0"/><out1/></object></c><c type="48"><object id="21" m="1"><pos x="3.5" y="0.5"/><in1 component_id="22" node_index="0"/><out1/></object></c><c type="26"><object id="22" ct="2.1" dt="0"><pos x="2.25" y="0.5"/><in1 component_id="5" node_index="0"/><out1/></object></c><c type="26"><object id="23" ct="0" dt="0.5"><pos x="4.75" y="0.5"/><in1 component_id="21" node_index="0"/><out1/></object></c><c type="48"><object id="24" m="1"><pos x="3.5" y="0"/><in1 component_id="25" node_index="0"/><out1/></object></c><c type="26"><object id="25" ct="2.8" dt="0"><pos x="2.25" y="0"/><in1 component_id="5" node_index="0"/><out1/></object></c><c type="26"><object id="26" ct="0" dt="0.5"><pos x="4.75" y="0"/><in1 component_id="24" node_index="0"/><out1/></object></c><c type="47"><object id="31" e="x|y|z|w|a"><pos x="6.25" y="0.25"/><in1 component_id="15" node_index="0"/><in2 component_id="17" node_index="0"/><in3 component_id="20" node_index="0"/><in4 component_id="23" node_index="0"/><in5 component_id="26" node_index="0"/><in6 component_id="0" node_index="0"/><in7 component_id="0" node_index="0"/><in8 component_id="0" node_index="0"/><out1/></object></c></components><components_bridge><c type="0"><object id="1"><pos x="-3.75" y="0.5"/><in1 component_id="0" node_index="0"/><out1/></object></c><c type="1"><object id="3"><pos x="7.75" y="2"/><in1 component_id="31" node_index="0"/><out1/></object></c></components_bridge><groups/></group></microprocessor_definition><vp x="0" y="1" z="0"/><logic_slots><slot value="false"/><slot value="false"/></logic_slots></o></c><c d="clock" t="0"><o r="1,0,0,0,1,0,0,0,1" bc="FFFFFFFF" ac="FFFFFFFF" sc="5" custom_name="" sensitivity="0.2" timer_scalar_1="0.183" timer_scalar_2="0.183" lss_mode="0" func_type="0" property_text=""><vp x="1" y="0" z="4"/><logic_slots><slot value="false"/><slot value="false"/><slot value="0"/><slot value="0"/><slot value="0"/><slot value="false"/><slot value="false"/><slot value="0"/><slot value="0"/><slot value="0"/><slot value="0"/><slot><value bools="0" 01="0" 02="0" 03="0" 04="0" 05="0" 06="0" 07="0" 08="0" 09="0" 10="0" 11="0" 12="0" 13="0" 14="0" 15="0" 16="0" 17="0" 18="0" 19="0" 20="0" 21="0" 22="0" 23="0" 24="0" 25="0" 26="0" 27="0" 28="0" 29="0" 30="0" 31="0" 32="0"/></slot><slot><value/></slot><slot><value/></slot></logic_slots><property_output_float_val text="0" value="0"/><min_threshold text="0" value="0"/><max_threshold text="0" value="0"/><pid_controller_ki text="1" value="1"/><pid_controller_kp text="1" value="1"/><pid_controller_kd text="1" value="1"/><exp text="2" value="2"/><min_lever_value text="-1" value="-1"/><max_lever_value text="1" value="1"/><starting_lever_value text="0" value="0"/></o></c></components></body></bodies><logic_node_links><logic_node_link type="4"><voxel_pos_0 x="1" y="0" z="3"/><voxel_pos_1 x="2" y="1" z="1"/></logic_node_link><logic_node_link type="4"><voxel_pos_0 x="2" y="1" z="1"/><voxel_pos_1 x="2" y="1" z="0"/></logic_node_link><logic_node_link type="0"><voxel_pos_0 x="2" y="1" z="1"/><voxel_pos_1 x="0" y="1" z="0"/></logic_node_link><logic_node_link type="0"><voxel_pos_0 x="1" y="1" z="0"/><voxel_pos_1 x="2" y="1" z="0"/></logic_node_link></logic_node_links></vehicle>