<?xml version="1.0" encoding="UTF-8"?><vehicle data_version="2" is_advanced="true" is_static="false" bodies_id="4"><editor_placement_offset x="-16.5" y="-4.5" z="15.5"/><authors/><bodies><body unique_id="2"><initial_local_transform 00="1" 01="0" 02="0" 03="0" 10="0" 11="1" 12="0" 13="0" 20="0" 21="0" 22="1" 23="0" 30="0" 31="0" 32="0" 33="1"/><local_transform 00="1" 01="0" 02="0" 03="0" 10="0" 11="1" 12="0" 13="0" 20="0" 21="0" 22="1" 23="0" 30="0" 31="0" 32="0" 33="1"/><components><c d="01_block" t="0"><o r="1,0,0,0,1,0,0,0,1" bc="FFFFFFFF" ac="FFFFFFFF" sc="6"><vp x="0" y="0" z="0"/></o></c><c d="01_block" t="0"><o r="1,0,0,0,0,1,0,-1,0" bc="FFFFFFFF" ac="FFFFFFFF" sc="6"><vp x="-1" y="0" z="0"/></o></c><c d="01_block" t="0"><o r="1,0,0,0,0,1,0,-1,0" bc="FFFFFFFF" ac="FFFFFFFF" sc="6"><vp x="-1" y="0" z="1"/></o></c><c d="01_block" t="0"><o r="1,0,0,0,0,1,0,-1,0" bc="FFFFFFFF" ac="FFFFFFFF" sc="6"><vp x="0" y="0" z="-1"/></o></c><c d="01_block" t="0"><o r="1,0,0,0,0,1,0,-1,0" bc="FFFFFFFF" ac="FFFFFFFF" sc="6"><vp x="0" y="0" z="1"/></o></c><c d="01_block" t="0"><o r="1,0,0,0,0,1,0,-1,0" bc="FFFFFFFF" ac="FFFFFFFF" sc="6"><vp x="-2" y="0" z="0"/></o></c><c d="01_block" t="0"><o r="1,0,0,0,0,1,0,-1,0" bc="FFFFFFFF" ac="FFFFFFFF" sc="6"><vp x="-2" y="0" z="1"/></o></c><c d="01_block" t="0"><o r="1,0,0,0,0,1,0,-1,0" bc="FFFFFFFF" ac="FFFFFFFF" sc="6"><vp x="-1" y="0" z="-1"/></o></c><c d="01_block" t="0"><o r="1,0,0,0,0,1,0,-1,0" bc="FFFFFFFF" ac="FFFFFFFF" sc="6"><vp x="0" y="0" z="-2"/></o></c><c d="01_block" t="0"><o r="1,0,0,0,0,1,0,-1,0" bc="FFFFFFFF" ac="FFFFFFFF" sc="6"><vp x="-3" y="0" z="0"/></o></c><c d="01_block" t="0"><o r="1,0,0,0,0,1,0,-1,0" bc="FFFFFFFF" ac="FFFFFFFF" sc="6"><vp x="-3" y="0" z="1"/></o></c><c d="01_block" t="0"><o r="1,0,0,0,0,1,0,-1,0" bc="FFFFFFFF" ac="FFFFFFFF" sc="6"><vp x="-2" y="0" z="-1"/></o></c><c d="01_block" t="0"><o r="1,0,0,0,0,1,0,-1,0" bc="FFFFFFFF" ac="FFFFFFFF" sc="6"><vp x="-1" y="0" z="-2"/></o></c><c d="01_block" t="0"><o r="1,0,0,0,0,1,0,-1,0" bc="FFFFFFFF" ac="FFFFFFFF" sc="6"><vp x="0" y="0" z="-3"/></o></c><c d="01_block" t="0"><o r="1,0,0,0,0,1,0,-1,0" bc="FFFFFFFF" ac="FFFFFFFF" sc="6"><vp x="-4" y="0" z="0"/></o></c><c d="01_block" t="0"><o r="1,0,0,0,0,1,0,-1,0" bc="FFFFFFFF" ac="FFFFFFFF" sc="6"><vp x="-4" y="0" z="1"/></o></c><c d="01_block" t="0"><o r="1,0,0,0,0,1,0,-1,0" bc="FFFFFFFF" ac="FFFFFFFF" sc="6"><vp x="-3" y="0" z="-1"/></o></c><c d="01_block" t="0"><o r="1,0,0,0,0,1,0,-1,0" bc="FFFFFFFF" ac="FFFFFFFF" sc="6"><vp x="-2" y="0" z="-2"/></o></c><c d="01_block" t="0"><o r="1,0,0,0,0,1,0,-1,0" bc="FFFFFFFF" ac="FFFFFFFF" sc="6"><vp x="-1" y="0" z="-3"/></o></c><c d="01_block" t="0"><o r="1,0,0,0,0,1,0,-1,0" bc="FFFFFFFF" ac="FFFFFFFF" sc="6"><vp x="0" y="0" z="-4"/></o></c><c d="01_block" t="0"><o r="1,0,0,0,0,1,0,-1,0" bc="FFFFFFFF" ac="FFFFFFFF" sc="6"><vp x="-5" y="0" z="0"/></o></c><c d="01_block" t="0"><o r="1,0,0,0,0,1,0,-1,0" bc="FFFFFFFF" ac="FFFFFFFF" sc="6"><vp x="-5" y="0" z="1"/></o></c><c d="01_block" t="0"><o r="1,0,0,0,0,1,0,-1,0" bc="FFFFFFFF" ac="FFFFFFFF" sc="6"><vp x="-4" y="0" z="-1"/></o></c><c d="01_block" t="0"><o r="1,0,0,0,0,1,0,-1,0" bc="FFFFFFFF" ac="FFFFFFFF" sc="6"><vp x="-3" y="0" z="-2"/></o></c><c d="01_block" t="0"><o r="1,0,0,0,0,1,0,-1,0" bc="FFFFFFFF" ac="FFFFFFFF" sc="6"><vp x="-2" y="0" z="-3"/></o></c><c d="01_block" t="0"><o r="1,0,0,0,0,1,0,-1,0" bc="FFFFFFFF" ac="FFFFFFFF" sc="6"><vp x="-1" y="0" z="-4"/></o></c><c d="01_block" t="0"><o r="1,0,0,0,0,1,0,-1,0" bc="FFFFFFFF" ac="FFFFFFFF" sc="6"><vp x="0" y="0" z="-5"/></o></c><c d="01_block" t="0"><o r="1,0,0,0,0,1,0,-1,0" bc="FFFFFFFF" ac="FFFFFFFF" sc="6"><vp x="-5" y="0" z="-1"/></o></c><c d="01_block" t="0"><o r="1,0,0,0,0,1,0,-1,0" bc="FFFFFFFF" ac="FFFFFFFF" sc="6"><vp x="-4" y="0" z="-2"/></o></c><c d="01_block" t="0"><o r="1,0,0,0,0,1,0,-1,0" bc="FFFFFFFF" ac="FFFFFFFF" sc="6"><vp x="-3" y="0" z="-3"/></o></c><c d="01_block" t="0"><o r="1,0,0,0,0,1,0,-1,0" bc="FFFFFFFF" ac="FFFFFFFF" sc="6"><vp x="-2" y="0" z="-4"/></o></c><c d="01_block" t="0"><o r="1,0,0,0,0,1,0,-1,0" bc="FFFFFFFF" ac="FFFFFFFF" sc="6"><vp x="-1" y="0" z="-5"/></o></c><c d="01_block" t="0"><o r="1,0,0,0,0,1,0,-1,0" bc="FFFFFFFF" ac="FFFFFFFF" sc="6"><vp x="-5" y="0" z="-2"/></o></c><c d="01_block" t="0"><o r="1,0,0,0,0,1,0,-1,0" bc="FFFFFFFF" ac="FFFFFFFF" sc="6"><vp x="-4" y="0" z="-3"/></o></c><c d="01_block" t="0"><o r="1,0,0,0,0,1,0,-1,0" bc="FFFFFFFF" ac="FFFFFFFF" sc="6"><vp x="-3" y="0" z="-4"/></o></c><c d="01_block" t="0"><o r="1,0,0,0,0,1,0,-1,0" bc="FFFFFFFF" ac="FFFFFFFF" sc="6"><vp x="-2" y="0" z="-5"/></o></c><c d="01_block" t="0"><o r="1,0,0,0,0,1,0,-1,0" bc="FFFFFFFF" ac="FFFFFFFF" sc="6"><vp x="-5" y="0" z="-3"/></o></c><c d="01_block" t="0"><o r="1,0,0,0,0,1,0,-1,0" bc="FFFFFFFF" ac="FFFFFFFF" sc="6"><vp x="-4" y="0" z="-4"/></o></c><c d="01_block" t="0"><o r="1,0,0,0,0,1,0,-1,0" bc="FFFFFFFF" ac="FFFFFFFF" sc="6"><vp x="-3" y="0" z="-5"/></o></c><c d="01_block" t="0"><o r="1,0,0,0,0,1,0,-1,0" bc="FFFFFFFF" ac="FFFFFFFF" sc="6"><vp x="-5" y="0" z="-4"/></o></c><c d="01_block" t="0"><o r="1,0,0,0,0,1,0,-1,0" bc="FFFFFFFF" ac="FFFFFFFF" sc="6"><vp x="-4" y="0" z="-5"/></o></c><c d="01_block" t="0"><o r="1,0,0,0,0,1,0,-1,0" bc="FFFFFFFF" ac="FFFFFFFF" sc="6"><vp x="-5" y="0" z="-5"/></o></c><c d="01_block" t="1"><o r="1,0,0,0,0,1,0,-1,0" bc="FFFFFFFF" ac="FFFFFFFF" sc="6"><vp x="1" y="0" z="0"/></o></c><c d="01_block" t="1"><o r="1,0,0,0,0,1,0,-1,0" bc="FFFFFFFF" ac="FFFFFFFF" sc="6"><vp x="1" y="0" z="1"/></o></c><c d="01_block" t="1"><o r="1,0,0,0,0,1,0,-1,0" bc="FFFFFFFF" ac="FFFFFFFF" sc="6"><vp x="2" y="0" z="0"/></o></c><c d="01_block" t="1"><o r="1,0,0,0,0,1,0,-1,0" bc="FFFFFFFF" ac="FFFFFFFF" sc="6"><vp x="2" y="0" z="1"/></o></c><c d="01_block" t="1"><o r="1,0,0,0,0,1,0,-1,0" bc="FFFFFFFF" ac="FFFFFFFF" sc="6"><vp x="1" y="0" z="-1"/></o></c><c d="01_block" t="1"><o r="1,0,0,0,0,1,0,-1,0" bc="FFFFFFFF" ac="FFFFFFFF" sc="6"><vp x="3" y="0" z="0"/></o></c><c d="01_block" t="1"><o r="1,0,0,0,0,1,0,-1,0" bc="FFFFFFFF" ac="FFFFFFFF" sc="6"><vp x="3" y="0" z="1"/></o></c><c d="01_block" t="1"><o r="1,0,0,0,0,1,0,-1,0" bc="FFFFFFFF" ac="FFFFFFFF" sc="6"><vp x="2" y="0" z="-1"/></o></c><c d="01_block" t="1"><o r="1,0,0,0,0,1,0,-1,0" bc="FFFFFFFF" ac="FFFFFFFF" sc="6"><vp x="1" y="0" z="-2"/></o></c><c d="01_block" t="1"><o r="1,0,0,0,0,1,0,-1,0" bc="FFFFFFFF" ac="FFFFFFFF" sc="6"><vp x="4" y="0" z="0"/></o></c><c d="01_block" t="1"><o r="1,0,0,0,0,1,0,-1,0" bc="FFFFFFFF" ac="FFFFFFFF" sc="6"><vp x="4" y="0" z="1"/></o></c><c d="01_block" t="1"><o r="1,0,0,0,0,1,0,-1,0" bc="FFFFFFFF" ac="FFFFFFFF" sc="6"><vp x="3" y="0" z="-1"/></o></c><c d="01_block" t="1"><o r="1,0,0,0,0,1,0,-1,0" bc="FFFFFFFF" ac="FFFFFFFF" sc="6"><vp x="2" y="0" z="-2"/></o></c><c d="01_block" t="1"><o r="1,0,0,0,0,1,0,-1,0" bc="FFFFFFFF" ac="FFFFFFFF" sc="6"><vp x="1" y="0" z="-3"/></o></c><c d="01_block" t="1"><o r="1,0,0,0,0,1,0,-1,0" bc="FFFFFFFF" ac="FFFFFFFF" sc="6"><vp x="5" y="0" z="0"/></o></c><c d="01_block" t="1"><o r="1,0,0,0,0,1,0,-1,0" bc="FFFFFFFF" ac="FFFFFFFF" sc="6"><vp x="5" y="0" z="1"/></o></c><c d="01_block" t="1"><o r="1,0,0,0,0,1,0,-1,0" bc="FFFFFFFF" ac="FFFFFFFF" sc="6"><vp x="4" y="0" z="-1"/></o></c><c d="01_block" t="1"><o r="1,0,0,0,0,1,0,-1,0" bc="FFFFFFFF" ac="FFFFFFFF" sc="6"><vp x="3" y="0" z="-2"/></o></c><c d="01_block" t="1"><o r="1,0,0,0,0,1,0,-1,0" bc="FFFFFFFF" ac="FFFFFFFF" sc="6"><vp x="2" y="0" z="-3"/></o></c><c d="01_block" t="1"><o r="1,0,0,0,0,1,0,-1,0" bc="FFFFFFFF" ac="FFFFFFFF" sc="6"><vp x="1" y="0" z="-4"/></o></c><c d="01_block" t="1"><o r="1,0,0,0,0,1,0,-1,0" bc="FFFFFFFF" ac="FFFFFFFF" sc="6"><vp x="5" y="0" z="-1"/></o></c><c d="01_block" t="1"><o r="1,0,0,0,0,1,0,-1,0" bc="FFFFFFFF" ac="FFFFFFFF" sc="6"><vp x="4" y="0" z="-2"/></o></c><c d="01_block" t="1"><o r="1,0,0,0,0,1,0,-1,0" bc="FFFFFFFF" ac="FFFFFFFF" sc="6"><vp x="3" y="0" z="-3"/></o></c><c d="01_block" t="1"><o r="1,0,0,0,0,1,0,-1,0" bc="FFFFFFFF" ac="FFFFFFFF" sc="6"><vp x="2" y="0" z="-4"/></o></c><c d="01_block" t="1"><o r="1,0,0,0,0,1,0,-1,0" bc="FFFFFFFF" ac="FFFFFFFF" sc="6"><vp x="1" y="0" z="-5"/></o></c><c d="01_block" t="1"><o r="1,0,0,0,0,1,0,-1,0" bc="FFFFFFFF" ac="FFFFFFFF" sc="6"><vp x="5" y="0" z="-2"/></o></c><c d="01_block" t="1"><o r="1,0,0,0,0,1,0,-1,0" bc="FFFFFFFF" ac="FFFFFFFF" sc="6"><vp x="4" y="0" z="-3"/></o></c><c d="01_block" t="1"><o r="1,0,0,0,0,1,0,-1,0" bc="FFFFFFFF" ac="FFFFFFFF" sc="6"><vp x="3" y="0" z="-4"/></o></c><c d="01_block" t="1"><o r="1,0,0,0,0,1,0,-1,0" bc="FFFFFFFF" ac="FFFFFFFF" sc="6"><vp x="2" y="0" z="-5"/></o></c><c d="01_block" t="1"><o r="1,0,0,0,0,1,0,-1,0" bc="FFFFFFFF" ac="FFFFFFFF" sc="6"><vp x="5" y="0" z="-3"/></o></c><c d="01_block" t="1"><o r="1,0,0,0,0,1,0,-1,0" bc="FFFFFFFF" ac="FFFFFFFF" sc="6"><vp x="4" y="0" z="-4"/></o></c><c d="01_block" t="1"><o r="1,0,0,0,0,1,0,-1,0" bc="FFFFFFFF" ac="FFFFFFFF" sc="6"><vp x="3" y="0" z="-5"/></o></c><c d="01_block" t="1"><o r="1,0,0,0,0,1,0,-1,0" bc="FFFFFFFF" ac="FFFFFFFF" sc="6"><vp x="5" y="0" z="-4"/></o></c><c d="01_block" t="1"><o r="1,0,0,0,0,1,0,-1,0" bc="FFFFFFFF" ac="FFFFFFFF" sc="6"><vp x="4" y="0" z="-5"/></o></c><c d="01_block" t="1"><o r="1,0,0,0,0,1,0,-1,0" bc="FFFFFFFF" ac="FFFFFFFF" sc="6"><vp x="5" y="0" z="-5"/></o></c><c d="01_block" t="0"><o r="1,0,0,0,0,1,0,-1,0" bc="FFFFFFFF" ac="FFFFFFFF" sc="6"><vp x="-5" y="0" z="2"/></o></c><c d="01_block" t="0"><o r="1,0,0,0,0,1,0,-1,0" bc="FFFFFFFF" ac="FFFFFFFF" sc="6"><vp x="-5" y="0" z="3"/></o></c><c d="01_block" t="0"><o r="1,0,0,0,0,1,0,-1,0" bc="FFFFFFFF" ac="FFFFFFFF" sc="6"><vp x="-5" y="0" z="4"/></o></c><c d="01_block" t="0"><o r="1,0,0,0,0,1,0,-1,0" bc="FFFFFFFF" ac="FFFFFFFF" sc="6"><vp x="-5" y="0" z="5"/></o></c><c d="01_block" t="0"><o r="1,0,0,0,0,1,0,-1,0" bc="FFFFFFFF" ac="FFFFFFFF" sc="6"><vp x="-5" y="0" z="6"/></o></c><c d="01_block" t="0"><o r="1,0,0,0,0,1,0,-1,0" bc="FFFFFFFF" ac="FFFFFFFF" sc="6"><vp x="-4" y="0" z="2"/></o></c><c d="01_block" t="0"><o r="1,0,0,0,0,1,0,-1,0" bc="FFFFFFFF" ac="FFFFFFFF" sc="6"><vp x="-4" y="0" z="3"/></o></c><c d="01_block" t="0"><o r="1,0,0,0,0,1,0,-1,0" bc="FFFFFFFF" ac="FFFFFFFF" sc="6"><vp x="-4" y="0" z="4"/></o></c><c d="01_block" t="0"><o r="1,0,0,0,0,1,0,-1,0" bc="FFFFFFFF" ac="FFFFFFFF" sc="6"><vp x="-4" y="0" z="5"/></o></c><c d="01_block" t="0"><o r="1,0,0,0,0,1,0,-1,0" bc="FFFFFFFF" ac="FFFFFFFF" sc="6"><vp x="-4" y="0" z="6"/></o></c><c d="01_block" t="0"><o r="1,0,0,0,0,1,0,-1,0" bc="FFFFFFFF" ac="FFFFFFFF" sc="6"><vp x="-3" y="0" z="2"/></o></c><c d="01_block" t="0"><o r="1,0,0,0,0,1,0,-1,0" bc="FFFFFFFF" ac="FFFFFFFF" sc="6"><vp x="-3" y="0" z="3"/></o></c><c d="01_block" t="0"><o r="1,0,0,0,0,1,0,-1,0" bc="FFFFFFFF" ac="FFFFFFFF" sc="6"><vp x="-3" y="0" z="4"/></o></c><c d="01_block" t="0"><o r="1,0,0,0,0,1,0,-1,0" bc="FFFFFFFF" ac="FFFFFFFF" sc="6"><vp x="-3" y="0" z="5"/></o></c><c d="01_block" t="0"><o r="1,0,0,0,0,1,0,-1,0" bc="FFFFFFFF" ac="FFFFFFFF" sc="6"><vp x="-3" y="0" z="6"/></o></c><c d="01_block" t="0"><o r="1,0,0,0,0,1,0,-1,0" bc="FFFFFFFF" ac="FFFFFFFF" sc="6"><vp x="-2" y="0" z="2"/></o></c><c d="01_block" t="0"><o r="1,0,0,0,0,1,0,-1,0" bc="FFFFFFFF" ac="FFFFFFFF" sc="6"><vp x="-2" y="0" z="3"/></o></c><c d="01_block" t="0"><o r="1,0,0,0,0,1,0,-1,0" bc="FFFFFFFF" ac="FFFFFFFF" sc="6"><vp x="-2" y="0" z="4"/></o></c><c d="01_block" t="0"><o r="1,0,0,0,0,1,0,-1,0" bc="FFFFFFFF" ac="FFFFFFFF" sc="6"><vp x="-2" y="0" z="5"/></o></c><c d="01_block" t="0"><o r="1,0,0,0,0,1,0,-1,0" bc="FFFFFFFF" ac="FFFFFFFF" sc="6"><vp x="-2" y="0" z="6"/></o></c><c d="01_block" t="0"><o r="1,0,0,0,0,1,0,-1,0" bc="FFFFFFFF" ac="FFFFFFFF" sc="6"><vp x="-1" y="0" z="2"/></o></c><c d="01_block" t="0"><o r="1,0,0,0,0,1,0,-1,0" bc="FFFFFFFF" ac="FFFFFFFF" sc="6"><vp x="-1" y="0" z="3"/></o></c><c d="01_block" t="0"><o r="1,0,0,0,0,1,0,-1,0" bc="FFFFFFFF" ac="FFFFFFFF" sc="6"><vp x="-1" y="0" z="4"/></o></c><c d="01_block" t="0"><o r="1,0,0,0,0,1,0,-1,0" bc="FFFFFFFF" ac="FFFFFFFF" sc="6"><vp x="-1" y="0" z="5"/></o></c><c d="01_block" t="0"><o r="1,0,0,0,0,1,0,-1,0" bc="FFFFFFFF" ac="FFFFFFFF" sc="6"><vp x="-1" y="0" z="6"/></o></c><c d="01_block" t="0"><o r="1,0,0,0,0,1,0,-1,0" bc="FFFFFFFF" ac="FFFFFFFF" sc="6"><vp x="0" y="0" z="2"/></o></c><c d="01_block" t="0"><o r="1,0,0,0,0,1,0,-1,0" bc="FFFFFFFF" ac="FFFFFFFF" sc="6"><vp x="0" y="0" z="3"/></o></c><c d="01_block" t="0"><o r="1,0,0,0,0,1,0,-1,0" bc="FFFFFFFF" ac="FFFFFFFF" sc="6"><vp x="0" y="0" z="4"/></o></c><c d="01_block" t="0"><o r="1,0,0,0,0,1,0,-1,0" bc="FFFFFFFF" ac="FFFFFFFF" sc="6"><vp x="0" y="0" z="5"/></o></c><c d="01_block" t="0"><o r="1,0,0,0,0,1,0,-1,0" bc="FFFFFFFF" ac="FFFFFFFF" sc="6"><vp x="0" y="0" z="6"/></o></c><c d="01_block" t="1"><o r="1,0,0,0,0,1,0,-1,0" bc="FFFFFFFF" ac="FFFFFFFF" sc="6"><vp x="5" y="0" z="2"/></o></c><c d="01_block" t="1"><o r="1,0,0,0,0,1,0,-1,0" bc="FFFFFFFF" ac="FFFFFFFF" sc="6"><vp x="5" y="0" z="3"/></o></c><c d="01_block" t="1"><o r="1,0,0,0,0,1,0,-1,0" bc="FFFFFFFF" ac="FFFFFFFF" sc="6"><vp x="5" y="0" z="4"/></o></c><c d="01_block" t="1"><o r="1,0,0,0,0,1,0,-1,0" bc="FFFFFFFF" ac="FFFFFFFF" sc="6"><vp x="5" y="0" z="5"/></o></c><c d="01_block" t="1"><o r="1,0,0,0,0,1,0,-1,0" bc="FFFFFFFF" ac="FFFFFFFF" sc="6"><vp x="5" y="0" z="6"/></o></c><c d="01_block" t="1"><o r="1,0,0,0,0,1,0,-1,0" bc="FFFFFFFF" ac="FFFFFFFF" sc="6"><vp x="4" y="0" z="2"/></o></c><c d="01_block" t="1"><o r="1,0,0,0,0,1,0,-1,0" bc="FFFFFFFF" ac="FFFFFFFF" sc="6"><vp x="4" y="0" z="3"/></o></c><c d="01_block" t="1"><o r="1,0,0,0,0,1,0,-1,0" bc="FFFFFFFF" ac="FFFFFFFF" sc="6"><vp x="4" y="0" z="4"/></o></c><c d="01_block" t="1"><o r="1,0,0,0,0,1,0,-1,0" bc="FFFFFFFF" ac="FFFFFFFF" sc="6"><vp x="4" y="0" z="5"/></o></c><c d="01_block" t="1"><o r="1,0,0,0,0,1,0,-1,0" bc="FFFFFFFF" ac="FFFFFFFF" sc="6"><vp x="4" y="0" z="6"/></o></c><c d="01_block" t="1"><o r="1,0,0,0,0,1,0,-1,0" bc="FFFFFFFF" ac="FFFFFFFF" sc="6"><vp x="3" y="0" z="2"/></o></c><c d="01_block" t="1"><o r="1,0,0,0,0,1,0,-1,0" bc="FFFFFFFF" ac="FFFFFFFF" sc="6"><vp x="3" y="0" z="3"/></o></c><c d="01_block" t="1"><o r="1,0,0,0,0,1,0,-1,0" bc="FFFFFFFF" ac="FFFFFFFF" sc="6"><vp x="3" y="0" z="4"/></o></c><c d="01_block" t="1"><o r="1,0,0,0,0,1,0,-1,0" bc="FFFFFFFF" ac="FFFFFFFF" sc="6"><vp x="3" y="0" z="5"/></o></c><c d="01_block" t="1"><o r="1,0,0,0,0,1,0,-1,0" bc="FFFFFFFF" ac="FFFFFFFF" sc="6"><vp x="3" y="0" z="6"/></o></c><c d="01_block" t="1"><o r="1,0,0,0,0,1,0,-1,0" bc="FFFFFFFF" ac="FFFFFFFF" sc="6"><vp x="2" y="0" z="2"/></o></c><c d="01_block" t="1"><o r="1,0,0,0,0,1,0,-1,0" bc="FFFFFFFF" ac="FFFFFFFF" sc="6"><vp x="2" y="0" z="3"/></o></c><c d="01_block" t="1"><o r="1,0,0,0,0,1,0,-1,0" bc="FFFFFFFF" ac="FFFFFFFF" sc="6"><vp x="2" y="0" z="4"/></o></c><c d="01_block" t="1"><o r="1,0,0,0,0,1,0,-1,0" bc="FFFFFFFF" ac="FFFFFFFF" sc="6"><vp x="2" y="0" z="5"/></o></c><c d="01_block" t="1"><o r="1,0,0,0,0,1,0,-1,0" bc="FFFFFFFF" ac="FFFFFFFF" sc="6"><vp x="2" y="0" z="6"/></o></c><c d="01_block" t="1"><o r="1,0,0,0,0,1,0,-1,0" bc="FFFFFFFF" ac="FFFFFFFF" sc="6"><vp x="1" y="0" z="2"/></o></c><c d="01_block" t="1"><o r="1,0,0,0,0,1,0,-1,0" bc="FFFFFFFF" ac="FFFFFFFF" sc="6"><vp x="1" y="0" z="3"/></o></c><c d="01_block" t="1"><o r="1,0,0,0,0,1,0,-1,0" bc="FFFFFFFF" ac="FFFFFFFF" sc="6"><vp x="1" y="0" z="4"/></o></c><c d="01_block" t="1"><o r="1,0,0,0,0,1,0,-1,0" bc="FFFFFFFF" ac="FFFFFFFF" sc="6"><vp x="1" y="0" z="5"/></o></c><c d="01_block" t="1"><o r="1,0,0,0,0,1,0,-1,0" bc="FFFFFFFF" ac="FFFFFFFF" sc="6"><vp x="1" y="0" z="6"/></o></c><c d="01_block" t="0"><o r="1,0,0,0,1,0,0,0,1" bc="FFFFFFFF" ac="FFFFFFFF" sc="6"><vp x="0" y="1" z="0"/></o></c><c d="01_block" t="0"><o r="1,0,0,0,1,0,0,0,1" bc="FFFFFFFF" ac="FFFFFFFF" sc="6"><vp x="0" y="2" z="0"/></o></c><c d="01_block" t="0"><o r="1,0,0,0,1,0,0,0,1" bc="FFFFFFFF" ac="FFFFFFFF" sc="6"><vp x="0" y="3" z="0"/></o></c><c d="01_block" t="0"><o r="1,0,0,0,1,0,0,0,1" bc="FFFFFFFF" ac="FFFFFFFF" sc="6"><vp x="0" y="4" z="0"/></o></c><c d="01_block" t="0"><o r="1,0,0,0,1,0,0,0,1" bc="FFFFFFFF" ac="FFFFFFFF" sc="6"><vp x="0" y="5" z="0"/></o></c><c d="gate_bool_constant" t="0"><o r="1,0,0,0,1,0,0,0,1" bc="FFFFFFFF" ac="FFFFFFFF" sc="1" custom_name="" sensitivity="0.2" timer_scalar_1="0.183" timer_scalar_2="0.183" lss_mode="0" func_type="0" property_text=""><vp x="0" y="1" z="-1"/><logic_slots><slot value="false"/><slot value="false"/><slot value="0"/><slot value="0"/><slot value="0"/><slot value="false"/><slot value="false"/><slot value="0"/><slot value="0"/><slot value="0"/><slot value="0"/><slot><value bools="0" 01="0" 02="0" 03="0" 04="0" 05="0" 06="0" 07="0" 08="0" 09="0" 10="0" 11="0" 12="0" 13="0" 14="0" 15="0" 16="0" 17="0" 18="0" 19="0" 20="0" 21="0" 22="0" 23="0" 24="0" 25="0" 26="0" 27="0" 28="0" 29="0" 30="0" 31="0" 32="0"/></slot><slot><value/></slot><slot><value/></slot></logic_slots><property_output_float_val text="0" value="0"/><min_threshold text="0" value="0"/><max_threshold text="0" value="0"/><pid_controller_ki text="1" value="1"/><pid_controller_kp text="1" value="1"/><pid_controller_kd text="1" value="1"/><exp text="2" value="2"/><min_lever_value text="-1" value="-1"/><max_lever_value text="1" value="1"/><starting_lever_value text="0" value="0"/></o></c><c d="battery_medium" t="0"><o r="0,0,1,0,1,0,-1,0,0" bc="FFFFFFFF" ac="FFFFFFFF" sc="6" custom_name="" default_state="false"><vp x="5" y="1" z="-4"/><logic_slots><slot value="0"/><slot value="false"/><slot value="0"/></logic_slots></o></c><c d="battery_medium" t="0"><o r="0,0,1,0,1,0,-1,0,0" bc="FFFFFFFF" ac="FFFFFFFF" sc="6" custom_name="" default_state="false"><vp x="5" y="1" z="-1"/><logic_slots><slot value="0"/><slot value="false"/><slot value="0"/></logic_slots></o></c><c d="monitor_2" t="0"><o r="1,0,0,0,0,-1,0,1,0" bc="FFFFFFFF" ac="FFFFFFFF" sc="12" custom_name=""><vp x="-4" y="1" z="1"/><logic_slots><slot><value/></slot><slot><value bools="0" 01="0" 02="0" 03="0" 04="0" 05="0" 06="0" 07="0" 08="0" 09="0" 10="0" 11="0" 12="0" 13="0" 14="0" 15="0" 16="0" 17="0" 18="0" 19="0" 20="0" 21="0" 22="0" 23="0" 24="0" 25="0" 26="0" 27="0" 28="0" 29="0" 30="0" 31="0" 32="0"/></slot><slot value="false"/></logic_slots></o></c><c d="button_throttle_lever" t="0"><o r="0,0,1,0,1,0,-1,0,0" bc="FFFFFFFF" ac="FFFFFFFF" sc="8" custom_name="" hold_duration="1" default_state="false" sensitivity="1" val_1_name="" val_2_name=""><vp x="1" y="1" z="-1"/><logic_slots><slot value="false"/><slot value="false"/><slot value="false"/><slot value="0"/><slot value="0"/></logic_slots><min_lever_value text="0" value="0"/><max_lever_value text=".1" value="0.1"/><starting_lever_value text="0.05" value="0.05"/></o></c><c d="dial" t="0"><o r="0,0,1,-1,0,0,0,-1,0" bc="FFFFFFFF" ac="FFFFFFFF" sc="5" custom_name="" decimal_point_pos="3" audio="audio/fx3/stormworks_warningalarm.ogg" volume="1" pitch="1" is_infrared="false"><vp x="3" y="1" z="-4"/><logic_slots><slot value="0"/><slot value="0"/><slot value="false"/></logic_slots><min_value text="-1.0" value="-1"/><max_value text="1.0" value="1"/></o></c><c d="01_block" t="0"><o r="1,0,0,0,1,0,0,0,1" bc="FFFFFFFF" ac="FFFFFFFF" sc="6"><vp x="0" y="6" z="0"/></o></c><c d="multibody_velocity_pivot_a" t="1"><o r="1,0,0,0,1,0,0,0,1" bc="FFFFFFFF" ac="FFFFFFFF" sc="21" custom_name="" max_force_scalar="1" gear_ratio="0" input_velocity="1"><vp x="0" y="7" z="0"/><logic_slots><slot value="0"/><slot value="false"/><slot value="false"/><slot value="0"/></logic_slots></o></c><c d="monitor_2" t="0"><o r="-1,0,0,0,0,1,0,1,0" bc="FFFFFFFF" ac="FFFFFFFF" sc="12" custom_name=""><vp x="-5" y="1" z="2"/><logic_slots><slot><value/></slot><slot><value bools="0" 01="0" 02="0" 03="0" 04="0" 05="0" 06="0" 07="0" 08="0" 09="0" 10="0" 11="0" 12="0" 13="0" 14="0" 15="0" 16="0" 17="0" 18="0" 19="0" 20="0" 21="0" 22="0" 23="0" 24="0" 25="0" 26="0" 27="0" 28="0" 29="0" 30="0" 31="0" 32="0"/></slot><slot value="false"/></logic_slots></o></c><c d="button_throttle_lever" t="0"><o r="-1,0,0,0,1,0,0,0,-1" bc="FFFFFFFF" ac="FFFFFFFF" sc="8" custom_name="" hold_duration="1" default_state="false" sensitivity="0.15" val_1_name="" val_2_name=""><vp x="-4" y="1" z="-2"/><logic_slots><slot value="false"/><slot value="false"/><slot value="false"/><slot value="0"/><slot value="0"/></logic_slots><min_lever_value text="5" value="5"/><max_lever_value text="5000" value="5000"/><starting_lever_value text="30" value="30"/></o></c><c d="microprocessor" t="0"><o r="1,0,0,0,1,0,0,0,1" bc="FFFFFFFF" ac="FFFFFFFF" sc="22" custom_name=""><microprocessor_definition name="Radar" description="No description set." hide_in_inventory="false" width="2" length="3" id_counter="42" id_counter_node="5" transform_index="0" sym0="0" sym1="512" sym2="1024" sym3="1024" sym4="2048" sym5="2048" sym6="2048" sym7="6080" sym8="4128" sym9="2048" sym10="2048" sym11="2048" sym12="1024" sym13="1024" sym14="512" sym15="0"><nodes><n id="1" component_id="7" built_slot_index="0"><node label="Distance to Target" mode="1" type="1" description="The input signal to be processed." flags="0"><position x="0" y="0" z="0"/></node></n><n id="2" component_id="5" built_slot_index="0"><node label="Angle" mode="1" type="1" description="The input signal to be processed." flags="0"><position x="0" y="0" z="1"/></node></n><n id="3" component_id="8" built_slot_index="0"><node label="Video Out" mode="0" type="6" description="The input signal to be processed." flags="0"><position x="1" y="0" z="0"/></node></n><n id="4" component_id="17" built_slot_index="0"><node label="Target Found" mode="1" type="0" description="The input signal to be processed." flags="0"><position x="1" y="0" z="1"/></node></n><n id="5" component_id="40" built_slot_index="0"><node label="Max Distance" mode="1" type="1" description="The input signal to be processed." flags="0"><position x="0" y="0" z="2"/></node></n></nodes><group id="0"><pos x="0" y="0"/><data type="0" name="" desc=""><inputs/><outputs/></data><components><c type="40"><object id="9" count="2" offset="1"><pos x="-0.5" y="-0.75"/><inc component_id="0" node_index="0"/><in1 component_id="14" node_index="0"/><in2 component_id="27" node_index="0"/><out1/></object></c><c type="41"><object id="10" count="1" offset="0"><pos x="-0.5" y="0.25"/><inc component_id="9" node_index="0"/><in1 component_id="23" node_index="0"/><out1/></object></c><c type="56"><object id="11" script="function onTick()

	t = input.getBool(1)
	a = input.getNumber(2)
	d = input.getNumber(3)	
	
			

end


function onDraw()

	
	
	screen.setColor(255, 255, 255)
	
	screen.drawCircle(32,32,32)
	
	screen.drawLine(32,32, 32+32*math.cos(a), 32+32*math.sin(a))
	
	
	
	
	screen.setColor(0, 255, 0)
	screen.drawCircleF(32+d*math.cos(a),32+d*math.sin(a),2)
	
	

end"><pos x="1" y="0.25"/><in1 component_id="10" node_index="0"/><in2 component_id="0" node_index="0"/><out1/><out2/></object></c><c type="45"><object id="14" e="((x%1)*pi2)-1.57"><pos x="-2" y="-0.25"/><in1 component_id="5" node_index="0"/><out1/></object></c><c type="26"><object id="23" ct="0" dt="0.6"><pos x="-2" y="0.25"/><in1 component_id="17" node_index="0"/><out1/></object></c><c type="15"><object id="25"><pos x="-5" y="-1.25"/><out1/><n text="1000" value="1000"/></object></c><c type="22"><object id="27"><pos x="-2" y="-1.25"/><in1 component_id="30" node_index="0"/><in2 component_id="25" node_index="0"/><in3 component_id="38" node_index="0"/><out1/></object></c><c type="11"><object id="30"><pos x="-3.5" y="-0.75"/><in1 component_id="41" node_index="0"/><out1/><min text="0" value="0"/><max text="32" value="32"/></object></c><c type="15"><object id="36"><pos x="-5" y="-1.75"/><out1/><n text="2" value="2"/></object></c><c type="17"><object id="38"><pos x="-3.5" y="-1.5"/><in1 component_id="41" node_index="0"/><in2 component_id="36" node_index="0"/><out1/></object></c><c type="10"><object id="41" e="x/y*32"><pos x="-5" y="-0.75"/><in1 component_id="7" node_index="0"/><in2 component_id="40" node_index="0"/><in3 component_id="0" node_index="0"/><out1/></object></c></components><components_bridge><c type="2"><object id="5"><pos x="-3.5" y="-0.25"/><in1 component_id="0" node_index="0"/><out1/></object></c><c type="2"><object id="7"><pos x="-6.5" y="-0.25"/><in1 component_id="0" node_index="0"/><out1/></object></c><c type="7"><object id="8"><pos x="2.5" y="0.25"/><in1 component_id="11" node_index="1"/><out1/></object></c><c type="0"><object id="17"><pos x="-3.5" y="0.25"/><in1 component_id="0" node_index="0"/><out1/></object></c><c type="2"><object id="40"><pos x="-6.5" y="-0.75"/><in1 component_id="0" node_index="0"/><out1/></object></c></components_bridge><groups/></group></microprocessor_definition><vp x="-5" y="1" z="-5"/><logic_slots><slot value="false"/><slot value="0"/><slot value="0"/><slot value="0"/><slot><value/></slot></logic_slots></o></c><c d="microprocessor" t="0"><o r="1,0,0,0,1,0,0,0,1" bc="FFFFFFFF" ac="FFFFFFFF" sc="48" custom_name=""><microprocessor_definition name="Adv Display" description="No description set." hide_in_inventory="false" width="4" length="4" id_counter="63" id_counter_node="17" transform_index="0" sym0="65535" sym1="57351" sym2="49155" sym3="32769" sym4="32769" sym5="32769" sym6="32769" sym7="32769" sym8="32769" sym9="32769" sym10="47105" sym11="47105" sym12="47105" sym13="49155" sym14="57359" sym15="65535"><nodes><n id="1" component_id="3" built_slot_index="0"><node label="Map Screen" mode="0" type="6" description="The input signal to be processed." flags="0"><position x="0" y="0" z="0"/></node></n><n id="2" component_id="6" built_slot_index="0"><node label="Map Zoom" mode="1" type="1" description="The input signal to be processed." flags="0"><position x="1" y="0" z="0"/></node></n><n id="3" component_id="9" built_slot_index="0"><node label="GPS X" mode="1" type="1" description="The input signal to be processed." flags="0"><position x="1" y="0" z="1"/></node></n><n id="4" component_id="11" built_slot_index="0"><node label="GPS Y" mode="1" type="1" description="The input signal to be processed." flags="0"><position x="0" y="0" z="1"/></node></n><n id="5" component_id="22" built_slot_index="0"><node label="Touch" mode="1" type="5" description="The input signal to be processed." flags="0"><position x="0" y="0" z="2"/></node></n><n id="7" component_id="34" built_slot_index="0"><node label="Hour" mode="1" type="1" description="The input signal to be processed." flags="0"><position x="2" y="0" z="1"/></node></n><n id="8" component_id="35" built_slot_index="0"><node label="Minute" mode="1" type="1" description="The input signal to be processed." flags="0"><position x="2" y="0" z="0"/></node></n><n id="9" component_id="39" built_slot_index="0"><node label="Fuel Current" mode="1" type="1" description="The input signal to be processed." flags="0"><position x="0" y="0" z="3"/></node></n><n id="10" component_id="41" built_slot_index="0"><node label="Throttle" mode="1" type="1" description="The input signal to be processed." flags="0"><position x="2" y="0" z="3"/></node></n><n id="11" component_id="43" built_slot_index="0"><node label="RPS" mode="1" type="1" description="The input signal to be processed." flags="0"><position x="3" y="0" z="3"/></node></n><n id="12" component_id="45" built_slot_index="0"><node label="Engine Temp" mode="1" type="1" description="The input signal to be processed." flags="0"><position x="3" y="0" z="2"/></node></n><n id="13" component_id="47" built_slot_index="0"><node label="Battery Charge" mode="1" type="1" description="The input signal to be processed." flags="0"><position x="3" y="0" z="1"/></node></n><n id="14" component_id="49" built_slot_index="0"><node label="Fuel Max" mode="1" type="1" description="The input signal to be processed." flags="0"><position x="1" y="0" z="3"/></node></n><n id="15" component_id="52" built_slot_index="0"><node label="Heading" mode="1" type="1" description="The input signal to be processed." flags="0"><position x="3" y="0" z="0"/></node></n><n id="16" component_id="55" built_slot_index="0"><node label="Speed" mode="1" type="1" description="The input signal to be processed." flags="0"><position x="2" y="0" z="2"/></node></n><n id="17" component_id="57" built_slot_index="0"><node label="Temperature" mode="1" type="1" description="The input signal to be processed." flags="0"><position x="1" y="0" z="2"/></node></n></nodes><group id="0"><pos x="0" y="0"/><data type="0" name="" desc=""><inputs/><outputs/></data><components><c type="56"><object id="4" script='function onTick()
Zoom = input.getNumber(5)
GPSX = input.getNumber(6)
GPSY = input.getNumber(7)


	inputX = input.getNumber(3)
	inputY = input.getNumber(4)
	isPressed = input.getBool(1)
	
	isPressingRectangle1 = isPressed and isPointInRectangle(inputX, inputY, (288-17), 3, 14, 14)
	
	isPressingRectangle2 = isPressed and isPointInRectangle(inputX, inputY, (288-17), 20, 14, 14)

	output.setBool(1, isPressingRectangle1)
	output.setBool(2, isPressingRectangle2)
end



function isPointInRectangle(x, y, rectX, rectY, rectW, rectH)
	return x &gt; rectX and y &gt; rectY and x &lt; rectX+rectW and y &lt; rectY+rectH
end


function isPointInRectangle(x, y, rectX, rectY, rectW, rectH)
	return x &gt; rectX and y &gt; rectY and x &lt; rectX+rectW and y &lt; rectY+rectH
end



function onDraw()
	w = screen.getWidth()				 
	h = screen.getHeight()					
		 
	screen.drawMap(0, 0, Zoom)
	
	screen.setColor(255, 255, 255, 255)
	
	screen.drawText(3, 3, "GPS X:")
	screen.drawText(3, 10, "GPS Y:")
	
	screen.drawText(35, 3, (GPSX*10^2-(GPSX*10^2)%10)/(10^2))
	screen.drawText(35, 10, (GPSY*10^2-(GPSY*10^2)%10)/(10^2))
	
	
	
	screen.setColor(255, 255, 255, 255)
	screen.drawRect((3), (17), 6, 51)
	screen.setColor(255, 0, 0, 100)
	screen.drawRectF((4), (68), 5, (-(Zoom))) 
	
	
	screen.setColor(255, 0, 0, 255)
	screen.drawCircleF(w/2, h/2, 2)
	
	
	
	if isPressingRectangle1 then
		screen.setColor(255, 0, 0, 255)
		screen.drawRectF((w-17), 3, 14, 14)
	else
		screen.setColor(255, 255, 255, 255)
		screen.drawRectF((w-17), 3, 14, 14)
	end
	
	screen.setColor(0, 0, 0, 255)
	screen.drawTextBox((w-16), 4, 13, 13, "C",0, 0)
	
	
	if isPressingRectangle2 then
		screen.setColor(255, 0, 0, 255)
		screen.drawRectF((w-17), 25, 14, 14)
	else
		screen.setColor(255, 255, 255, 255)
		screen.drawRectF((w-17), 25, 14, 14)
	end
	
	screen.setColor(0, 0, 0, 255)
	screen.drawTextBox((w-16), 26, 13, 13, "R-S",0, 0)
		
end'><pos x="0.75" y="1"/><in1 component_id="59" node_index="0"/><in2 component_id="0" node_index="0"/><out1/><out2/></object></c><c type="40"><object id="7" count="20" offset="0"><pos x="-2.75" y="-4.75"/><inc component_id="22" node_index="0"/><in1 component_id="0" node_index="0"/><in2 component_id="0" node_index="0"/><in3 component_id="0" node_index="0"/><in4 component_id="0" node_index="0"/><in5 component_id="37" node_index="0"/><in6 component_id="9" node_index="0"/><in7 component_id="11" node_index="0"/><in8 component_id="34" node_index="0"/><in9 component_id="35" node_index="0"/><in10 component_id="39" node_index="0"/><in11 component_id="50" node_index="0"/><in12 component_id="43" node_index="0"/><in13 component_id="41" node_index="0"/><in14 component_id="45" node_index="0"/><in15 component_id="47" node_index="0"/><in16 component_id="53" node_index="0"/><in17 component_id="55" node_index="0"/><in18 component_id="57" node_index="0"/><in19 component_id="0" node_index="0"/><in20 component_id="0" node_index="0"/><out1/></object></c><c type="29"><object id="23" i="0"><pos x="2.25" y="2"/><in1 component_id="4" node_index="0"/><out1/></object></c><c type="28"><object id="25"><pos x="6" y="1"/><in1 component_id="30" node_index="0"/><out1/></object></c><c type="57"><object id="26"><pos x="6.5" y="-0.25"/><in1 component_id="4" node_index="1"/><in2 component_id="29" node_index="1"/><in3 component_id="25" node_index="0"/><out1/></object></c><c type="56"><object id="29" script='function onTick()
-- Inputs
	Hour = input.getNumber(8)
	Minute = input.getNumber(9)
	Fuel = input.getNumber(10)
	FuelPerc = input.getNumber(11)
	RPS = input.getNumber(12)
	Throttle = input.getNumber(13)
	EngTemp = input.getNumber(14)
	Battery = input.getNumber(15)
	Heading = input.getNumber(16)
	Speed = input.getNumber(17)
	Temp = input.getNumber(18)

--Touch Screen
	inputX = input.getNumber(3)
	inputY = input.getNumber(4)
	isPressed = input.getBool(1)

	isPressingRectangle1 = isPressed and isPointInRectangle(inputX, inputY, (288-17), 3, 14, 14)
	
	isPressingRectangle2 = isPressed and isPointInRectangle(inputX, inputY, (288-17), 20, 14, 14)

	output.setBool(1, isPressingRectangle1)
	output.setBool(2, isPressingRectangle2)

end


--TouchScreen Function
function isPointInRectangle(x, y, rectX, rectY, rectW, rectH)
	return x &gt; rectX and y &gt; rectY and x &lt; rectX+rectW and y &lt; rectY+rectH
end


--Rounding Function
function PrecisionAdj(x,y)
      return (x*10^y-(x*10^y)%10)/(10^y)
end
function onDraw()
	w2 = screen.getWidth()				 
	h2 = screen.getHeight()					
	screen.setColor(255, 255, 255, 255)
--Time
	screen.drawText(3, 3, "Time:")

		if Hour &lt; 10 then
			screen.drawText(26, 3, "0")
			screen.drawText(31, 3, (string.gsub(PrecisionAdj(Hour,1).."","%.0","")))
		else
			screen.drawText(26, 3, (string.gsub(PrecisionAdj(Hour,1).."","%.0","")))
		end
	screen.drawText(36, 3, ":")
		if Minute &lt; 10 then
			screen.drawText(41, 3, "0")
			screen.drawText(46, 3, (string.gsub(PrecisionAdj(Minute,1).."","%.0","")))
		else
			screen.drawText(41, 3, (string.gsub(PrecisionAdj(Minute,1).."","%.0","")))
		end
--EngTemp
	screen.setColor(255, 255, 255, 255)
	screen.drawText(3, 10, "Engine Temp:")
	screen.drawText(63, 10, (string.gsub(PrecisionAdj(EngTemp,1).."","%.0","")))
--Temp
	screen.setColor(255, 255, 255, 255)
	screen.drawText(3, 17, "Temperature:")
	screen.drawText(63, 17, (string.gsub(PrecisionAdj(EngTemp,1).."","%.0","")))
-- Fuel Bar
	screen.setColor(255, 255, 255, 255)
	screen.drawRect((w2/3), 3, (w2/3), 10)
	
	screen.setColor(155, 155, 155, 255)
	screen.drawRectF(((w2/3)+1), 4, (FuelPerc*((w2/3)-1)), 9)
	
	if (FuelPerc*((w2/3)-1)) &gt; 20 then
		screen.setColor(0, 0, 0, 255)
		screen.drawTextBox(((w2/3)+1), 4, (FuelPerc*((w2/3)-1)), 9, "Fuel",0, 0)
	else
		screen.setColor(255, 0, 0, 255)
		screen.drawTextBox(((w2/3)+1), 4, (w2/3), 9, "Fuel",0, 0)
	end

-- FuelNr
	screen.setColor(255, 255, 255, 255)
	screen.drawText((w2/3), 16, "Fuel:")
	screen.drawText(((w2/3)+25), 16, (string.gsub(PrecisionAdj(Fuel,2).."","%.0","")))
-- RPS
	screen.setColor(255, 255, 255, 255)
	screen.drawText((w2/3), 23, "Engine RPS:")
	screen.drawText(((w2/3)+54), 23, (string.gsub(PrecisionAdj(RPS,1).."","%.0","")))
-- Throttle
	screen.setColor(255, 255, 255, 255)
	screen.drawRect((w2/3)+70, 23, (w2/3)-70, 5)
	screen.setColor(100, 100, 100, 255)
	screen.drawRectF(((w2/3)+71), 24, (Throttle*((w2/3)-71)), 4)
-- Speed
	screen.setColor(255, 255, 255, 255)
	screen.drawText((w2/3), 30, "Speed:")
	screen.drawText((w2/3)+29, 30, (string.gsub(PrecisionAdj(Speed,2).."","%.0","")))
--Battery
	screen.setColor(255, 255, 255, 255)
	screen.drawText((w2/3), 37, "Battery Charge:")
	screen.drawText((w2/3)+75, 37, (string.gsub(PrecisionAdj(Battery,4).."","%.0",""))*100)
--Hdg
	screen.setColor(255, 255, 255, 255)
	screen.drawText((w2/3), 44, "Heading:")
	screen.drawText((w2/3)+40, 44, (string.gsub(PrecisionAdj(Heading,2).."","%.0","")))	
-- Touch Button

		if isPressingRectangle1 then
			screen.setColor(255, 0, 0, 255)
			screen.drawRectF((w2-17), 3, 14, 14)
		else
			screen.setColor(255, 255, 255, 255)
			screen.drawRectF((w2-17), 3, 14, 14)
		end
	
	screen.setColor(0, 0, 0, 255)
	screen.drawTextBox((w2-16), 4, 13, 13, "M",0, 0)
	
	
	if isPressingRectangle2 then
		screen.setColor(255, 0, 0, 255)
		screen.drawRectF((w2-17), 25, 14, 14)
	else
		screen.setColor(255, 255, 255, 255)
		screen.drawRectF((w2-17), 25, 14, 14)
	end
	
	screen.setColor(0, 0, 0, 255)
	screen.drawTextBox((w2-16), 26, 13, 13, "R-S",0, 0)
	

end'><pos x="0.75" y="-0.25"/><in1 component_id="60" node_index="0"/><in2 component_id="0" node_index="0"/><out1/><out2/></object></c><c type="2"><object id="30"><pos x="3.75" y="0.75"/><in1 component_id="23" node_index="0"/><in2 component_id="31" node_index="0"/><out1/></object></c><c type="29"><object id="31" i="0"><pos x="2.25" y="0"/><in1 component_id="29" node_index="0"/><out1/></object></c><c type="45"><object id="36" e="(x+1)*25"><pos x="-5.75" y="-0.5"/><in1 component_id="6" node_index="0"/><out1/></object></c><c type="11"><object id="37"><pos x="-4.25" y="-0.5"/><in1 component_id="36" node_index="0"/><out1/><min text="0.1" value="0.1"/><max text="50" value="50"/></object></c><c type="9"><object id="50"><pos x="-4.25" y="-4.5"/><in1 component_id="39" node_index="0"/><in2 component_id="49" node_index="0"/><out1/><out2/></object></c><c type="45"><object id="53" e="x*180"><pos x="-4.25" y="-7.25"/><in1 component_id="52" node_index="0"/><out1/></object></c><c type="29"><object id="58" i="1"><pos x="2.25" y="1.25"/><in1 component_id="4" node_index="0"/><out1/></object></c><c type="53"><object id="59"><pos x="-1" y="0.75"/><in1 component_id="7" node_index="0"/><in2 component_id="0" node_index="0"/><in3 component_id="25" node_index="0"/><out1/></object></c><c type="53"><object id="60"><pos x="-1" y="-0.25"/><in1 component_id="0" node_index="0"/><in2 component_id="7" node_index="0"/><in3 component_id="25" node_index="0"/><out1/></object></c><c type="29"><object id="61" i="1"><pos x="2.25" y="-0.75"/><in1 component_id="29" node_index="0"/><out1/></object></c><c type="2"><object id="62"><pos x="3.75" y="-1.25"/><in1 component_id="58" node_index="0"/><in2 component_id="61" node_index="0"/><out1/></object></c><c type="57"><object id="63"><pos x="6.5" y="-1.5"/><in1 component_id="26" node_index="0"/><in2 component_id="0" node_index="0"/><in3 component_id="62" node_index="0"/><out1/></object></c></components><components_bridge><c type="7"><object id="3"><pos x="9" y="-0.5"/><in1 component_id="26" node_index="0"/><out1/></object></c><c type="2"><object id="6"><pos x="-7.25" y="-0.5"/><in1 component_id="0" node_index="0"/><out1/></object></c><c type="2"><object id="9"><pos x="-4.25" y="-1.25"/><in1 component_id="0" node_index="0"/><out1/></object></c><c type="2"><object id="11"><pos x="-4.25" y="-2"/><in1 component_id="0" node_index="0"/><out1/></object></c><c type="4"><object id="22"><pos x="-4.25" y="0.25"/><in1 component_id="0" node_index="0"/><out1/></object></c><c type="2"><object id="34"><pos x="-4.25" y="-3"/><in1 component_id="0" node_index="0"/><out1/></object></c><c type="2"><object id="35"><pos x="-4.25" y="-3.5"/><in1 component_id="0" node_index="0"/><out1/></object></c><c type="2"><object id="39"><pos x="-5.75" y="-4.25"/><in1 component_id="0" node_index="0"/><out1/></object></c><c type="2"><object id="41"><pos x="-4.25" y="-5.75"/><in1 component_id="0" node_index="0"/><out1/></object></c><c type="2"><object id="43"><pos x="-4.25" y="-5.25"/><in1 component_id="0" node_index="0"/><out1/></object></c><c type="2"><object id="45"><pos x="-4.25" y="-6.25"/><in1 component_id="0" node_index="0"/><out1/></object></c><c type="2"><object id="47"><pos x="-4.25" y="-6.75"/><in1 component_id="0" node_index="0"/><out1/></object></c><c type="2"><object id="49"><pos x="-5.75" y="-4.75"/><in1 component_id="0" node_index="0"/><out1/></object></c><c type="2"><object id="52"><pos x="-5.75" y="-7.25"/><in1 component_id="0" node_index="0"/><out1/></object></c><c type="2"><object id="55"><pos x="-4.25" y="-7.75"/><in1 component_id="0" node_index="0"/><out1/></object></c><c type="2"><object id="57"><pos x="-4.25" y="-8.25"/><in1 component_id="0" node_index="0"/><out1/></object></c></components_bridge><groups/></group></microprocessor_definition><vp x="1" y="1" z="3"/><logic_slots><slot value="0"/><slot value="0"/><slot value="0"/><slot value="0"/><slot value="0"/><slot value="0"/><slot value="0"/><slot value="0"/><slot value="0"/><slot value="0"/><slot value="0"/><slot value="0"/><slot value="0"/><slot value="0"/><slot><value bools="0" 01="0" 02="0" 03="0" 04="0" 05="0" 06="0" 07="0" 08="0" 09="0" 10="0" 11="0" 12="0" 13="0" 14="0" 15="0" 16="0" 17="0" 18="0" 19="0" 20="0" 21="0" 22="0" 23="0" 24="0" 25="0" 26="0" 27="0" 28="0" 29="0" 30="0" 31="0" 32="0"/></slot><slot><value/></slot></logic_slots></o></c></components></body><body unique_id="4"><initial_local_transform 00="1" 01="0" 02="0" 03="0" 10="0" 11="1" 12="0" 13="0" 20="0" 21="0" 22="1" 23="0" 30="0" 31="0" 32="0" 33="1"/><local_transform 00="1" 01="0" 02="0" 03="0" 10="0" 11="1" 12="0" 13="0" 20="0" 21="0" 22="1" 23="0" 30="0" 31="0" 32="0" 33="1"/><components><c d="multibody_velocity_pivot_b" t="1"><o r="1,0,0,0,1,0,0,0,1" bc="FFFFFFFF" ac="FFFFFFFF" sc="5" custom_name="" max_force_scalar="1" gear_ratio="2" input_velocity="1"><vp x="0" y="8" z="0"/><logic_slots><slot value="0"/><slot value="false"/><slot value="false"/><slot value="0"/></logic_slots></o></c><c d="radar" t="0"><o r="1,0,0,0,1,0,0,0,1" bc="FFFFFFFF" ac="FFFFFFFF" sc="9" custom_name="" sensitivity="0.2" timer_scalar_1="0.183" timer_scalar_2="0.183" lss_mode="0" func_type="0" property_text="" radar_fov="0.1" radar_rotation="0"><vp x="0" y="9" z="0"/><logic_slots><slot value="false"/><slot value="false"/><slot value="0"/><slot value="0"/><slot value="0"/><slot value="false"/><slot value="false"/><slot value="0"/><slot value="0"/><slot value="0"/><slot value="0"/><slot><value bools="0" 01="0" 02="0" 03="0" 04="0" 05="0" 06="0" 07="0" 08="0" 09="0" 10="0" 11="0" 12="0" 13="0" 14="0" 15="0" 16="0" 17="0" 18="0" 19="0" 20="0" 21="0" 22="0" 23="0" 24="0" 25="0" 26="0" 27="0" 28="0" 29="0" 30="0" 31="0" 32="0"/></slot><slot><value/></slot><slot><value/></slot></logic_slots><property_output_float_val text="0" value="0"/><min_threshold text="0" value="0"/><max_threshold text="0" value="0"/><pid_controller_ki text="1" value="1"/><pid_controller_kp text="1" value="1"/><pid_controller_kd text="1" value="1"/><exp text="2" value="2"/><min_lever_value text="-1" value="-1"/><max_lever_value text="1" value="1"/><starting_lever_value text="0" value="0"/></o></c><c d="01_block" t="0"><o r="1,0,0,0,0,1,0,-1,0" bc="FFFFFFFF" ac="FFFFFFFF" sc="6"><vp x="0" y="8" z="1"/></o></c></components></body></bodies><logic_node_links><logic_node_link type="0"><voxel_pos_0 x="0" y="1" z="-1"/><voxel_pos_1 x="-4" y="1" z="1"/></logic_node_link><logic_node_link type="4"><voxel_pos_0 x="4" y="2" z="-4"/><voxel_pos_1 x="4" y="2" z="-1"/></logic_node_link><logic_node_link type="4"><voxel_pos_0 x="4" y="2" z="-1"/><voxel_pos_1 x="1" y="1" z="-1"/></logic_node_link><logic_node_link type="1"><voxel_pos_0 x="4" y="2" z="-5"/><voxel_pos_1 x="3" y="1" z="-4"/></logic_node_link><logic_node_link type="4"><voxel_pos_0 x="4" y="2" z="-4"/><voxel_pos_1 x="3" y="1" z="-4"/></logic_node_link><logic_node_link type="1"><voxel_pos_0 x="1" y="1" z="-1"/><voxel_pos_1 x="0" y="7" z="0"/></logic_node_link><logic_node_link type="4"><voxel_pos_0 x="0" y="7" z="0"/><voxel_pos_1 x="0" y="9" z="0"/></logic_node_link><logic_node_link type="0"><voxel_pos_0 x="0" y="1" z="-1"/><voxel_pos_1 x="-5" y="1" z="2"/></logic_node_link><logic_node_link type="4"><voxel_pos_0 x="-4" y="1" z="1"/><voxel_pos_1 x="-5" y="1" z="2"/></logic_node_link><logic_node_link type="4"><voxel_pos_0 x="1" y="1" z="-1"/><voxel_pos_1 x="-4" y="1" z="-2"/></logic_node_link><logic_node_link type="4"><voxel_pos_0 x="-4" y="1" z="-2"/><voxel_pos_1 x="-4" y="1" z="1"/></logic_node_link><logic_node_link type="4"><voxel_pos_0 x="1" y="1" z="-1"/><voxel_pos_1 x="0" y="7" z="0"/></logic_node_link><logic_node_link type="1"><voxel_pos_0 x="-1" y="9" z="0"/><voxel_pos_1 x="-5" y="1" z="-5"/></logic_node_link><logic_node_link type="6"><voxel_pos_0 x="-4" y="1" z="-5"/><voxel_pos_1 x="-4" y="1" z="1"/></logic_node_link><logic_node_link type="1"><voxel_pos_0 x="1" y="7" z="0"/><voxel_pos_1 x="-5" y="1" z="-4"/></logic_node_link><logic_node_link type="0"><voxel_pos_0 x="0" y="9" z="0"/><voxel_pos_1 x="-4" y="1" z="-4"/></logic_node_link><logic_node_link type="6"><voxel_pos_0 x="-4" y="1" z="-5"/><voxel_pos_1 x="-5" y="1" z="2"/></logic_node_link><logic_node_link type="1"><voxel_pos_0 x="-4" y="1" z="-2"/><voxel_pos_1 x="-5" y="1" z="-3"/></logic_node_link></logic_node_links></vehicle>